Filtered Flow (ml/min)
359.596
318.975
318.975
301.346
287.32
277.483
278.296
296.486
330.04
361.915
392.197
410.635
413.111
400.983
380.578
359.812
340.085
321.344
303.992
291.202
283.521
314.218
314.218
343.857
372.014
398.763
411.128
407.141
391.682
370.223
348.493
327.849
309.582
294.103
282.824
280.681
294.822
325.454
382.199
382.199
408.684
408.684
399.631
380.729
359.458
339.251
320.054
302.313
288.544
279.657
283.615
304.189
337.369
368.89
398.835
413.197
413.197
399.924
377.997
356.422
335.925
317.198
301.338
288.86
284.439
294.543
322.317
349.986
376.271
401.242
410.119
386.458
386.458
364.786
344.198
324.639
306.54
291.888
281.466
282.356
299.304
333.75
366.474
397.561
415.486
417.245
406.32
384.482
363.086
342.76
306.869
306.869
292.876
286.12
292.09
316.388
346.792
403.114
403.114
412.128
412.128
395.953
373.62
352.403
332.247
313.354
297.686
286.046
284.231
328.151
328.151
357.51
385.401
407.359
412.303
404.379
384.081
362.578
342.151
322.745
305.81
290.519
282.254
285.008
305.648
337.79
368.325
397.333
411.459
397.372
397.372
374.522
352.815
332.194
313.339
297.052
284.395
280.299
289.362
317.111
344.05
369.642
393.954
397.53
397.53
379.352
357.753
337.234
317.741
300.765
285.727
276.7
276.685
293.556
328.184
361.081
392.333
410.531
413.268
380.329
380.329
359.134
338.999
319.871
302.849
289.023
283.202
288.376
313.27
344.145
373.476
401.341
412.628
410.309
393.611
371.191
329.657
329.657
295.605
295.605
284.736
282.043
294.886
326.345
356.231
384.623
405.907
411.567
403.549
382.629
361.298
341.033
321.782
289.157
289.157
281.59
283.182
304.214
337.515
369.15
413.462
413.462
413.908
399.401
376.934
355.59
335.313
316.969
299.694
287.505
282.538
291.372
319.989
347.246
373.141
397.741
406.892
402.28
383.301
361.921
341.609
304.927
304.927
289.035
280.238
278.904
296.175
329.324
360.817
390.734
407.955
411.716
399.907
378.462
358.09
338.435
319.762
302.434
289.261
282.623
287.739
312.731
369.095
369.095
395.182
407.322
405.405
388.749
367.428
347.174
327.932
309.996
293.396
283.648
279.872
293.213
323.536
352.343
379.71
400.554
407.604
399.175
379.216
339.072
339.072
320.184
302.874
288.509
280.793
282.442
303.955
336.625
367.662
397.146
411.752
412.595
397.765
376.787
356.458
336.905
318.329
300.923
289.355
283.009
292.376
319.498
345.265
369.743
392.937
402.977
397.497
379.213
338.537
338.537
319.373
301.86
277.812
277.812
276.361
294.177
326.667
357.533
386.855
404.811
409.036
397.208
377.064
356.699
336.4
317.115
299.748
287.519
279.753
285.806
309.826
338.947
392.896
392.896
405.753
402.968
386.372
365.275
344.682
325.119
307.085
290.651
280.11
275.765
289.602
319.447
347.801
374.736
396.236
403.442
395.092
376.229
355.7
335.002
315.339
297.854
284.962
279.344
279.344
300.724
333.602
364.835
394.508
410.519
410.828
396.915
375.982
355.353
335.755
317.138
300.058
288.449
282.09
292.122
318.596
372.297
372.297
397.152
407.566
401.687
384.412
363.621
342.762
322.946
305.229
290.97
280.783
280.213
296.728
329.966
361.543
391.54
414.283
414.283
403.502
383.252
362.153
342.108
323.066
305.355
292.318
284.246
290.17
313.619
344.181
373.215
400.798
412.252
409.606
394.207
372.822
351.175
312.405
312.405
296.785
285.342
282.331
294.98
324.98
353.479
380.554
402.165
409.144
400.47
381.509
359.952
339.473
320.018
302.469
279.87
279.87
282.54
302.558
335.489
396.494
396.494
413.142
412.976
399.883
357.259
357.259
337.343
318.809
289.894
289.894
284.247
293.497
348.517
348.517
375.408
400.955
410.813
405.478
388.223
366.322
345.515
325.749
307.244
292.55
281.417
281.752
297.937
331.321
363.035
413.194
413.194
415.045
404.483
383.044
361.897
341.808
322.723
306.587
292.706
285.508
291.049
314.882
346.974
377.461
406.424
419.032
400.056
400.056
377.492
356.056
335.691
316.373
300.555
288.349
285.594
297.224
327.597
356.452
383.863
406.671
412.71
405.467
364.452
364.452
344.165
324.893
307.578
292.715
283.68
285.851
305.504
339.382
371.567
402.143
417.517
417.518
404.284
381.432
359.723
339.1
303.13
303.13
289.546
285.011
293.039
320.25
348.934
376.183
402.07
411.11
406.961
389.065
367.085
346.204
326.367
308.974
293.525
282.548
282.548
298.315
332.071
364.139
394.605
413.325
416.279
406.135
384.326
362.73
342.213
322.723
305.675
290.99
284.435
288.849
312.387
343.98
373.993
402.505
414.029
396.355
396.355
373.552
351.89
331.31
313.421
296.873
285.747
282.686
294.455
324.926
353.874
381.374
403.492
409.801
403.068
382.915
361.368
340.899
321.454
288.909
288.909
281.117
282.229
302.31
336.506
368.992
414.573
414.573
415.593
401.77
379.347
358.045
337.808
319.484
302.248
289.466
284.315
292.058
319.49
347.173
373.473
398.457
403.873
403.873
385.297
363.702
323.697
323.697
306.091
289.964
280.961
278.899
295.17
328.04
359.267
388.933
407.089
411.898
401.195
379.776
359.35
339.581
320.801
303.324
289.463
282.677
286.764
341.707
341.707
371.012
398.853
411.054
409.755
393.272
371.55
350.913
331.308
313.115
295.9
285.648
281.442
293.788
323.879
352.466
379.623
400.92
408.385
400.828
380.787
340.22
340.22
321.264
303.626
288.445
280.344
281.085
301.576
335.262
367.264
397.666
412.321
413.883
400.138
379.082
358.774
338.729
302.348
302.348
290.644
284.243
292.206
319.26
346.414
372.21
396.716
407.299
402.559
384.775
364.067
343.695
324.342
306.655
290.887
279.948
279.948
296.693
328.557
358.828
387.585
406.01
411.068
399.816
379.825
359.565
339.25
319.95
302.683
289.878
281.867
310.31
310.31
340.603
369.382
396.723
410.306
408.685
392.615
371.482
351.224
331.979
313.697
297.033
286.232
281.132
293.955
322.803
350.209
397.808
397.808
405.766
398.132
379.726
359.507
339.085
319.685
302.468
289.041
279.803
281.531
301.522
334.436
365.704
395.408
411.952
400.095
400.095
379.065
358.276
319.763
319.763
302.167
290.034
283.168
292.577
318.514
346.354
372.803
397.928
409.209
404.014
386.878
366.236
345.085
324.992
307.444
282.288
282.288
280.944
297.041
328.519
358.424
386.833
406.04
410.518
399.809
380.042
358.442
337.921
318.426
300.464
287.774
279.145
284.438
307.195
367.083
367.083
394.801
408.998
406.816
391.911
370.663
349.573
329.538
311.409
295.839
284.236
280.554
292.855
321.976
349.64
375.921
398.723
406.723
399.156
380.928
359.706
339.494
320.292
302.102
288.312
278.526
280.901
299.926
333.183
364.777
394.792
412.728
412.728
400.087
378.411
357.705
338.035
319.349
302.857
289.812
283.496
291.902
317.617
346.328
373.604
410.142
410.142
405.221
388.297
366.738
346.007
326.312
307.853
293.039
281.735
281.313
296.38
328.862
389.035
389.035
409.369
412.878
403.195
382.719
361.626
341.588
322.552
305.431
291.259
283.071
287.831
309.955
341.583
371.63
400.175
413.541
411.374
396.491
374.298
353.054
332.872
313.86
298.167
285.688
282.72
293.711
323.054
350.929
377.41
401.123
408.227
401.625
382.656
361.264
340.94
321.633
304.41
289.685
280.334
281.944
300.441
367.086
367.086
397.93
414.234
414.848
402.421
379.796
358.261
337.803
318.367
302.449
288.729
283.564
290.783
316.939
346.49
374.563
401.233
411.077
389.955
389.955
368.013
347.168
327.365
309.664
294.18
283.564
282.338
296.811
329.694
360.932
390.609
409.814
413.187
404.175
382.699
360.848
340.089
320.368
303.453
282.062
282.062
286.026
308.663
340.856
371.44
400.494
413.243
412.275
396.781
374.19
352.727
332.338
314.209
297.782
285.696
282.062
292.595
322.598
351.1
378.178
407.559
407.559
401.568
381.963
360.111
339.35
319.628
302.722
287.056
278.926
279.467
298.694
333.494
366.555
397.962
415.146
415.146
402.193
379.871
358.666
338.52
319.829
302.076
288.761
283.107
289.599
316.513
345.057
372.173
397.934
408.055
404.875
386.886
365.105
344.413
324.756
307.39
291.086
281.324
278.905
294.106
326.585
357.441
386.754
405.549
400.512
400.512
379.618
359.07
339.469
303.239
303.239
289.125
282.166
285.276
308.538
340.02
369.927
398.34
411.412
411.106
395.326
353.206
353.206
333.712
315.21
298.188
287.32
282.655
293.646
323.094
351.071
377.648
399.8
407.683
400.937
381.368
360.65
340.84
322.02
304.269
289.056
280.702
300.151
300.151
333.87
365.902
396.333
412.128
414.564
401.027
379.856
359.564
339.515
320.469
303.146
290.864
284.154
291.313
317.258
371.085
371.085
395.997
406.894
403.102
385.407
364.542
344.399
325.263
307.405
291.453
281.775
278.506
294.288
355.387
355.387
383.665
402.711
408.327
397.984
377.98
357.727
337.493
318.27
301.003
287.976
279.821
283.599
306.295
336.508
365.211
392.478
406.775
405.651
390.07
369.156
348.697
329.261
310.797
294.133
283.41
278.126
289.895
317.937
344.577
369.884
392.95
402.111
395.132
376.78
356.442
335.816
316.221
298.911
285.149
277.11
277.11
296.158
329.803
361.767
392.132
409.594
411.778
398.69
378.241
357.275
337.356
318.434
300.812
288.776
281.333
289.461
314.769
342.911
369.646
395.045
407.179
403.048
365.633
365.633
344.549
324.519
291.551
291.551
280.941
278.812
294.038
325.018
354.449
382.409
402.907
408.419
398.375
378.973
358.055
338.183
319.304
301.381
288.392
279.428
283.838
305.033
336.189
393.906
393.906
408.88
407.33
392.977
371.718
350.869
331.062
312.899
296.956
280.283
280.283
291.763
319.818
346.47
395.301
395.301
404.089
396.88
379.27
358.001
337.464
317.953
299.75
286.177
276.415
278.116
330.366
330.366
362.451
411.119
411.119
412.522
400.663
358.991
358.991
339.444
320.875
304.093
291.015
291.524
291.524
316.19
372.683
372.683
398.829
410.346
406.064
389.826
368.244
347.279
327.362
308.903
293.932
282.574
281.285
295.644
327.113
357.008
385.408
406.66
411.28
402.027
381.926
360.91
340.946
321.98
304.87
290.912
282.121
286.46
307.658
340.168
371.053
400.393
414.794
398.847
398.847
376.574
355.088
334.675
315.611
286.904
286.904
293.406
293.406
321.82
348.879
374.584
399.005
406.793
400.744
382.432
361.1
340.835
321.583
304.175
289.406
279.526
280.668
298.119
365.51
365.51
396.7
414.115
415.398
403.862
381.704
360.235
339.839
320.463
303.929
290.05
284.277
290.859
315.89
345.711
374.041
400.954
411.638
408.253
391.483
369.388
348.398
310.622
310.622
295.09
283.809
282.036
295.527
327.617
358.103
387.065
407.479
403.449
403.449
382.491
360.722
340.041
320.395
303.787
281.138
281.138
284.352
305.942
338.652
369.726
399.247
412.691
412.249
397.606
374.948
353.424
332.976
314.512
297.939
285.584
281.788
291.201
320.134
347.621
373.733
397.441
399.903
399.903
380.876
359.115
338.442
318.802
301.796
286.211
277.647
277.654
295.632
329.983
362.617
393.62
410.378
412.688
400.811
378.701
357.695
337.741
302.142
302.142
288.598
288.507
288.507
314.179
343.282
370.929
397.194
407.884
405.605
388.448
366.497
345.644
325.834
308.406
291.883
281.929
279.558
293.61
325.313
355.431
384.043
403.686
409.105
400.291
379.296
358.385
338.52
319.649
301.798
287.236
280.132
282.54
304.938
368.158
368.158
397.418
410.916
396.021
396.021
374.391
353.843
334.322
315.841
298.937
287.393
282.191
292.2
321.08
348.517
374.581
397.279
405.767
400.051
381.132
359.948
339.822
320.703
302.735
287.279
279.01
278.152
297.213
330.672
362.458
392.655
409.21
412.771
400.19
379.038
358.685
338.631
319.58
289.593
289.593
282.858
289.152
314.611
343.35
370.653
396.591
408.196
405.284
388.026
366.719
346.445
327.183
308.919
292.548
282.766
279.015
293.7
324.593
353.941
401.649
401.649
408.31
399.009
379.059
358.86
338.491
319.14
301.937
288.443
280.204
283.141
305.261
337.248
367.637
396.505
410.931
410.991
395.921
374.928
354.353
334.806
316.237
299.006
287.997
281.872
292.489
320.111
346.352
371.281
404.089
404.089
397.804
379.407
359.184
338.706
319.252
302.037
287.648
278.462
278.218
296.807
329.887
361.313
391.167
408.681
411.608
399.079
378.925
358
338.121
319.235
301.342
289.096
281.391
288.332
341.578
341.578
368.785
407.444
407.444
403.976
387.61
366.857
345.926
326.042
308.367
292.949
282.373
279.256
293.872
324.082
352.783
380.048
400.611
406.908
397.337
378.314
337.07
337.07
317.784
299.867
286.945
277.996
281.991
303.107
334.717
364.747
393.276
409.001
408.403
394.484
373.242
333.441
333.441
315.251
286.907
286.907
281.218
291.804
318.879
345.866
371.504
395.859
405.434
399.016
381.709
360.652
339.972
320.326
302.338
288.341
278.166
278.986
296.483
329.828
391.599
391.599
410.382
412.626
401.094
380.274
359.487
339.739
320.979
303.822
290.517
282.84
289.63
313.298
343.156
371.521
398.468
410.717
406.933
391.201
369.731
348.461
328.254
294.434
294.434
282.777
280.757
294.075
324.661
353.718
381.322
403.288
408.868
400.304
380.86
359.76
339.716
320.673
303.272
289.235
280.071
283.644
303.923
336.311
367.079
396.308
411.465
410.476
397.001
375.057
353.703
333.416
298.919
298.919
286.185
281.656
291.149
318.52
346.28
397.707
397.707
406.308
400.775
383.117
361.603
341.166
321.75
303.825
288.897
278.613
279.281
296.031
330.299
393.781
393.781
412.221
414.13
403.483
381.644
360.309
340.04
320.785
304.386
290.254
283.737
289.391
313.315
343.877
372.911
400.493
412.128
409.423
393.281
370.986
349.806
311.276
311.276
295.712
283.992
281.824
294.479
325.738
355.434
383.646
405.407
410.835
403.215
383.054
361.357
340.745
321.164
304.313
289.097
281.273
283.652
304.022
337.236
368.789
398.765
413.068
413.098
399.226
376.502
354.914
334.405
315.645
298.964
286.144
281.761
290.347
318.525
346.03
372.159
396.982
405.34
400.774
382.393
360.523
339.746
320.008
303.027
287.285
278.081
277.552
294.519
328.533
360.845
391.542
408.98
400.714
400.714
378.695
357.768
337.887
319
301.917
287.819
281.776
286.709
311.266
341.603
370.423
397.802
408.859
407.051
390.442
368.326
347.317
327.357
309.857
293.251
282.576
292.107
292.107
323.264
352.864
380.983
401.502
407.391
399.887
379.478
358.603
338.772
319.932
302.404
287.284
281.598
281.598
302.486
335.569
366.998
396.855
410.916
397.267
397.267
375.548
354.915
316.982
316.982
299.852
287.955
282.771
291.484
319.288
345.979
371.337
395.426
404.28
381.27
381.27
360.172
340.129
321.088
303.617
287.566
278.936
277.359
294.724
328.545
391.199
391.199
408.528
412.532
400.842
379.755
359.254
339.153
320.057
302.54
289.324
282.28
287.406
312.092
341.847
370.114
408.932
408.932
406.871
390.174
368.922
348.733
329.554
311.408
294.379
284.159
279.766
293.261
323.387
352.007
379.196
399.743
407.109
398.584
378.958
358.537
338.135
318.754
301.343
287.414
279.225
281.189
302.542
335.132
366.092
395.505
410.412
411.193
396.528
375.773
355.163
335.584
316.984
299.468
288.056
281.74
291.291
344.665
344.665
369.671
393.426
403.753
398.389
380.365
359.981
339.517
320.077
302.707
287.571
278.195
277.041
294.778
326.926
357.466
386.479
404.777
408.797
397.143
377.286
356.65
336.388
317.139
299.51
287.165
279.053
285.024
308.898
338.491
366.604
393.311
406.811
404.254
388.286
367.332
346.711
309.226
309.226
293.765
282.895
292.21
292.21
321.696
349.707
376.318
405.341
405.341
396.681
378.082
337.012
337.012
317.608
299.986
286.687
277.566
280.512
300.975
364.219
364.219
393.49
409.793
410.086
396.508
375.421
355.094
335.783
317.437
300.641
288.55
282.116
291.803
317.811
344.856
370.548
394.956
399.808
399.808
382.788
361.904
341.051
321.24
303.434
289.26
278.699
278.474
295.254
327.859
358.834
388.261
407.659
410.883
399.919
379.924
359.108
339.332
320.546
303.237
289.968
281.745
287.91
310.688
340.874
369.55
396.793
409.851
407.101
391.997
370.555
349.16
328.835
310.551
295.024
283.203
293.041
293.041
322.823
351.117
377.996
400.93
407.508
399.617
380.735
359.632
339.585
320.54
302.765
288.872
279.444
282.495
302.022
335.146
366.614
396.509
413.007
412.858
400.042
378.135
336.798
336.798
318.052
301.825
283.414
283.414
292.109
318.639
347.278
374.484
400.33
409.979
404.721
387.397
365.524
344.746
325.006
306.656
291.323
280.548
280.627
296.337
329.641
361.28
391.337
410.892
413.637
403.509
382.175
361.013
321.812
321.812
305.158
290.991
283.658
288.669
311.899
343.199
372.933
401.181
413.599
411.282
395.842
373.331
351.945
331.629
312.919
296.953
284.742
294.134
294.134
324.738
353.811
381.431
404.085
410.268
403.3
383.562
362.099
341.709
322.338
305.299
290.034
281.401
283.376
336.679
336.679
368.911
399.531
415.309
415.309
402.26
379.397
357.678
337.044
317.896
301.367
287.987
283.373
291.128
318.488
346.922
373.933
399.594
408.786
404.985
386.993
365.055
324.414
324.414
307.135
291.192
281.22
280.088
295.781
329.323
361.187
391.458
410.215
413.693
403.53
381.652
360.21
339.84
320.488
303.606
288.974
282.473
286.602
310.246
341.563
371.313
399.576
410.287
410.287
394.018
371.565
350.235
329.971
312.216
295.359
284.269
280.934
292.549
322.52
350.991
378.04
399.815
406.711
399.671
379.687
358.307
318.702
318.702
301.433
286.361
278.586
278.963
299.129
333.121
365.414
396.093
411.009
412.618
398.969
376.98
356.09
336.245
317.587
300.349
288.055
282.429
290.155
317.309
344.846
371.005
395.857
405.587
401.594
383.306
361.965
341.691
322.431
304.849
288.714
279.645
293.945
293.945
326.433
357.297
404.694
404.694
409.542
398.772
377.814
357.504
337.573
318.639
301.288
287.756
280.693
284.722
308.513
338.929
367.825
395.276
407.868
406.937
390.781
369.386
349.061
329.752
294.538
294.538
284.18
279.4
291.672
321.298
349.442
376.18
397.819
405.749
398.095
378.47
358.132
337.79
318.465
301.128
278.187
278.187
279.012
299.379
333.126
365.186
395.643
413.163
413.163
399.155
378.336
357.932
338.14
319.338
301.884
290.183
283.242
291.564
317.678
344.839
370.642
395.154
405.85
401.29
383.638
363.198
342.619
323.069
305.657
280.613
280.613
278.348
295.061
326.748
356.851
385.448
404.208
409.315
398.405
378.485
358.008
337.668
318.346
300.876
288.004
280.129
285.109
308.321
367.42
367.42
394.772
408.595
406.735
391.156
369.938
330.601
330.601
312.41
296.021
284.931
279.964
292.641
321.399
348.72
374.674
396.645
404.939
396.952
378.47
357.854
337.061
317.308
299.75
286.262
279.006
279.006
298.763
331.93
363.438
393.371
410.407
411.453
398.342
377.601
356.959
337.35
318.721
301.564
289.449
282.402
291.295
344.43
344.43
370.669
395.595
406.97
402.104
385.29
364.328
342.914
322.571
304.746
290.334
279.821
278.727
294.734
326.007
383.939
383.939
404.151
408.49
398.291
378.377
357.721
337.969
319.205
301.508
288.368
279.817
307.266
307.266
338.281
367.745
395.736
410.069
407.965
393.317
371.882
350.561
330.305
312.021
296.42
284.533
280.744
292.552
321.42
348.845
374.899
398.231
398.473
398.473
380.149
359.016
338.941
319.869
301.825
287.771
277.934
280.387
299.252
333.146
365.345
395.935
413.139
413.88
401.775
379.871
358.925
339.026
320.122
303.799
290.594
284.353
292.387
318.239
347.258
374.826
401.015
411.65
407.276
390.627
368.501
347.481
327.513
308.935
293.489
282.209
281.71
329.37
329.37
360.438
389.952
410.454
414.081
404.814
383.981
362.882
342.838
323.796
306.96
292.586
284.518
288.761
310.663
342.374
372.498
401.117
414.59
412.91
398.018
375.532
333.878
333.878
314.875
298.82
283.189
283.189
294.096
323.555
351.542
378.13
401.731
408.731
402.591
383.351
361.772
341.272
321.796
304.625
289.394
280.117
281.329
299.565
334.335
367.367
398.747
415.334
404.182
404.182
381.609
360.121
339.708
320.316
303.485
289.757
284.546
291.609
318.045
347.273
375.039
401.418
410.94
407.293
389.823
367.716
346.714
326.762
309.345
293.27
282.77
281.224
295.791
328.519
359.612
389.15
408.553
412.825
403.644
382.265
360.71
340.233
320.78
303.741
288.554
285.166
285.166
307.817
339.723
370.034
398.829
411.622
410.991
395.697
373.049
351.533
331.094
313.173
296.321
284.592
280.834
291.364
321.334
349.805
376.853
399.581
406.799
400.867
381.325
339.259
339.259
319.79
302.482
278.834
278.834
278.985
297.999
332.365
365.014
396.03
411.667
413.716
400.829
378.795
337.978
337.978
319.402
302.099
289.118
283.403
289.847
316.291
371.855
371.855
397.571
404.552
404.552
386.735
365.089
324.99
324.99
307.328
290.666
281.255
278.528
293.586
325.334
355.494
384.146
403.295
408.702
398.954
377.924
357.513
337.653
318.785
301.331
287.427
280.277
283.443
306.504
337.978
367.878
396.283
409.479
409.338
393.723
372.502
352.341
333.027
314.677
297.53
286.739
281.611
292.767
321.793
349.367
375.562
397.726
406.168
379.967
379.967
359.44
339.236
320.041
302.51
287.385
279.064
279.071
298.43
332.05
363.989
394.331
410.489
412.97
399.67
378.739
358.219
338.113
301.478
301.478
289.558
289.99
289.99
315.632
343.246
394.403
394.403
405.87
402.29
384.862
364.075
343.49
323.935
306.194
290.479
280.772
277.659
293.497
324.651
354.247
382.364
401.902
407.726
397.451
377.84
337.042
337.042
317.527
300.288
279.236
279.236
283.056
305.543
366.033
366.033
394.029
408.633
407.737
392.53
371.452
351.246
313.813
313.813
296.978
285.872
280.157
291.781
319.886
346.585
371.95
394.823
403.917
396.877
378.864
358.456
337.762
318.104
300.734
286.939
277.393
278.267
297.097
330.921
363.054
393.58
411.226
413.12
400.506
379.95
359.092
339.276
320.452
302.953
290.554
282.98
290.888
315.68
343.949
396.315
396.315
408.271
387.262
387.262
366.313
344.801
324.364
306.561
291.712
280.859
278.849
293.648
324.528
353.865
381.734
402.491
407.71
398.162
379.078
357.916
337.812
318.713
300.775
287.522
278.581
283.14
304.769
336.158
365.977
394.306
409.291
407.927
393.937
372.545
331.325
331.325
313.064
297.411
285.373
280.636
319.668
319.668
346.286
371.573
395.596
404.377
397.794
380.109
358.839
338.543
319.262
301.034
286.951
277.022
278.735
296.704
330.817
363.224
394.012
412.014
413.254
401.558
380.233
359.294
320.504
320.504
303.906
290.463
283.256
290.404
314.936
344.401
372.392
398.984
410.459
406.387
389.937
368.197
347.242
327.334
308.725
293.289
281.677
280.399
294.276
326.006
356.15
384.786
406.08
410.643
401.944
381.847
360.713
340.637
321.564
304.396
290.037
281.607
285.391
306.515
338.831
369.532
413.146
413.146
411.933
398.095
375.695
354.204
333.787
314.602
298.872
285.927
282.152
292.399
321.027
348.3
374.209
398.823
406.676
401.193
382.979
361.54
341.174
321.826
304.633
289.401
279.822
297.91
297.91
332.799
365.944
397.432
414.732
416.329
405.124
382.764
361.089
320.935
320.935
304.168
290.157
290.462
290.462
315.612
345.805
374.488
401.737
412.357
392.436
392.436
370.098
348.876
328.716
311.011
294.869
283.886
281.917
295.348
327.517
358.078
387.111
407.707
412.506
403.966
382.803
360.961
340.211
320.498
303.325
288.158
280.804
283.506
305.205
338.367
369.872
399.801
413.182
413.182
398.353
375.673
354.128
333.66
315.552
286.294
286.294
281.989
291.392
320.172
347.514
373.488
397.358
405.435
400.381
381.433
359.72
339.093
319.498
302.235
286.552
278.089
277.724
295.782
329.985
362.477
393.344
409.727
412.886
400.887
378.635
337.413
337.413
318.829
301.27
287.765
281.882
287.462
313.114
342.557
370.527
397.099
408.117
405.871
388.815
367.133
346.535
326.967
309.287
292.652
282.729
293.45
293.45
324.926
354.828
383.235
403.1
409.118
400.451
379.758
359.081
320.187
320.187
302.488
288.01
280.633
282.835
305.109
367.81
367.81
396.829
410.716
411.339
396.219
374.768
354.389
334.843
316.274
287.876
287.876
282.249
292.3
320.578
347.443
372.965
396.18
405.402
399.386
380.552
359.875
339.891
320.906
303.212
288.051
279.48
278.518
297.116
330.273
361.772
391.696
408.655
411.977
399.463
378.849
358.467
319.179
319.179
301.78
289.213
282.175
288.402
313.311
341.917
369.093
394.91
406.924
403.921
387.033
365.851
345.436
326.042
307.91
291.738
281.712
277.923
292.687
323.407
352.59
380.314
400.71
407.359
397.957
378.38
358.192
337.793
318.414
301.224
287.823
279.426
282.469
304.235
335.868
365.919
394.467
409.708
395.133
395.133
374.191
334.078
334.078
315.513
298.463
280.825
280.825
291.624
318.867
344.92
369.671
393.184
403.242
397.188
379.368
358.854
338.176
318.531
301.059
286.861
277.349
277.243
294.82
327.667
358.872
388.517
406.781
410.06
398.192
378.176
357.029
336.939
317.853
299.891
287.73
279.95
310.952
310.952
340.201
394.386
394.386
407.613
404.138
367.153
367.153
345.99
325.885
308.041
292.639
281.632
292.537
292.537
322.836
351.62
378.964
400.496
406.703
397.955
378.618
357.407
318.068
318.068
299.884
286.618
277.515
281.565
302.038
334.012
364.388
393.244
409.232
408.536
394.833
373.501
352.754
333.044
314.801
299.061
286.803
281.203
291.417
345.777
345.777
371.572
396.078
405.965
399.979
382.687
361.421
340.867
321.34
303.141
278.227
278.227
279.165
296.289
329.882
361.796
392.113
413.217
413.217
402.115
381.24
360.513
340.822
322.116
305.139
291.56
283.952
290.532
314.191
344.026
372.369
399.295
411.376
407.978
392.331
370.447
349.188
328.992
310.276
294.762
282.992
293.976
293.976
324.539
353.574
381.157
403.393
408.838
400.666
381.106
359.936
339.825
303.572
303.572
289.417
280.552
283.513
303.799
336.663
367.885
397.545
412.777
412.037
398.935
376.666
355.051
334.517
315.469
299.695
286.591
282.27
291.419
318.88
373.466
373.466
398.729
407.324
402.633
384.592
363.057
342.599
323.163
305.585
290.57
281.184
281.184
297.723
332.025
364.611
395.569
413.923
416.212
405.296
383.193
361.461
340.814
321.2
304.376
290.047
283.634
289.076
313.153
344.039
401.255
401.255
412.594
410.163
394.026
371.665
350.421
330.24
312.025
295.763
284.241
294.285
294.285
325.668
355.483
383.807
405.252
410.487
402.951
382.804
360.973
340.233
320.53
303.645
288.463
280.504
282.546
303.146
336.654
368.486
398.727
413.119
413.589
399.686
377.013
355.474
335.012
316.384
299.49
286.672
282.252
290.72
345.871
345.871
371.923
396.672
405.364
401.128
382.593
360.61
339.727
319.888
302.791
286.858
277.804
277.027
293.967
327.854
360.047
390.63
408.339
411.68
400.53
378.703
357.965
338.264
319.549
302.132
288.119
281.647
286.308
311.074
341.552
370.507
398.014
407.936
407.936
391.328
369.31
348.393
328.522
310.701
293.961
280.055
280.055
292.595
323.267
352.406
380.087
400.606
407.262
399.478
379.077
358.331
319.9
319.9
302.225
287.113
280.979
280.979
302.091
335.179
366.612
396.473
410.923
412.018
397.559
375.905
355.334
335.66
316.97
299.952
288.118
282.22
318.525
318.525
345.15
370.443
394.472
404.238
399.259
380.772
359.768
339.815
320.859
302.917
287.275
278.508
276.679
294.419
327.251
358.442
388.073
405.573
410.178
398.62
377.826
337.556
337.556
318.409
301.265
288.314
281.133
286.218
310.728
340.547
395.787
395.787
408.298
389.742
389.742
368.557
348.249
328.957
310.63
293.889
283.823
279.373
292.748
322.637
351.032
398.732
398.732
406.302
398.019
378.6
358.394
337.839
318.312
287.317
287.317
278.88
280.658
301.415
333.991
364.937
394.336
409.899
410.901
396.594
375.759
354.991
335.261
298.988
298.988
287.61
280.832
290.401
317.135
343.937
369.399
393.588
404.357
398.819
381.17
360.775
339.942
320.151
302.807
288.159
278.386
277.312
294.562
326.686
357.204
386.197
405.007
409.129
397.624
377.743
356.683
336.675
317.668
299.693
287.175
278.925
285.219
308.715
338.58
366.951
393.904
407.632
404.975
389.308
347.422
347.422
327.603
309.663
294.18
283.277
279.216
292.438
349.845
349.845
376.414
398.629
406.121
397.599
379.31
358.385
338.059
300.852
300.852
287.243
277.713
280.52
300.701
333.337
364.341
393.796
410.696
411.058
397.945
376.573
356.112
336.673
318.206
301.694
289.278
282.886
292.307
318.609
346.407
372.816
397.904
408.421
402.756
385.823
364.625
343.563
323.553
305.469
290.881
280.234
280.106
296.217
328.941
360.028
389.561
409.447
413.008
402.563
382.233
361.346
341.504
322.653
292.058
292.058
283.929
289.667
312.405
342.894
371.859
399.376
412.592
409.844
394.792
373.104
351.586
331.145
312.639
297.121
284.901
282.037
323.914
323.914
352.124
378.924
401.964
408.465
401.063
382.074
360.796
340.582
321.378
303.743
289.363
279.964
282.478
301.824
335.268
397.223
397.223
413.44
413.319
400.833
378.464
357.168
336.936
317.762
301.469
288.107
282.91
291.249
317.966
346.694
373.987
399.915
408.733
387.11
387.11
344.245
344.245
324.406
306.484
291.16
280.531
280.272
295.634
329.285
361.254
391.624
411.271
414.35
382.939
382.939
361.337
340.815
321.319
304.526
289.914
282.907
287.752
310.97
342.746
372.933
401.611
414.101
396.653
396.653
374.159
352.79
332.49
314.018
297.899
285.818
283.013
294.263
324.921
354.046
381.715
404.433
410.65
404.308
384.395
362.603
341.902
322.235
305.268
290.004
281.562
282.927
302.333
336.72
369.387
400.42
415.637
416.215
403.049
380.223
358.538
337.937
319.079
288.753
288.753
283.807
291.287
318.358
346.652
373.532
399.067
408.301
404.674
364.247
364.247
343.099
323.008
305.669
289.561
280.16
278.669
294.274
327.6
359.26
389.338
407.967
411.947
401.908
380.215
359.095
339.031
319.971
302.491
288.139
281.454
285.38
309.093
340.677
370.682
399.187
411.326
410.362
394.27
372.145
351.125
331.156
313.22
296.242
285.058
281.157
292.722
322.804
351.382
378.531
400.212
407.157
400.414
380.393
339.024
339.024
319.877
287.149
287.149
279.416
280.202
334.539
334.539
366.985
397.809
412.978
414.481
401.051
379.072
358.192
338.189
319.186
301.927
289.709
283.82
291.267
318.159
345.255
370.995
395.449
405.606
383.898
383.898
362.549
342.267
322.998
305.196
289.157
280.126
277.466
293.699
325.896
356.484
385.543
404.008
409.178
398.504
378.025
357.896
337.733
318.578
301.421
287.944
280.48
284.597
308.185
338.63
367.553
395.03
406.964
406.964
391.07
369.815
349.583
330.362
312.102
295.115
284.728
279.678
292.121
349.011
349.011
375.342
396.998
405.299
397.797
378.447
358.182
337.645
318.134
300.884
286.792
278.25
279.115
299.439
332.698
364.294
394.31
410.153
412.118
398.492
377.847
357.008
337.211
318.404
300.543
288.816
281.837
290.132
316.042
343.155
368.912
393.381
404.62
382.887
382.887
362.284
341.481
321.718
304.173
288.964
276.922
276.922
293.304
324.765
354.652
383.046
402.534
407.717
397.006
377.528
356.711
336.429
317.161
299.362
286.651
283.358
283.358
305.858
336.295
365.211
392.68
407.076
405.422
390.264
369.283
348.956
329.646
311.696
295.512
284.303
279.717
292.231
320.785
347.911
373.681
396.312
404.569
396.907
357.953
357.953
337.371
317.817
300.089
286.506
276.979
298.415
298.415
332.008
363.921
394.238
411.646
412.656
399.789
378.742
358.195
338.676
320.133
303.054
290.468
283.389
291.862
317.243
345.331
372.014
397.363
408.716
403.963
387.382
366.123
344.966
324.867
306.733
292.067
281.016
279.9
327.124
327.124
357.483
386.325
406.653
410.842
400.95
381.145
360.199
340.301
321.397
303.674
290.203
281.606
286.848
308.813
339.985
369.599
397.732
412.011
410.043
395.779
373.952
331.513
331.513
312.899
297.254
284.875
281.216
292.868
321.92
349.519
375.737
399.62
407.223
400.485
382.39
360.977
321.31
321.31
303.614
289.205
281.753
281.753
300.27
334.311
366.649
397.371
414.887
415.604
403.58
381.351
360.148
340.006
320.955
304.581
290.931
284.744
292.263
346.453
346.453
374.42
400.988
411.318
407.284
390.526
368.533
347.639
327.79
309.319
293.853
282.733
281.749
296.502
329.472
360.793
390.547
410.971
414.688
384.575
384.575
363.073
342.647
323.242
306.38
291.863
284.063
287.858
309.724
341.955
372.575
401.664
415.15
413.757
398.987
376.369
354.882
334.469
315.621
299.357
286.703
283.347
323.334
323.334
351.416
401.828
401.828
408.905
403.107
383.898
361.989
341.175
321.402
304.286
289.02
280.431
281.246
299.631
334.591
367.803
415.714
415.714
417.108
404.878
360.231
360.231
339.567
320.215
303.284
284.429
284.429
290.91
317.176
375.179
375.179
402.024
412.024
409.15
391.631
369.196
347.884
327.637
310.031
293.698
283.462
281.463
295.849
328.703
359.914
389.564
413.94
413.94
404.728
383.454
362.02
341.657
322.312
304.997
290.337
283.35
286.178
308.885
341.22
371.938
401.12
414.085
413.653
398.099
354.222
354.222
333.915
315.946
298.973
287.515
283.314
293.774
323.311
351.372
378.029
408.761
408.761
402.773
383.145
361.567
341.068
321.594
304.123
288.437
280.249
279.927
299.171
333.426
365.968
396.883
412.939
415.449
402.609
380.806
340.197
340.197
321.296
303.815
290.996
284.714
291.081
316.97
345.494
372.592
398.335
406.146
406.146
388.374
346.492
346.492
327.108
309.012
292.526
283.15
280.031
295.109
326.831
356.967
385.596
404.945
410.743
400.941
380.163
359.702
339.456
320.223
302.758
288.853
281.234
307.016
307.016
338.698
368.796
397.389
411.137
411.05
395.426
374.175
353.895
334.581
316.232
298.85
288.062
282.581
293.63
322.328
349.59
375.49
397.885
406.896
400.222
381.332
360.959
340.498
321.059
303.7
288.515
279.555
279.409
298.635
331.995
363.687
393.795
410.65
413.387
400.454
379.865
339.077
339.077
319.961
302.291
290.232
282.902
290.186
315.486
343.672
370.448
395.886
407.831
404.175
387.172
366.433
345.653
325.911
292.824
292.824
282.609
279.524
326.057
326.057
355.53
383.529
403.596
409.558
399.528
359.601
359.601
339.094
302.182
302.182
289.159
280.474
284.57
306.598
337.842
367.524
395.721
410.499
409.731
394.859
373.705
353.394
334.098
315.768
299.088
287.552
281.762
292.982
320.715
347.06
372.089
395.305
404.67
397.789
379.951
359.11
338.311
318.552
300.781
287.153
277.584
278.523
297.032
330.536
362.365
392.603
413.12
413.12
400.831
380.215
359.482
339.785
321.073
303.538
290.973
283.166
290.634
343.847
343.847
371.27
397.321
409.415
405.374
389.272
368.051
346.632
326.283
308.212
293.37
282.182
280.185
294.601
325.561
354.972
382.913
404.098
409.413
400.294
380.81
359.655
339.558
320.466
302.696
289.155
280.347
284.647
305.792
337.626
367.869
396.599
411.607
410.243
396.279
374.676
353.285
332.963
314.525
298.799
286.407
292.395
292.395
320.355
347.392
397.477
397.477
406.225
399.888
382.134
360.626
340.194
320.783
302.647
288.221
278.042
297.302
297.302
331.721
395.48
395.48
413.604
415.082
382.328
382.328
361.169
341.069
321.973
305.377
291.598
284.82
291.493
316.053
345.907
374.269
401.213
412.612
409.185
393.117
370.836
349.669
329.56
310.799
295.259
283.831
282.398
296.109
328.051
358.396
387.224
408.741
413.533
405.292
363.57
363.57
343.184
323.818
306.807
292.115
283.933
286.942
307.995
340.889
372.138
401.825
416.124
415.145
401.096
378.273
356.591
335.994
316.801
300.479
287.505
283.504
321.503
321.503
348.907
374.942
399.674
407.814
402.681
384.214
362.602
342.071
322.566
305.271
290.007
280.502
280.624
332.92
332.92
366.138
397.695
415.194
417.102
405.891
383.24
361.545
340.934
321.354
304.42
290.348
284.28
290.015
314.968
345.367
374.247
401.682
412.521
410.102
370.497
370.497
348.985
328.549
294.321
294.321
283.689
281.582
294.397
326.798
357.578
386.819
407.609
413.458
405.164
384.026
362.256
341.574
304.506
304.506
289.281
282.192
284.122
305.503
338.751
370.336
400.343
413.675
414.124
400.042
377.218
355.535
334.936
316.782
299.597
287.468
282.87
292.007
320.899
348.346
374.421
398.541
406.957
401.955
382.812
340.625
340.625
321.101
303.646
288.463
279.898
279.014
297.03
331.161
363.586
394.389
411.377
414.77
402.857
381.112
360.454
321.962
321.962
304.483
290.828
289.763
289.763
315.305
345.426
374.04
401.224
412.743
410.515
393.289
371.5
350.801
331.137
313.254
296.354
286.193
296.281
296.281
327.302
356.772
384.769
404.864
411.291
402.28
381.7
361.122
340.931
321.75
289.797
289.797
281.957
284.077
305.982
338.533
369.457
398.834
413.134
413.654
398.608
377.31
356.979
337.406
318.812
290.028
290.028
284.07
293.954
348.914
348.914
374.351
397.922
407.59
401.744
383.013
362.332
342.026
322.736
305.068
289.815
280.785
279.821
298.238
331.165
362.445
392.161
409.476
413.136
400.797
380.206
359.601
339.255
319.926
302.334
289.859
282.263
288.482
313.259
342.357
370.001
396.262
408.834
405.967
389.434
368.377
347.829
328.309
310.309
294.278
283.983
280.139
294.59
324.905
381.064
381.064
402.013
408.912
399.752
380.532
359.9
339.306
319.741
302.149
288.749
279.96
282.878
304.086
336.244
366.795
411.439
411.439
411.463
397.37
376.366
355.897
336.451
317.977
300.89
289.208
282.797
293.264
346.828
346.828
372.053
396.017
406.238
400.027
382.311
361.569
340.387
320.263
302.623
288.405
278.462
278.317
296.255
329.517
361.115
391.134
409.793
401.144
401.144
380.75
359.886
340.065
321.236
303.395
282.678
282.678
289.488
313.182
342.842
371.018
397.786
410.919
407.336
391.712
370.622
348.938
328.337
310.416
294.895
283.603
280.599
294.384
324.688
353.476
402.704
402.704
408.989
381.392
381.392
360.126
339.924
320.733
302.594
288.942
279.572
283.187
303.829
336.447
367.435
396.873
412.463
412.463
399.084
377.2
356.289
336.424
317.673
301.789
289.134
283.467
293.385
320.322
348.36
374.995
400.299
409.919
404.128
386.602
364.956
344.391
324.855
306.339
291.505
281.757
281.757
298.354
332.302
364.552
395.189
414
416.507
405.816
384.55
363.212
342.941
323.684
306.68
292.884
285.424
291.298
314.616
344.937
401.108
401.108
413.388
410.505
394.994
372.653
351.428
331.266
312.299
296.684
284.831
282.466
295.237
326.365
355.937
384.03
406.445
412.243
404.576
384.973
343.459
343.459
324.246
307.079
292.298
283.281
285.756
305.698
339.042
370.719
400.813
415.78
415.78
402.618
379.931
358.379
337.904
318.605
302.368
288.901
284.473
293.259
321.008
349.347
376.269
401.845
410.869
388.091
388.091
366.237
345.475
325.752
308.029
292.627
282.424
282.226
298.549
332.893
365.52
396.516
414.989
417.621
407.201
385.208
363.387
322.964
322.964
306.025
291.544
285.144
289.962
313.874
345.107
374.778
402.966
414.566
412.553
396.388
373.667
352.082
331.576
313.574
297.021
285.693
283.059
295.039
326.221
355.844
383.985
405.789
411.718
384.186
384.186
362.201
341.316
321.475
304.307
289.092
281.305
282.807
303.392
337.502
369.906
400.69
415.328
415.973
402.254
379.523
357.929
337.414
318.785
301.551
288.721
283.878
320.004
320.004
347.762
374.133
399.185
408.309
404.157
363.539
363.539
342.695
305.485
305.485
289.223
280.129
278.631
295.441
328.992
360.865
391.145
408.96
412.947
402.06
359.395
359.395
339.648
320.967
303.247
289.5
282.922
287.367
312.023
342.788
372.015
399.78
411.811
410.482
393.851
371.89
351.027
331.207
313.164
296.05
285.685
281.786
294.426
325.086
354.212
381.883
403.002
410.002
402.152
382.045
361.224
341.269
322.312
304.478
289.254
281.387
282.556
303.548
368.649
368.649
398.78
413.591
414.975
400.653
379.183
358.786
338.734
319.684
302.263
290.441
284.22
292.869
319.906
346.842
372.432
396.743
406.864
402.135
383.988
363.284
343.073
323.872
306.175
290.866
281.584
279.423
296.804
329.139
359.857
389.039
407.13
411.689
379.565
379.565
359.105
338.856
319.62
302.157
289.33
281.813
286.808
310.739
340.71
369.182
396.231
409.476
407.607
391.246
370.013
349.678
330.359
295.718
295.718
285.111
280.438
293.963
323.705
351.96
378.802
400.161
407.891
399.476
380.525
360.088
339.336
319.622
302.23
288.552
279.501
281.471
302.145
335.04
366.291
395.98
412.196
413.223
399.285
378.436
357.643
337.89
319.124
301.513
289.68
282.773
292.128
318.59
345.847
371.742
396.342
402.027
402.027
384.767
363.873
322.453
322.453
304.674
290.04
279.927
278.882
295.761
328.044
358.713
387.849
406.965
411.281
400.222
380.211
338.706
338.706
319.496
301.565
288.784
280.614
286.655
309.812
340.081
368.837
396.155
410.263
407.62
392.356
371.216
350.028
329.9
311.883
296.289
285.003
280.987
293.69
350.547
350.547
376.862
399.593
407.212
399.08
380.904
359.57
320.049
320.049
301.784
288.284
278.652
281.356
301.032
334.214
365.736
395.682
412.668
412.853
400.096
378.496
357.786
338.111
319.419
302.67
289.881
283.458
292.333
318.5
346.674
398.865
398.865
409.517
404.372
387.502
365.831
344.981
325.173
306.618
292.097
281.104
280.918
296.785
329.453
360.487
389.97
409.864
413.144
403.06
382.518
361.416
341.369
322.325
291.286
291.286
283.243
288.403
310.993
342.116
371.682
399.771
413.166
410.944
396.016
373.894
352.408
331.996
313.075
297.421
285.155
282.186
323.966
323.966
379.441
379.441
402.914
409.705
402.652
383.728
362.101
341.556
322.038
304.745
289.984
280.829
282.934
301.82
335.805
368.09
398.762
415.172
415.551
403.306
380.774
359.269
338.839
319.53
303.161
289.797
284.648
292.551
348
348
375.711
402.036
411.573
407.296
389.626
367.619
346.713
326.851
308.993
293.544
283.169
282.491
297.33
330.862
362.718
392.98
416.044
416.044
406.542
385.013
363.026
342.137
322.293
305.267
290.613
283.743
287.942
310.934
342.914
373.295
402.157
414.882
413.216
397.593
374.68
332.234
332.234
313.8
297.434
285.37
282.153
293.301
323.484
352.158
379.398
401.89
408.48
402.496
382.751
360.868
340.079
320.33
303.207
287.7
279.536
280.536
299.957
334.722
367.748
399.123
414.59
415.895
402.887
380.182
358.612
338.121
319.481
302.273
288.956
283.784
290.958
318.071
347.261
374.992
401.336
410.831
407.504
367.407
367.407
346.391
308.948
308.948
292.642
283.162
296.677
296.677
329.454
360.593
390.175
408.69
412.597
402.48
380.957
359.8
339.701
320.607
302.804
288.575
282.031
285.462
309.111
340.589
370.493
398.902
411.708
411.095
395.185
373.391
352.686
333.017
314.782
297.621
282.324
282.324
323.386
323.386
351.617
378.437
400.438
408.234
401.306
381.439
360.53
340.667
321.797
303.899
288.704
280.543
280.746
300.898
367.547
367.547
398.393
413.791
415.778
401.993
380.398
359.883
339.913
320.941
303.644
291.292
284.82
292.272
318.682
346.342
372.619
397.583
408.253
404.389
386.604
365.331
345.114
325.908
307.67
282.412
282.412
279.533
295.747
327.693
358.041
386.872
405.4
410.81
400.406
380.233
359.871
339.034
319.238
301.926
288.644
280.735
284.856
308.395
339.038
368.148
395.803
409.383
408.525
392.778
371.383
350.859
331.361
312.838
295.999
285.218
280.154
292.355
348.749
348.749
374.849
397.157
405.994
398.697
379.956
359.681
338.991
319.337
302.093
278.808
278.808
279.68
299.646
365.235
365.235
395.592
412.38
400.869
400.869
380.111
359.093
339.126
320.158
302.263
290.351
283.187
291.402
317.16
345.02
371.487
396.631
403.902
403.902
386.881
366.14
345.05
325.015
307.368
291.999
281.604
279.562
295.467
326.82
356.605
404.94
404.94
410.25
399.899
359.362
359.362
339.103
319.856
301.723
288.735
280.046
285.162
307.268
338.185
367.556
395.459
410.151
408.542
393.764
372.487
351.691
331.936
313.75
297.734
286.086
281.158
293.172
321.651
348.706
374.409
397.788
406.177
398.855
380.896
359.782
339.33
319.9
301.836
278.136
278.136
280.125
332.638
332.638
364.569
394.904
412.548
413.841
401.6
380.479
359.726
340.01
321.28
304.322
291.344
284.302
292.385
317.53
346.271
399.513
399.513
406.21
406.21
389.803
368.305
347.098
326.952
308.596
293.814
282.579
281.554
296.383
328.169
358.365
387.051
407.907
412.232
382.955
382.955
361.765
341.635
322.511
305.042
291.104
282.454
287.052
308.835
340.718
371.007
399.781
413.902
412.21
397.878
375.621
353.874
333.214
314.19
298.48
285.888
282.118
293.065
322.029
349.545
375.685
400.004
407.802
401.358
383.073
361.769
341.53
322.304
304.672
290.157
280.477
300.217
300.217
334.857
367.765
399.027
416.315
417.085
405.302
382.765
361.278
321.475
321.475
304.852
290.972
284.999
292.009
317.493
347.522
376.05
403.151
413.926
410.232
393.348
371.078
349.922
329.823
311.481
295.794
284.525
283.306
297.528
330.32
361.472
391.066
411.548
415.744
406.996
385.814
343.045
343.045
323.251
306.292
291.672
284.232
287.7
309.657
342.403
373.513
403.067
416.625
415.199
400.411
377.266
355.278
334.389
315.795
299.463
287.181
283.533
323.405
323.405
351.608
402.373
402.373
409.838
404.364
385.085
362.974
341.968
322.013
304.957
289.709
280.99
281.462
299.918
335.174
368.666
400.484
417.084
419.027
406.886
384.12
362.492
341.946
305.577
305.577
291.765
286.086
292.333
318.52
348.075
376.153
402.827
413.148
410.527
393.059
370.566
349.198
328.898
311.253
294.656
284.528
282.193
296.668
329.078
359.867
408.892
408.892
414.01
404.809
383.31
362.169
323.006
323.006
305.478
290.608
283.278
286.13
308.798
341.053
371.695
400.806
414.213
414.213
398.865
376.654
335.506
335.506
317.038
299.834
288.425
283.551
322.848
322.848
350.583
376.931
407.75
407.75
401.804
382.369
361.4
341.478
322.553
304.72
289.484
281.158
299.459
299.459
333.064
364.988
395.316
411.602
414.569
401.92
380.369
359.896
339.795
320.7
303.301
290.495
283.822
290.239
316.159
344.99
372.38
398.4
409.586
406.438
388.951
367.567
347.253
327.955
309.695
293.329
283.626
280.199
295.321
326.593
356.302
384.525
404.217
410.26
400.225
379.921
359.609
339.18
302.468
302.468
288.759
280.84
283.894
306.549
338.457
368.769
397.566
411.694
411.516
396.333
375.35
354.767
335.213
316.637
299.313
288.177
282.311
293.358
321.825
348.868
374.559
397.461
406.766
381.619
381.619
361.191
340.464
320.773
303.388
288.798
279.644
279.579
298.706
332.053
363.733
393.829
411.186
414.086
401.378
380.832
359.81
339.827
320.844
302.821
290.583
282.954
290.434
315.564
344.202
371.408
397.254
409.876
406.289
389.619
368.76
347.721
327.734
309.969
294.471
284.044
280.899
295.966
326.716
355.928
383.68
410.593
410.593
400.987
381.607
360.628
340.233
320.859
302.916
289.873
281.137
306.568
306.568
338.584
368.999
413.401
413.401
412.585
398.005
376.714
356.129
336.574
318.354
301.76
289.875
284.167
295.158
322.71
349.171
374.309
398.189
407.673
401.086
362.565
362.565
341.646
321.772
304.008
290.083
280.802
280.802
298.851
332.642
395.242
395.242
413.609
415.679
403.901
382.837
361.896
342.003
323.104
305.805
292.653
284.908
292.105
316.349
345.776
373.732
400.29
412.49
408.45
392.522
370.814
349.411
329.078
310.542
295.015
283.515
281.446
295.561
326.497
355.886
383.806
405.665
410.871
401.899
382.488
361.166
340.911
321.668
304.198
290.53
281.702
285.59
305.622
337.779
368.328
397.349
412.577
411.499
375.862
375.862
354.158
314.761
314.761
299.023
286.355
281.767
291.846
319.793
347.444
373.712
398.666
407.448
401.84
384.027
362.565
322.808
322.808
304.954
290.21
279.96
281.135
298.38
333.012
365.912
397.167
415.468
417.235
406.409
384.619
363.158
342.769
323.4
306.738
292.668
286.119
292.363
317.215
347.435
376.144
403.417
414.97
411.812
395.227
372.811
351.515
331.285
312.582
285.378
285.378
283.575
297.001
328.669
358.753
387.333
409.071
414.107
406.19
385.88
343.445
343.445
323.805
306.874
291.968
283.712
286.511
307.471
341.397
373.626
404.244
417.984
417.534
403.384
380.438
358.639
337.93
318.926
289.148
289.148
285.058
294.214
322.846
350.241
400.992
400.992
409.112
404.144
385.609
363.651
342.791
322.974
305.829
290.13
280.723
280.609
297.985
332.901
366.072
397.584
415.015
406.353
406.353
383.84
362.452
342.134
322.874
305.696
291.558
285.492
290.926
315.926
346.362
375.277
402.746
413.802
411.738
394.858
372.209
350.692
330.252
312.55
285.272
285.272
282.369
295.35
327.068
357.2
385.826
406.639
412.489
404.518
383.628
362.177
341.798
322.439
304.854
289.611
282.113
284.104
305.652
338.761
370.215
413.955
413.955
414.229
399.981
377.486
356.116
335.815
299.536
299.536
286.958
290.853
290.853
319.464
346.644
396.773
396.773
405.861
400.794
382.069
360.527
340.062
320.62
302.763
286.974
278.544
277.35
295.487
328.842
360.529
390.632
407.723
411.481
399.632
378.013
357.475
337.555
318.631
301.331
288.099
281.501
286.922
312.169
369.927
369.927
396.659
408.457
406.395
389.566
368.314
328.943
328.943
310.825
293.991
283.997
280.127
293.966
324.758
354.01
381.8
402.109
409.046
400.402
380.381
360.082
339.489
319.926
302.649
288.39
280.341
282.385
304.157
336.754
367.721
397.14
411.874
412.99
398.057
376.898
356.024
335.964
316.907
299.032
281.673
281.673
291.559
319.09
345.718
371.015
395.047
405.228
399.786
382.006
361.614
341.224
321.854
304.469
289.882
281.131
280.028
330.403
330.403
361.098
390.259
408.265
412.038
400.057
380.055
359.362
339.134
319.916
302.231
289.779
288.115
288.115
312.286
341.784
396.428
396.428
409.484
406.672
390.516
369.565
348.868
329.206
311.321
295.755
285.068
280.824
294.829
324.565
352.813
379.649
400.942
408.164
399.364
380.429
339.018
339.018
319.427
301.689
288.188
279.156
282.287
303.302
335.709
366.495
411.404
411.404
411.75
397.675
376.256
355.676
336.124
317.551
300.291
288.438
282.006
291.897
318.773
345.967
371.802
396.344
406.721
401.024
383.678
362.806
341.813
321.871
304.089
289.773
279.442
279.422
296.718
329.498
360.639
390.224
409.306
412.564
401.397
381.327
360.411
340.541
321.665
304.167
291.157
282.914
289.296
312.859
342.898
371.434
398.544
411.564
408.368
392.873
371.144
349.723
329.372
310.818
283.673
283.673
280.588
293.641
323.894
352.634
379.938
402.464
409.071
400.895
381.952
360.584
340.284
320.999
289.237
289.237
280.05
283.234
303.346
336.419
367.838
397.686
414.116
413.681
400.654
378.734
357.376
337.086
318.344
302.427
289.241
283.819
293.119
320.243
375.45
375.45
401.001
410.358
405.233
387.944
365.968
345.092
325.259
306.888
291.971
281.204
281.702
297.986
331.826
363.975
394.515
413.832
416.346
405.986
384.597
363.048
342.575
323.127
306.389
292.192
284.558
290.256
313.654
344.803
374.395
414.78
414.78
412.331
396.877
374.213
352.682
332.228
313.49
297.816
285.55
283.295
295.535
326.467
355.852
383.768
406.443
412.361
405.193
385.511
363.838
343.248
323.688
291.368
291.368
282.81
284.943
304.79
338.666
370.848
401.42
416.799
416.88
380.643
380.643
358.747
337.944
318.712
302.267
289.069
284.247
292.372
319.881
348.565
375.815
401.703
410.666
406.396
388.279
366.256
345.335
325.459
308.088
292.123
282.053
281.358
297.477
331.312
363.456
393.992
412.482
405.153
405.153
383.167
361.602
341.115
321.653
304.711
290.274
283.867
288.231
312.211
343.518
373.259
401.514
413.279
411.907
395.667
373.031
351.525
331.096
313.22
296.323
285.188
281.837
293.822
324.661
353.958
403.516
403.516
409.959
402.734
382.597
361.064
340.608
321.175
288.616
288.616
280.951
282.168
302.611
336.549
368.791
399.42
413.938
415.258
401.537
379.124
357.832
337.604
319.113
301.741
289.028
283.692
291.75
319.379
346.837
372.922
397.702
407.167
403.085
384.807
363.231
342.735
323.263
305.79
289.584
278.607
278.607
294.993
327.648
358.67
388.142
406.253
410.881
400.059
378.87
338.639
338.639
319.719
302.362
288.539
281.745
286.135
310.44
341.404
370.819
398.764
411.342
410.116
393.789
372.16
351.612
332.091
313.946
296.763
286.235
281.612
294.116
324.269
352.914
380.127
401.43
408.958
401.08
381.196
360.704
340.356
321.025
303.542
280.48
280.48
281.375
302.012
335.336
366.994
397.069
412.362
413.909
399.789
378.795
358.228
338.236
319.243
301.654
289.966
283.326
292.035
318.936
345.914
371.542
395.889
406.527
401.782
383.846
363.273
342.658
323.074
305.54
290.263
280.868
278.955
296.309
328.388
358.863
387.814
406.233
411.114
400.08
379.837
359.248
338.888
319.545
301.972
289.348
286.62
286.62
310.139
340.158
395.769
395.769
409.338
407.648
391.805
370.624
350.131
330.664
312.539
296.272
280.556
280.556
293.55
322.781
350.551
376.932
398.999
407.419
399.254
380.604
360.044
339.289
319.571
302.063
288.264
279.193
281.112
301.321
334.369
365.764
395.589
412.242
413.374
399.743
378.922
337.992
337.992
319.048
301.931
289.857
282.845
291.894
345.489
345.489
371.642
407.518
407.518
402.307
385.288
364.533
343.229
322.99
290.708
290.708
280.118
279.094
295.541
327.466
357.796
386.608
406.653
410.985
380.797
380.797
359.862
339.975
303.216
303.216
290.043
281.59
287.217
309.778
340.502
369.689
397.417
411.507
408.968
394.091
372.564
351.127
330.761
312.4
296.78
284.871
281.165
293.547
322.453
349.915
376.003
399.212
406.664
399.48
381.208
359.833
320.235
320.235
287.926
287.926
278.237
281.06
300.396
334.161
366.238
396.711
414.103
414.752
402.332
380.445
339.803
339.803
321.042
304.511
291.314
284.936
293.511
319.445
348.48
376.063
402.267
412.868
408.208
391.192
369.331
348.562
328.833
310.105
283.421
283.421
283.109
298.432
331.349
362.62
392.328
412.676
416.335
406.868
385.959
364.725
344.553
325.39
308.301
294.062
286.009
313.176
313.176
345.791
376.775
406.21
419.617
417.681
402.619
379.863
358.244
337.706
318.31
302.223
289.599
286.393
297.668
327.84
356.503
407.498
407.498
414.292
407.5
366.355
366.355
345.667
326.013
308.665
293.231
284.008
285.698
304.801
339.405
372.279
403.509
420.001
420.135
407.632
384.414
362.357
341.402
304.638
304.638
290.775
285.553
293.056
319.783
349.348
377.434
404.116
414.013
410.407
392.91
370.586
349.378
329.23
311.436
295.158
284.463
283.334
298.098
331.512
363.256
393.412
412.877
416.521
406.894
385.365
363.423
342.578
322.776
305.814
291.083
284.001
287.495
342.512
342.512
372.986
401.937
414.617
413.78
398.423
375.631
353.978
333.408
315.344
298.409
286.51
282.96
293.789
323.567
351.857
378.732
401.34
408.574
402.811
383.002
361.31
340.703
321.126
303.878
288.684
280.528
280.951
300.306
335.203
399.85
399.85
415.607
417.587
404.567
382.066
360.69
340.383
304.331
304.331
291.144
285.217
292.079
318.709
347.184
374.235
399.933
410.118
406.93
389.11
367.316
346.611
309.351
309.351
292.659
283.09
280.669
296.288
328.855
359.794
389.187
407.922
412.93
403.099
381.974
361.271
341.333
322.392
304.668
290.455
283.428
286.662
341.678
341.678
371.695
400.211
413.329
413.051
397.076
375.455
354.915
335.403
316.904
299.552
288.518
283.581
294.481
324.012
352.065
378.717
408.951
408.951
402.223
382.652
361.983
341.782
322.591
304.925
289.679
281.281
281.42
301.293
334.876
397.088
397.088
412.994
415.676
402.108
381.007
360.522
321.163
321.163
303.67
291.341
291.838
291.838
317.776
345.783
372.389
397.664
408.904
405.024
387.301
366.257
345.593
307.986
307.986
291.966
282.284
279.326
295.175
326.417
356.098
384.294
403.675
409.49
399.144
379.187
358.71
338.319
318.947
301.482
288.411
280.365
284.326
307.073
338.133
367.641
395.674
410.027
409.213
393.69
372.436
351.945
313.984
313.984
297.127
286.041
280.453
292.693
321.415
348.702
374.624
397.249
406.108
380.574
380.574
360.056
339.113
319.218
301.768
287.772
278.471
279.425
298.922
332.847
365.076
395.694
412.958
415.039
401.861
381.295
360.3
321.407
321.407
303.639
291.245
291.655
291.655
316.993
345.685
372.943
398.838
410.802
406.537
389.905
368.792
347.456
327.188
309.211
293.75
282.973
280.743
296.185
327.239
384.766
384.766
405.336
410.834
400.993
381.595
360.174
339.824
320.491
302.373
289.065
280.291
285.116
307.153
337.615
366.553
394.044
409.264
407.855
393.469
372.056
351.035
331.066
312.773
297.134
285.127
280.595
292.168
320.459
347.336
372.869
396.86
405.415
398.667
380.675
359.313
339.02
319.742
301.465
287.499
277.556
298.043
298.043
332.252
364.75
395.623
413.645
415.039
403.227
381.742
360.887
341.075
322.254
305.476
292.153
284.991
292.399
317.327
346.717
374.638
401.163
408.571
408.571
392.314
370.282
349.215
329.201
310.326
295.195
283.611
282.437
296.761
328.581
358.81
387.528
408.781
413.255
404.393
384.349
363.168
343.046
323.93
306.76
292.423
283.895
287.883
309.232
341.343
371.848
400.828
415.352
413.963
400.055
377.603
356.063
335.599
316.371
300.552
287.518
283.643
293.926
322.829
350.287
376.372
400.948
408.854
403.062
384.515
363.068
342.694
323.338
305.951
290.653
280.879
281.905
299.535
334.276
367.279
398.632
415.913
417.134
405.787
383.22
361.426
340.721
321.052
304.494
290.381
284.606
291.107
316.497
346.541
375.082
402.197
412.695
409.669
392.82
370.439
349.176
328.977
310.936
294.815
281.873
281.873
295.49
328.104
359.087
388.52
409.327
413.955
405.621
384.651
362.59
341.633
321.723
304.731
289.494
282.085
284.9
306.832
339.814
400.912
400.912
414.412
414.003
399.231
376.381
354.674
334.052
315.718
298.835
286.352
282.439
292.093
321.469
349.377
375.889
407.832
407.832
402.69
383.639
340.681
340.681
320.799
303.531
287.855
279.319
279.287
297.714
332.346
365.246
396.501
413.303
415.802
403.75
381.513
360.388
340.32
321.653
304.043
290.226
284.338
316.464
316.464
346.114
374.28
401.039
411.76
409.432
392.009
370.107
349.299
329.533
311.724
294.875
284.856
281.643
295.683
327.686
358.089
386.973
406.621
412.361
403.308
382.332
361.391
322.597
322.597
304.648
289.917
282.489
284.715
307.209
339.853
370.865
400.327
414.136
399.647
399.647
377.685
356.822
337.002
318.431
301.087
289.607
284.259
294.497
322.698
349.489
374.94
398.116
401.306
401.306
382.339
361.316
341.345
322.372
304.399
289.179
280.692
279.877
298.758
364.273
364.273
394.595
411.434
414.686
402.218
380.965
360.587
340.308
321.043
303.661
284.182
284.182
290.632
316.044
344.91
372.333
398.384
410.122
407.183
390.298
368.947
348.508
329.091
310.8
294.328
284.4
280.427
295.067
325.929
355.248
383.101
403.14
409.993
400.583
380.554
360.057
319.91
319.91
302.445
288.805
280.486
283.255
305.199
337.139
396.308
396.308
410.958
410.953
375.183
375.183
354.407
334.669
315.919
298.651
287.483
281.367
292.207
319.993
346.388
371.464
394.924
404.766
398.612
380.678
360.247
339.58
319.948
302.553
278.73
278.73
278.57
297.102
330.077
361.404
391.165
408.842
411.927
399.706
379.721
358.608
338.551
319.497
301.676
289.272
281.53
288.635
312.946
342.034
369.668
408.821
408.821
405.05
367.94
367.94
346.833
326.782
308.879
293.435
282.611
279.519
293.993
324.449
353.381
380.867
402.169
408.571
399.417
380.473
359.249
319.723
319.723
301.536
288.226
279.084
283.014
304.118
336.216
366.71
395.678
411.753
411.078
397.364
375.977
355.215
335.49
300.841
300.841
288.735
282.982
293.675
321.054
348.1
373.794
398.203
407.656
401.426
383.818
362.455
341.54
321.672
303.416
289.231
279.175
280.152
297.45
331.038
362.947
393.26
412.265
414.731
403.401
382.524
361.513
341.554
305.496
305.496
292.009
284.51
291.226
315.176
345.322
373.961
401.169
413.672
409.897
394.252
372.408
351.015
330.692
312.026
296.425
284.617
282.447
296.021
326.901
356.238
384.108
411.886
411.886
403.618
383.968
362.741
342.575
323.418
305.79
291.608
282.704
286.138
306.539
339.292
370.408
399.968
415.294
414.19
400.705
378.411
356.592
335.863
316.811
300.971
287.891
283.415
292.943
320.746
348.915
401.098
401.098
404.506
404.506
386.661
365.011
344.444
307.102
307.102
291.747
281.619
282.209
298.834
333.453
366.341
397.585
416.073
418.158
407.645
385.405
363.637
323.314
323.314
306.589
292.209
285.54
291.252
315.521
346.528
375.983
403.966
415.523
412.773
396.609
374.051
352.621
332.263
313.883
297.828
286.176
283.922
296.41
328.236
358.472
387.195
414.292
414.292
406.72
386.384
364.248
343.219
323.241
306.184
290.875
282.835
284.996
305.759
339.586
371.72
402.249
416.813
416.814
402.869
379.807
357.899
337.086
318.518
301.412
288.347
283.967
292.529
320.786
348.421
374.674
399.614
408.422
404.101
385.49
363.302
342.224
322.199
305.032
289.233
280.222
279.333
296.436
330.816
363.478
394.506
412.165
415.278
404.232
382.089
360.971
340.908
321.848
304.617
290.469
289.299
289.299
314.118
344.874
374.091
401.848
413.338
411.692
394.837
372.629
351.531
331.488
313.497
296.491
285.932
282.589
295.442
326.585
356.171
384.278
405.199
411.519
403.555
382.941
361.924
341.957
322.989
305.151
282.241
282.241
283.773
338.323
338.323
369.809
399.721
414.119
415.439
400.934
378.919
358.005
338.137
319.367
290.045
290.045
284.46
320.996
320.996
347.621
372.915
396.944
406.527
401.753
362.145
362.145
342.189
323.231
305.285
289.438
280.475
278.744
296.317
329.006
389.563
389.563
406.875
411.184
399.479
378.598
358.419
338.188
318.968
301.771
288.777
281.575
286.863
311.498
341.027
369.079
395.729
408.104
406.298
389.785
368.301
347.892
328.504
310.099
293.456
283.418
278.955
292.682
322.727
351.27
378.385
399.435
407.061
398.566
378.862
358.487
338.075
318.684
301.318
287.511
279.041
281.113
302.318
334.98
366.009
395.487
410.997
411.771
397.428
376.6
355.997
336.258
317.505
299.857
288.371
281.902
318.56
318.56
345.21
370.528
394.58
405.262
399.882
382.104
361.666
340.815
321.007
303.624
288.443
278.995
295.343
295.343
327.657
358.355
387.518
406.13
410.24
398.806
378.866
358.011
337.95
318.892
301.036
288.382
286.443
286.443
310.347
339.917
368.008
394.696
408.108
405.628
389.831
368.916
348.1
328.324
310.485
294.961
283.988
279.88
293.631
323.127
351.147
377.766
399.658
406.886
398.345
379.689
358.881
338.424
318.989
301.216
287.689
278.297
281.236
301.522
334.194
365.233
394.72
411.694
411.694
398.414
377.178
337.334
337.334
318.893
301.996
289.675
283.061
292.648
346.524
346.524
372.74
397.644
408.266
402.604
385.604
343.589
343.589
323.658
305.72
291.166
280.348
280.235
296.826
329.586
360.707
390.272
409.828
412.98
402.176
382.067
361.145
341.269
322.386
305.091
291.721
283.418
289.322
312.462
343.213
372.427
400.18
413.582
410.811
395.616
373.844
352.283
331.801
313.22
297.559
285.513
282.478
295.062
324.893
380.155
380.155
402.971
401.965
401.965
383.022
361.67
341.386
322.116
304.422
290.001
280.763
283.592
303.18
336.578
368.305
398.447
414.754
414.652
402.132
379.889
358.516
338.212
319.165
303.206
289.922
284.602
293.11
319.625
348.566
376.06
402.18
411.37
406.726
367.5
367.5
346.712
326.963
308.743
293.577
282.672
282.601
298.316
332.159
364.31
394.853
414.248
417.113
407.288
364.097
364.097
343.476
323.885
307.128
292.605
285.555
290.327
313.952
345.478
375.427
403.88
416.18
414.093
398.736
376.039
354.476
333.991
315.318
299.079
286.854
284.071
295.576
326.11
355.117
382.673
405.428
411.423
404.742
384.505
362.65
341.889
322.166
305.201
289.94
281.497
283.026
302.718
337.009
369.585
400.532
415.859
416.383
403.28
380.4
358.664
338.015
318.884
301.954
288.55
283.717
291.28
347.262
347.262
374.654
400.676
409.749
406.151
388.041
365.685
344.447
324.271
306.847
290.814
281.185
279.995
295.615
329.026
360.766
390.919
409.516
413.238
403.285
381.495
360.347
340.256
321.169
289.265
289.265
282.668
286.766
310.418
341.761
399.823
399.823
412.112
411.237
372.72
372.72
351.413
331.171
313.304
296.398
285.235
292.981
292.981
323.252
352.01
379.33
401.182
408.091
381.206
381.206
359.815
320.189
320.189
302.69
287.337
279.32
280.132
300.247
334.317
366.684
397.432
412.468
414.13
400.579
378.537
357.597
337.704
319.006
289.367
289.367
283.753
291.505
318.543
346.088
372.255
397.114
406.905
402.997
384.884
363.326
342.846
323.39
305.302
288.778
279.285
293.475
293.475
325.855
356.615
385.838
404.314
409.275
398.567
377.695
357.531
337.53
318.529
301.324
287.727
280.397
284.577
308.453
339.279
396.385
396.385
409.387
408.377
392.361
371.101
350.821
331.556
313.253
296.154
285.882
281.032
293.358
322.81
350.79
377.371
399.116
407.291
399.691
380.284
359.893
339.38
319.893
302.522
288.185
279.674
280.605
334.383
334.383
366.118
396.265
414.175
414.175
400.283
379.533
358.755
338.878
302.193
302.193
290.505
283.552
292.187
318.297
345.768
371.865
396.657
407.791
403.045
385.528
344.004
344.004
324.253
306.583
291.254
281.5
279.331
295.895
327.519
357.562
386.103
405.524
410.666
399.739
379.814
359.054
338.697
319.357
301.62
288.735
280.478
285.456
308.403
338.878
395.331
395.331
409.437
407.645
392.389
371.016
350.258
330.538
312.258
296.008
284.718
279.59
292.217
321.138
348.612
374.713
397.437
405.88
398.041
379.769
358.875
338.479
319.103
301.242
287.532
277.898
279.796
299.528
332.931
364.664
394.81
412.401
412.922
400.109
379.18
358.655
320.634
320.634
303.498
290.949
283.757
292.393
317.874
373.056
373.056
398.596
410.022
405.041
388.409
366.95
345.348
324.826
306.546
291.671
280.648
279.548
295.375
327.329
357.686
386.525
407.387
411.874
401.767
381.679
360.699
340.767
321.833
290.688
290.688
282.164
287.629
309.887
341.099
370.751
413.468
413.468
411.42
396.878
375.01
353.311
332.697
314.038
298.336
286.098
282.304
294.081
323.109
350.686
376.884
401.12
408.928
402.054
362.133
362.133
341.835
322.553
304.543
290.189
280.368
282.385
301.029
334.992
367.257
397.909
415.395
415.977
382.023
382.023
360.884
340.803
321.725
305.639
292.208
285.907
293.682
319.146
348.695
376.767
403.435
413.93
409.749
392.71
370.589
349.573
329.609
310.987
295.438
284.072
283.183
297.839
330.685
361.889
391.533
411.961
415.718
406.552
364.212
364.212
343.882
324.569
307.538
292.934
284.967
311.003
311.003
343
373.396
402.273
415.656
414.119
399.48
376.603
354.871
334.224
315.244
298.956
286.354
283.045
293.678
323.125
377.675
377.675
401.701
408.684
402.941
383.801
362.07
341.425
321.813
304.662
289.428
280.454
281.623
300.336
335.306
368.529
400.09
416.678
418.008
405.782
382.865
361.095
340.413
320.944
304.001
290.254
284.909
291.547
317.798
347.545
375.805
402.652
409.644
409.644
392.102
369.708
348.434
328.224
310.665
294.34
284.175
282.344
296.703
329.523
360.702
390.322
414.442
414.442
405.293
383.687
361.999
341.394
321.82
304.541
289.314
282.353
285.424
308.052
340.563
371.448
400.789
413.715
413.492
398.113
375.26
353.549
332.924
315.013
286.181
286.181
281.998
292.555
322.492
350.933
377.952
400.939
408.565
402.631
382.962
361.395
340.907
321.444
288.766
288.766
280.512
299.809
299.809
334.095
366.666
397.609
413.442
416.003
403.281
381.397
360.608
340.786
321.955
304.548
291.325
285.345
291.934
318.179
346.751
373.895
399.681
410.346
389.549
389.549
367.899
347.331
309.964
309.964
293.303
283.845
280.953
296.071
327.733
357.812
386.387
405.878
402.01
402.01
381.054
360.736
340.477
321.231
303.904
289.626
282.165
285.243
308.196
339.386
369.017
397.166
410.439
410.609
395.112
374.099
354.136
335.022
316.864
289.181
289.181
284.66
294.476
321.893
347.939
372.682
395.358
404.387
397.706
378.934
358.732
338.941
320.14
302.877
288.381
279.675
298.827
298.827
332.101
363.711
409.921
409.921
412.902
399.895
378.924
358.585
338.13
318.698
301.371
288.836
281.399
289.245
315.05
342.937
369.43
394.599
407.184
404.353
387.465
366.98
346.098
326.261
308.835
292.694
282.811
280.016
295.878
326.767
356.113
383.991
403.998
410.538
400.884
381.273
360.747
339.943
320.179
302.708
289.547
281.088
284.84
337.731
337.731
367.4
395.584
410.405
409.272
394.31
352.862
352.862
333.356
298.056
298.056
287.032
281.802
292.944
320.424
346.904
395.958
395.958
406.388
399.949
381.708
361.644
341.191
321.76
304.693
290.621
280.798
281.439
299.943
333.786
365.936
396.479
414.352
416.288
404.038
383.929
362.424
341.993
322.585
305.259
293.132
285.465
292.744
316.982
346.249
374.053
400.467
412.928
408.515
392.338
371.035
349.684
329.4
311.244
296.137
285.034
282.942
297.334
328.272
357.663
385.584
406.888
412.272
402.778
383.126
361.998
341.926
322.857
304.8
290.88
281.794
307.591
307.591
339.081
368.997
397.418
412.921
412.285
398.257
377.031
356.632
337.253
319.077
303.549
289.867
283.595
293.681
322.049
348.997
374.599
398.677
407.182
400.825
383.038
361.184
340.422
302.286
302.286
288.134
278.219
279.71
297.071
331.63
364.461
395.651
414.116
416.146
405.097
383.376
362.277
342.232
323.19
306.283
292.909
286.28
293.408
318.155
348.337
377.009
404.248
415.759
412.143
395.942
373.361
351.908
331.528
312.848
285.425
285.425
283.361
296.744
328.397
358.468
387.035
408.092
412.672
404.709
363.057
363.057
343.096
324.132
292.506
292.506
284.22
288.026
308.39
340.356
370.724
399.574
414.828
414.97
402.194
379.952
358.822
338.748
320.076
304.047
290.891
286.46
295.21
323.467
350.963
377.085
401.901
409.482
403.541
384.848
363.02
342.283
322.582
305.294
289.701
280.186
280.648
298.043
365.709
365.709
397.026
414.549
417.326
405.939
383.508
361.751
341.082
321.447
304.664
290.67
284.815
290.701
315.892
346.389
375.362
402.886
413.521
411.25
394.523
371.869
350.347
329.901
312.156
295.816
284.773
282.412
328.172
328.172
358.816
387.928
408.838
414.027
406.065
363.179
363.179
322.846
322.846
305.506
290.359
283.085
285.322
306.786
340.2
371.943
402.098
416.068
416.388
401.617
378.849
357.22
336.673
318.514
301.412
288.762
284.087
293.32
322.139
375.527
375.527
399.554
408.212
403.393
384.397
362.736
342.158
322.609
305.222
289.347
280.869
280.283
298.282
332.1
364.227
394.747
411.592
415.002
403.189
381.069
360.054
340.091
321.399
303.868
290.069
283.953
289.379
314.987
344.886
373.291
400.276
411.702
409.413
392.274
370.305
349.434
329.607
311.669
294.681
284.825
281.464
295.501
326.822
356.576
384.843
405.12
411.536
402.675
382.038
361.491
341.465
322.441
304.874
290.473
285.075
285.075
307.264
369.396
369.396
398.153
412.375
412.838
398.288
376.827
356.299
336.605
317.896
300.315
288.762
282.965
292.656
321.117
348.154
373.84
397.081
406.987
401.279
382.744
362.116
341.775
322.45
304.837
289.455
279.612
279.612
297.986
331.189
362.732
392.699
410.099
413.815
401.501
380.747
360.309
340.154
321.008
303.557
290.884
283.365
289.38
314.263
343.469
371.214
397.573
410.256
407.503
390.88
369.772
349.229
329.713
311.663
295.315
281.091
281.091
295.401
325.693
354.471
381.81
402.353
409.516
400.23
380.754
360.358
339.71
320.094
302.732
289.384
280.729
283.517
304.984
336.892
367.204
396
411.395
411.453
397.125
376.008
355.507
336.031
317.528
300.112
288.494
282.389
320.148
320.148
346.624
371.775
395.669
405.949
399.839
382.095
361.625
340.645
320.713
303.312
289.05
279.246
279.101
296.977
329.778
360.938
390.54
409.235
412.665
401.002
380.952
359.876
339.854
303.087
303.087
290.445
282.294
289.104
312.947
342.297
370.178
396.666
409.752
406.496
390.762
369.736
348.339
310.123
310.123
294.616
283.403
280.217
293.987
324.271
353.041
380.373
402.359
409.078
400.425
381.478
360.156
339.9
320.657
302.481
288.858
279.483
283.247
303.949
336.56
367.54
396.972
413.518
413.27
399.899
378.15
357.257
337.409
318.785
302.845
290.342
284.568
294.267
321.405
350.36
377.868
413.325
413.325
407.313
389.569
367.751
346.963
327.215
308.514
293.992
283.893
283.893
300.555
334.15
366.065
396.385
415.585
417.917
407.005
385.826
364.626
344.486
325.353
308.342
286.646
286.646
292.825
316.228
346.864
375.968
403.617
416.051
412.956
397.32
375.231
353.962
333.757
314.847
299.064
286.845
284.453
297.162
357.171
357.171
384.944
407.522
413.281
405.654
385.908
364.43
344.025
324.641
307.394
292.813
283.932
286.682
306.662
340.037
401.863
401.863
417.423
417.209
404.033
381.528
359.827
339.211
319.947
303.949
290.544
285.898
294.806
322.282
350.677
377.652
403.278
412.335
407.539
389.55
347.053
347.053
327.384
309.594
283.952
283.952
283.862
299.895
334.014
366.426
397.217
415.814
418.657
408.168
385.9
363.992
343.179
323.407
306.518
292.042
285.663
290.562
314.542
345.841
375.576
403.823
415.991
413.826
375.053
375.053
353.499
333.022
314.858
298.369
286.983
284.071
295.96
327.2
356.878
385.072
406.918
412.654
405.344
384.877
362.92
342.06
322.243
305.166
289.908
282.304
283.858
304.24
338.128
370.322
400.907
415.499
416.096
402.465
379.627
337.32
337.32
318.846
301.556
288.645
283.957
291.973
319.772
347.566
373.971
399.055
407.987
403.939
385.494
363.294
342.204
322.169
304.561
288.358
279.448
278.261
329.116
329.116
361.034
409.678
409.678
413.25
402.561
380.932
360.063
340.238
303.776
303.776
289.806
283.203
287.698
312.271
372.404
372.404
400.235
412.156
410.852
394.163
372.207
351.348
331.533
313.579
296.659
286.201
282.172
294.868
325.399
354.403
381.957
403.278
410.407
402.79
382.651
361.85
341.968
305.258
305.258
290.399
282.52
283.708
304.749
338.408
370.383
400.76
415.508
416.908
402.631
380.998
360.445
340.477
321.507
304.138
292.219
286.046
294.58
321.992
349.042
374.74
399.153
409.175
404.522
386.164
364.995
344.757
325.53
307.393
291.527
282.427
280.376
297.593
330.084
360.95
390.273
408.348
401.588
401.588
380.883
360.537
340.11
320.705
303.368
290.253
282.649
287.661
311.822
341.968
370.607
397.815
409.101
409.101
392.778
371.321
350.797
331.299
312.775
295.804
285.213
280.412
293.691
323.029
350.9
377.377
398.82
406.826
398.736
379.63
359.196
338.533
318.903
301.506
287.75
279.034
280.816
334.886
334.886
366.377
396.292
412.515
413.663
399.863
358.057
358.057
338.176
319.289
301.798
289.996
283.149
318.919
318.919
346.194
372.104
396.719
407.772
402.573
385.314
364.755
343.748
323.791
306.308
290.993
280.96
279.631
296.489
328.491
358.892
387.774
407.126
411.58
400.624
380.674
359.533
339.448
302.383
302.383
289.698
281.253
310.267
310.267
340.638
369.49
396.9
410.903
408.397
393.107
371.9
350.861
330.875
312.78
297.141
285.732
281.536
294.487
323.836
351.718
378.206
400.806
408.387
400.332
382.014
360.946
340.483
321.044
303.024
289.383
279.73
282.73
302.369
335.615
367.198
414.14
414.14
414.563
401.728
380.053
359.375
339.731
321.07
304.475
291.634
285.069
294.134
320.188
348.472
375.341
411.64
411.64
406.457
389.563
367.893
346.817
326.794
293.488
293.488
282.626
282.434
298.409
331.124
362.204
391.729
412.203
415.783
405.747
385.08
363.887
343.754
324.628
307.382
293.64
285.513
290.976
313.505
344.754
374.44
402.642
416.159
413.583
398.64
376.458
354.979
334.573
315.595
299.815
287.56
284.495
296.326
326.111
354.407
381.288
405.272
405.273
405.273
386.17
364.643
344.191
324.763
307.031
292.376
282.788
284.963
304.212
338.389
370.858
401.703
418.337
418.647
406.139
361.585
361.585
340.89
321.382
305.313
291.488
286.033
294.053
320.676
350.065
377.985
404.508
414.491
410.375
392.922
370.781
349.748
329.767
311.737
296.15
285.291
284.46
299.607
333.323
365.354
395.783
415.616
419.041
409.598
387.909
365.961
345.111
325.303
308.397
293.764
286.668
290.994
314.159
346.288
376.81
405.806
418.47
416.937
401.234
378.423
336.164
336.164
317.739
301.069
288.836
285.43
296.312
326.691
355.551
382.968
406.14
412.959
406.775
386.844
364.668
343.601
323.588
306.529
291.203
282.793
283.707
302.951
337.802
370.91
402.363
418.036
419.297
406.27
361.593
361.593
340.915
322.094
304.879
291.389
286.112
293.248
320.12
349.501
377.414
403.931
413.665
410.328
392.489
370.059
348.751
328.509
311.155
295.001
285.454
283.363
298.429
331.63
393.135
393.135
411.8
416.163
406.082
384.485
363.28
343.136
306.267
306.267
291.704
288.103
288.103
310.677
342.386
372.509
401.126
413.74
413.188
397.106
374.97
353.941
333.963
315.787
298.9
287.579
283.339
324.611
324.611
353.028
380.025
402.249
409.836
403.123
382.967
361.836
341.762
322.692
304.745
289.508
281.358
281.742
301.673
335.881
368.378
414.862
414.862
416.977
403.575
381.758
361.032
340.834
321.645
304.346
291.673
292.851
292.851
319.34
347.185
373.638
398.769
409.542
405.923
387.989
366.577
346.236
326.911
308.791
292.627
280.437
280.437
296.558
328.4
358.651
387.389
406.197
411.575
401.226
380.646
360.321
340.078
320.847
303.512
290.051
282.187
286.069
309.096
340.107
369.567
397.554
411.086
410.394
394.627
373.389
352.828
314.739
314.739
297.623
281.586
281.586
293.854
322.873
350.442
376.632
398.778
407.707
400.154
381.215
360.762
340.088
320.448
303.034
288.907
280.053
280.552
300.172
334.022
366.18
396.729
414.189
416.37
403.025
382.253
361.173
341.132
322.094
291.994
291.994
284.603
292.842
346.431
346.431
372.958
398.159
409.855
405.365
388.439
367.589
346.731
326.917
309.143
293.686
283.212
296.625
296.625
328.01
357.825
406.092
406.092
411.49
401.238
381.483
360.518
340.223
320.942
303.004
290.208
281.498
286.441
308.842
339.731
369.076
396.953
411.88
410.338
395.322
374.117
353.381
333.683
315.56
299.295
287.688
282.699
294.701
323.347
350.561
376.414
399.649
400.762
400.762
361.996
361.996
341.296
321.632
303.889
289.906
280.093
281.945
300.967
334.977
367.286
397.979
415.807
417.402
404.495
382.89
362.18
342.505
323.814
306.609
293.811
286.533
294.601
319.545
348.315
375.647
413.221
413.221
408.863
392.303
370.633
349.466
329.358
310.835
295.92
284.503
283.086
298.083
329.855
360.038
388.712
414.307
414.307
404.925
384.879
363.696
343.573
324.456
306.81
293.028
284.349
288.947
310.816
342.623
372.84
401.545
416.045
414.323
399.943
377.752
335.155
335.155
316.204
300.394
284.149
284.149
295.027
323.697
350.934
376.809
401.113
408.842
401.76
383.425
361.48
340.633
320.827
303.054
287.901
277.978
279.709
298.14
364.879
364.879
395.767
413.277
414.718
403.232
380.988
359.684
339.446
320.219
303.685
290.093
284.039
291.037
316.345
346.201
374.564
401.51
412.252
408.634
391.865
369.777
348.793
328.859
310.772
284.124
284.124
282.869
329.744
329.744
360.669
390.049
410.859
415.277
406.654
385.755
364.119
343.564
324.037
307.042
292.246
284.597
309.812
309.812
342.491
373.536
403.029
416.729
415.763
378.016
378.016
356.204
335.483
316.837
300.552
287.834
284.32
294.287
323.576
351.4
377.833
401.772
409.232
403.771
384.706
362.89
342.165
322.476
305.396
290.126
281.107
300.011
300.011
335.263
368.751
400.566
417.496
419.412
407.181
384.407
362.771
342.218
323.059
305.905
291.807
286.252
292.548
318.673
348.226
376.301
402.973
413.342
393.343
393.343
370.788
349.36
329.004
311.553
294.991
284.73
282.448
296.701
329.41
360.483
390.003
409.827
415.158
406.234
384.976
363.389
342.883
323.401
305.888
290.924
283.762
308.738
308.738
341.341
372.315
401.74
414.963
415.184
400.05
377.744
356.554
336.424
317.941
300.834
288.944
294.397
294.397
323.556
377.574
377.574
400.869
409.194
403.477
383.97
362.592
342.283
322.989
305.408
290.137
281.716
281.093
333.878
333.878
366.173
396.853
413.237
403.345
403.345
381.639
361.017
340.935
321.858
304.611
291.549
285.012
291.286
317.145
346.011
373.433
399.484
410.827
390.377
390.377
368.819
348.338
310.836
310.836
294.175
284.498
295.945
295.945
327.394
357.271
385.655
405.405
411.418
401.841
381.378
361.11
340.748
321.403
304.134
290.206
282.277
307.838
307.838
339.659
369.889
412.846
412.846
413.106
397.903
376.577
356.057
336.562
300.74
300.74
289.263
283.508
294.522
323.25
350.54
376.467
398.802
408.119
402.612
384.362
364.019
343.321
323.658
306.35
291.315
282.402
282.361
301.352
334.362
365.721
395.513
413.169
417.027
404.699
384.008
362.824
342.431
323.058
304.922
292.452
285.197
292.476
317.396
346.213
399.597
399.597
412.478
392.059
392.059
370.861
350.025
330.231
312.124
296.287
285.916
282.894
297.78
357.131
357.131
384.599
405.388
411.738
402.086
382.818
361.706
341.184
321.688
303.632
281.513
281.513
285.29
306.899
338.83
369.164
397.982
413.636
413.14
398.652
377.272
356.74
337.234
318.924
290.5
290.5
284.565
295.724
350.125
350.125
375.497
399.599
409.381
402.83
384.967
363.841
342.91
323.024
304.995
290.737
280.6
281.095
299.216
332.846
364.795
395.146
413.722
416.022
404.335
383.578
362.352
323.03
323.03
305.424
292.475
284.459
315.857
315.857
345.064
372.81
399.168
411.766
407.894
391.933
370.463
349.19
328.981
310.659
284.275
284.275
282.123
296.356
327.205
356.512
384.353
406.293
403.117
403.117
383.712
362.401
342.156
322.923
305.189
291.413
282.274
286.172
306.921
339.203
369.87
399.004
414.663
413.856
400.33
356.835
356.835
336.386
317.615
301.734
288.911
284.163
294.292
322.149
350.306
377.055
402.467
411.339
405.271
387.207
365.488
344.856
325.256
307.108
282.075
282.075
282.972
299.982
334.482
367.256
398.392
416.883
418.649
407.699
385.774
364.443
344.179
324.928
294.232
294.232
287.225
293.295
317.486
348.205
377.389
405.113
416.666
413.413
397.112
374.551
353.119
332.758
313.935
286.352
286.352
284.589
297.577
359.475
359.475
388.123
409.914
414.868
406.986
386.636
364.859
344.17
324.516
307.433
292.062
283.785
286.666
340.817
340.817
372.63
402.853
417.402
416.911
403.084
380.176
358.414
337.74
318.575
301.974
288.843
284.57
293.561
349.95
349.95
376.387
401.501
410.073
405.493
386.966
364.945
344.024
324.15
306.869
291.525
282.033
298.873
298.873
333.468
366.333
415.444
415.444
418.028
406.976
384.43
362.87
342.387
322.929
305.763
291.496
285.486
290.666
315.556
346.121
375.157
402.742
414.085
411.95
395.284
372.668
351.183
313.004
313.004
296.308
285.382
295.342
295.342
326.955
385.516
385.516
406.479
412.28
383.466
383.466
361.955
341.52
322.106
304.769
289.53
282
283.613
305.038
338.403
370.101
400.213
414.282
414.918
378.355
378.355
357.124
336.955
318.622
289.736
289.736
285.018
294.157
322.235
349.086
374.595
398.828
407.87
403.227
384.416
362.797
342.258
322.747
305.226
289.294
279.396
279.396
296.882
330.357
362.158
392.369
409.892
413.797
402.307
380.67
360.064
340.001
320.941
303.322
289.859
283.315
288.376
314.061
344.129
372.694
399.83
411.888
410.045
393.03
371.406
350.864
331.349
313.225
296.469
286.307
282.284
295.815
326.578
355.803
383.567
410.964
410.964
402.546
382.51
361.968
341.742
322.527
304.983
290.584
282.543
284.5
306.02
338.736
369.816
399.343
414.097
415.101
379.024
379.024
358.487
338.696
319.894
302.314
291.014
284.723
294.38
322.003
348.383
373.444
397.252
407.644
383.847
383.847
363.136
342.423
322.745
305.089
290.007
280.851
279.593
297.618
330.405
361.553
391.144
409.142
401.241
401.241
380.929
360.282
339.88
320.498
302.872
290.263
282.642
288.847
313.341
343.031
371.237
398.033
408.784
408.784
392.509
371.253
350.775
331.322
313.125
296.869
286.035
281.741
295.713
325.602
353.997
380.971
409.525
409.525
400.764
381.667
360.943
340.21
320.514
302.848
289.241
280.233
282.848
303.891
336.383
367.25
412.781
412.781
413.114
399.277
378.162
357.604
338.074
319.521
302.434
290.686
284.217
294.201
321.101
348.413
374.361
399.011
409.745
404.227
386.744
365.779
344.528
324.339
306.494
292.16
281.756
281.205
298.468
331.203
362.302
391.846
411.161
414.739
403.497
383.322
362.331
342.389
323.445
305.575
292.57
284.334
290.672
314.183
344.167
372.653
399.714
413.166
394.764
394.764
373.309
351.69
331.153
312.878
297.234
285.559
282.22
295.52
325.557
354.092
381.2
403.681
402.142
402.142
383.217
341.387
341.387
322.027
304.113
290.168
280.634
283.996
303.965
337.281
368.931
398.999
415.439
415.189
402.184
380.251
359.103
339.011
320.238
304.226
291.234
285.482
294.694
321.433
349.796
376.741
402.339
412.07
406.797
367.394
367.394
326.64
326.64
307.943
292.546
281.82
282.083
298.272
331.993
364.028
394.461
414.008
416.946
385.465
385.465
364.179
343.958
324.749
308.035
293.932
286.325
291.902
315.246
346.418
376.031
404.164
417.003
398.911
398.911
376.537
355.281
335.088
316.155
300.347
288.136
285.618
297.753
328.094
356.918
384.301
407.262
413.637
406.636
386.844
365.068
344.38
324.727
292.088
292.088
283.364
285.512
305.303
339.226
371.453
402.069
417.737
417.9
404.905
381.979
360.199
339.508
320.003
303.352
289.708
285.013
293.182
320.549
349.47
376.945
403.046
412.336
408.303
390.364
368.305
347.349
327.441
309.892
293.902
283.615
283.086
298.975
332.835
365.001
414.598
414.598
417.823
407.625
385.617
363.896
343.261
323.658
306.381
291.72
285.206
289.588
313.346
344.96
403.524
403.524
415.364
413.801
397.726
374.926
353.265
332.688
314.84
297.931
286.348
283.249
294.917
325.933
355.399
383.392
405.463
411.943
405.093
384.902
363.08
342.348
322.654
305.288
290.023
283.324
283.324
303.522
337.762
370.29
401.192
416.027
417.521
403.769
381.228
359.814
339.471
303.388
303.388
290.519
285.319
293.157
320.615
348.597
375.179
400.432
410.08
406.222
387.83
366.048
345.355
308.107
308.107
291.731
280.536
280.536
296.955
329.611
390.107
390.107
408.406
412.919
402.213
380.635
360.046
340.057
321.067
303.457
289.562
282.621
287.002
311.372
342.396
371.868
399.867
412.502
395.083
395.083
373.511
353.017
333.548
315.339
298.091
282.714
282.714
295.084
325.172
353.755
380.909
402.41
410.231
402.757
382.877
362.109
341.855
322.613
289.615
289.615
281.301
282.191
303.019
336.679
368.656
414.555
414.555
416.326
380.744
380.744
360.217
340.068
303.391
303.391
291.396
284.94
293.114
319.842
347.024
372.846
397.377
408.026
403.68
385.884
364.989
344.492
325.02
307.168
291.81
280.264
280.264
297.158
329.058
388.153
388.153
406.849
400.72
400.72
380.435
359.889
339.437
320.008
302.483
289.425
281.647
286.426
309.869
340.271
369.152
396.589
410.363
408.72
392.967
371.699
351.237
331.798
313.589
286.039
286.039
280.936
293.895
350.648
350.648
376.914
398.531
406.868
398.809
380.158
359.45
338.602
318.796
301.156
287.348
278.344
280.112
300.268
333.766
365.588
395.819
412.588
413.912
400.655
379.789
358.865
338.987
320.104
302.67
290.577
283.496
292.59
318.532
346.449
372.97
398.164
409.65
404.621
387.492
366.669
345.5
307.671
307.671
293.048
282.518
281.111
297.231
329.106
388.156
388.156
407.922
412.316
401.784
382.034
360.66
321.065
321.065
303.135
290.087
281.512
287.187
310
340.87
370.196
398.057
412.129
409.97
395.007
352.309
352.309
332.199
313.809
298.119
286.4
282.301
294.499
323.703
351.447
377.804
401.229
409.053
401.588
383.197
361.781
341.435
322.106
304.005
289.902
280.221
282.731
301.826
335.766
368.009
398.64
416.345
417.064
404.594
361.862
361.862
342.026
306.574
306.574
293.274
286.837
295.172
320.74
349.535
376.891
402.879
413.621
409.074
392.119
370.067
349.114
329.208
310.302
294.787
283.519
282.877
298.094
330.91
362.086
391.702
412.06
415.956
406.528
385.758
364.608
344.516
325.428
308.126
293.842
285.655
290.412
312.703
344.604
374.911
403.701
415.327
415.327
400.607
378.147
336.089
336.089
316.854
301.012
288.33
285.216
296.492
326.184
354.391
381.188
412.022
412.022
405.61
386.591
365.031
344.549
325.091
307.781
292.763
283.484
285.205
303.813
338.302
371.066
402.192
418.97
419.814
407.734
384.796
362.961
342.217
322.511
305.745
291.855
286.333
293.669
320.032
378.212
378.212
405.138
411.633
411.633
394.075
371.803
350.644
330.543
312.563
296.529
285.916
284.553
299.257
332.539
364.158
394.196
414.014
408.766
408.766
387.123
365.221
344.414
324.647
307.576
292.685
289.215
289.215
311.721
344.034
374.731
403.893
416.412
415.376
399.863
376.961
355.203
334.534
316.314
299.586
287.359
283.745
294.399
324.475
353.047
380.191
403.055
410.212
404.123
384.522
362.548
341.672
321.841
304.638
289.406
281.062
281.37
335.003
335.003
368.024
399.395
415.215
416.994
404.295
360.453
360.453
340.163
321.526
303.972
290.615
284.89
318.216
318.216
346.846
374.045
399.884
410.041
406.806
389.033
366.916
345.906
325.945
308.4
291.807
282.255
279.826
295.442
327.98
358.891
388.257
407.49
412.891
403.412
361.273
361.273
341.066
321.87
304.084
289.718
282.63
285.656
309.001
340.725
370.864
399.495
412.516
412.455
396.881
374.933
354.083
334.276
315.533
298.269
287.225
282.454
323.394
323.394
351.825
378.835
409.804
409.804
403.322
383.821
362.997
342.905
323.818
305.994
290.694
282.455
282.236
301.758
335.532
367.617
398.098
414.013
416.478
403.077
381.703
361.103
340.61
321.142
303.57
291.054
284.244
317.802
317.802
346.003
372.794
398.245
409.728
406.093
388.567
346.969
346.969
327.499
309.449
293.325
283.503
280.359
296.068
327.57
357.497
385.927
405.156
411.206
400.978
380.975
360.507
340.003
320.524
303.078
289.862
281.76
308.39
308.39
339.743
397.824
397.824
411.953
411.394
396.105
374.859
354.096
334.371
315.633
298.606
287.47
281.945
293.815
322.422
375.417
375.417
398.119
407.491
381.915
381.915
361.368
340.531
320.736
303.247
288.982
279.602
280.317
299.682
333.285
365.208
395.534
412.716
402.034
402.034
381.344
360.321
340.35
321.378
303.471
291.34
283.938
291.746
345.459
345.459
372.559
398.305
410.546
406.539
389.76
368.775
347.512
327.312
293.976
293.976
283.32
280.885
296.092
326.939
356.243
384.082
404.661
410.204
400.439
359.692
359.692
339.521
320.359
302.183
289.129
280.098
306.505
306.505
338.103
368.121
396.638
411.922
410.725
374.964
374.964
354.12
334.318
316.028
300.227
288.242
294.46
294.46
322.686
349.501
374.975
398.902
407.691
400.947
383.168
361.958
341.585
322.23
304.068
289.937
279.863
281.435
299.719
333.99
366.547
397.477
415.646
417.374
405.599
384.062
363.093
343.172
324.247
307.368
293.936
286.74
294.224
319.056
348.292
376.067
402.453
414.186
410.142
394.083
371.971
350.767
330.623
311.683
296.583
284.975
283.585
297.74
329.461
359.595
388.223
409.772
414.35
405.53
385.466
364.173
343.945
324.728
307.299
284.423
284.423
288.481
309.663
341.905
372.535
401.634
416.417
414.889
400.932
378.54
356.784
336.116
316.964
301.116
288.328
284.469
294.682
323.156
350.608
376.687
401.462
409.626
403.987
385.514
364.009
343.58
324.172
306.67
291.336
281.533
282.548
300.212
335.285
368.605
400.259
418.46
418.46
407.021
362.751
362.751
342.091
322.465
305.372
291.002
284.772
291.767
316.692
347.204
376.191
403.728
414.642
411.478
372.321
372.321
351.105
330.95
312.81
296.68
285.249
297.054
297.054
329.382
360.094
389.27
410.094
414.857
385.859
385.859
363.764
342.774
322.833
305.809
290.798
283.319
286.502
307.956
341.08
402.443
402.443
416.139
415.703
401.273
378.323
356.519
335.807
317.411
300.627
287.88
283.913
293.625
322.903
350.717
377.14
401.291
409.369
385.711
385.711
363.771
342.928
323.127
305.918
290.173
281.379
281.074
298.179
332.785
365.66
396.892
413.756
404.629
404.629
382.525
361.527
322.696
322.696
305.246
291.354
285.816
291.493
317.382
375.438
375.438
402.307
413.028
410.602
393.211
371.045
349.988
329.983
312.496
296.015
285.677
282.657
296.529
328.258
358.402
407.128
407.128
413.027
404.276
383.159
362.159
342.21
323.257
305.431
290.761
283.264
285.578
340.57
340.57
371.601
401.08
414.8
415.244
400.072
377.969
356.971
337.023
318.575
301.455
289.746
284.373
294.174
322.749
349.895
375.683
399.2
408.067
402.627
383.588
362.438
342.346
323.259
305.287
289.64
281.061
280.25
298.711
332.113
363.845
393.991
410.703
414.242
401.893
380.579
360.204
340.04
320.884
303.493
290.637
289.707
289.707
315.072
344.137
397.981
397.981
409.793
390.267
390.267
368.891
329.292
329.292
311.018
294.48
280.486
280.486
295.15
325.846
355.008
382.711
402.936
409.806
400.461
380.501
360.131
339.601
320.097
302.747
289.021
280.822
283.626
305.547
337.784
368.409
397.503
412.267
412.552
397.715
376.7
355.985
336.307
317.613
300.221
288.926
282.728
293.132
320.803
347.091
372.064
405.798
405.798
399.769
381.693
361.384
340.605
303.598
303.598
289.005
279.651
279.409
297.654
330.601
361.9
391.635
409.676
413.311
401.155
381.098
360.05
339.955
320.864
302.828
290.392
282.586
289.71
314.2
343.387
371.115
410.464
410.464
407.216
391.059
370.04
348.93
328.876
310.966
295.418
284.716
281.329
295.967
326.343
355.199
382.613
403.74
410.346
401.172
382.311
361.215
340.655
321.123
303.086
289.625
280.541
284.374
337.862
337.862
368.432
397.474
413.476
413.183
399.161
377.712
357.235
337.783
319.402
302.671
290.487
284.596
295.112
322.324
349.859
376.017
400.868
410.525
404.456
387.03
365.708
344.641
306.425
306.425
291.993
281.8
282.201
299.577
333.072
364.892
395.121
414.249
416.903
384.743
384.743
363.72
343.749
324.776
307.64
294.333
286.528
293.143
316.813
346.742
375.175
402.186
414.998
411.599
395.835
374.012
352.538
332.139
313.5
297.825
285.768
283.461
296.811
327.548
356.748
384.488
406.667
412.499
404.287
384.758
363.491
343.288
324.094
306.438
292.266
283.262
286.68
306.965
339.8
370.993
400.626
416.234
415.555
402.233
380.029
358.415
337.881
318.895
289.516
289.516
284.737
294.178
321.721
349.734
401.628
401.628
410.621
405.543
387.827
366.082
345.425
325.801
307.803
292.412
281.956
299.019
299.019
332.773
364.84
395.303
414.147
416.378
406.618
384.779
363.204
342.707
323.235
306.445
292.326
285.667
291.373
315.568
376.937
376.937
417.395
417.395
414.77
398.609
376.028
354.577
334.198
315.508
299.733
287.854
285.592
298.037
329.436
359.265
387.602
409.766
415.249
407.758
387.37
365.45
324.843
324.843
292.638
292.638
284.489
286.612
307.125
341.089
373.355
404.007
418.726
418.909
404.907
381.721
359.694
338.769
319.81
302.988
289.81
285.41
293.815
322.119
350.228
376.932
402.301
411.041
406.657
388.017
365.567
344.24
323.979
306.763
290.628
281.055
280.392
297.3
331.559
364.104
395.023
413.129
416.392
405.474
362.274
362.274
342.226
323.181
305.842
291.569
285.172
290.003
314.819
345.629
374.9
402.707
414.132
412.586
396.009
373.488
352.092
331.766
313.902
296.984
286.07
282.766
295.351
326.531
356.152
384.291
405.255
411.612
383.163
383.163
341.706
341.706
322.518
304.852
289.609
282
283.255
304.319
337.936
369.871
400.21
414.569
415.82
379.401
379.401
358.486
338.617
302.744
302.744
290.418
285.098
321.474
321.474
348.495
374.164
398.549
408.077
403.598
384.922
363.544
343.234
323.94
306.069
290.161
281.229
296.733
296.733
329.704
361.026
390.782
408.436
412.645
401.229
380.087
359.669
339.532
320.401
302.967
282.628
282.628
287.638
342.153
342.153
370.79
397.996
410.337
408.523
392.031
370.577
350.195
330.832
312.447
295.484
285.108
280.813
294.226
324.751
353.749
381.297
402.203
409.68
401.336
381.694
340.634
340.634
321.114
303.629
289.485
281.024
282.815
303.813
336.576
367.7
397.267
412.512
413.564
399.292
378.147
357.523
337.687
318.843
301.185
289.469
283.006
292.373
319.192
345.74
370.96
394.92
405.601
400.553
382.722
341.429
341.429
304.217
304.217
289.006
279.426
277.931
295.506
327.807
358.492
387.643
406.248
410.504
399.188
358.481
358.481
338.301
319.13
301.396
280.738
280.738
286.46
310.133
340.294
396.166
396.166
409.723
407.269
391.568
370.448
349.663
329.916
311.879
295.897
285.055
280.717
294.203
323.767
351.854
378.535
400.323
407.92
399.61
380.914
360.107
339.514
302.191
302.191
288.631
279.329
281.993
302.157
335.087
366.371
396.09
412.84
413.359
399.969
378.736
358.011
338.321
319.617
302.653
290.479
283.772
293.515
319.936
347.478
373.642
398.499
409.127
403.669
386.633
365.333
344.319
324.356
306.171
291.613
280.937
280.645
297.146
361.01
361.01
390.568
410.217
413.737
403.047
382.895
361.926
342.005
323.08
305.468
292.143
283.833
289.782
313.011
343.477
372.42
413.71
413.71
411.121
396.109
374.385
352.797
332.289
313.756
298.068
286.184
283.119
295.675
325.548
353.927
403.963
403.963
410.989
403.491
362.985
362.985
342.472
322.985
304.919
290.746
281.272
284.062
303.558
337.191
369.143
399.497
416.11
416.25
403.445
381.193
359.751
320.332
320.332
303.923
290.745
285.154
293.73
320.278
349.051
376.385
402.352
412.215
407.581
390.202
368.13
347.161
327.242
308.958
293.51
282.732
282.65
298.309
331.742
363.503
393.677
413.465
416.395
406.629
385.256
363.725
343.271
323.84
306.987
292.755
285.257
289.946
312.823
344.228
374.062
402.405
413.046
413.046
397.665
375.063
353.591
333.193
314.348
298.631
286.315
283.22
294.972
325.456
354.415
381.926
404.81
411.091
404.617
363.299
363.299
342.744
323.216
306.108
290.764
282.049
283.732
303.09
337.276
369.752
400.604
416.234
417.102
404.238
381.14
359.197
319.383
319.383
302.734
289.076
291.798
291.798
319.192
348.112
375.585
401.685
410.926
407.108
388.938
366.458
345.102
324.814
307.2
291.008
281.135
280.094
295.782
329.096
360.744
390.81
409.884
403.954
403.954
382.197
360.755
340.385
321.034
303.895
289.555
283.035
286.878
310.249
342.965
374.046
403.573
415.825
414.785
398.674
375.933
354.33
333.806
315.74
298.727
287.148
283.183
294.486
324.899
353.791
381.238
410.332
410.332
403.505
383.352
361.836
341.395
321.976
289.4
289.4
281.295
281.979
301.914
336.215
368.801
414.899
414.899
416.511
403.022
359.953
359.953
340.02
321.218
303.754
290.953
285.215
292.499
319.583
347.544
374.106
399.341
409.577
405.808
365.931
365.931
345.238
325.579
307.876
291.65
282.459
280.153
296.37
328.816
388.921
388.921
407.455
412.697
402.128
380.865
360.378
340.218
321.066
303.569
289.802
282.485
286.577
310.389
370.966
370.966
399.002
411.966
411.169
395.171
373.759
353.392
334.042
315.66
298.536
287.767
282.774
294.967
324.36
352.284
378.812
400.8
408.995
401.63
382.039
361.601
341.126
321.674
304.254
289.619
280.998
281.577
301.651
335.477
398.139
398.139
414.028
416.104
381.444
381.444
360.642
340.573
321.508
303.702
291.583
284.515
292.748
319.156
346.799
373.061
398.009
409.92
405.452
388.077
367.211
346.323
326.48
308.694
293.259
283.362
280.724
297.15
328.762
358.793
387.322
406.759
412.072
401.538
381.515
360.711
340.297
320.904
303.131
290.111
286.458
286.458
309.443
369.34
369.34
397.062
411.45
410.05
394.706
373.501
352.997
333.518
315.373
298.833
287.606
294.918
294.918
323.693
351.029
376.998
399.602
408.286
400.741
382.355
361.536
340.657
320.821
303.079
289.102
279.514
281.193
300.692
334.362
366.35
396.737
415.564
415.564
402.795
381.609
360.69
340.816
321.936
304.372
291.932
284.72
293.395
318.799
347.273
374.323
400.021
411.826
407.088
390.513
369.261
327.769
327.769
294.708
294.708
283.849
282.325
298.053
329.764
359.889
388.508
409.164
413.88
403.868
383.851
362.835
342.87
323.903
305.899
292.451
283.661
288.866
310.921
342.113
371.745
399.895
414.413
412.261
397.746
354.384
354.384
333.767
315.306
287.276
287.276
283.181
294.792
323.666
351.096
377.155
401.045
409.13
402.206
383.853
362.297
341.818
322.363
304.22
289.905
279.922
282.053
300.689
334.832
367.268
398.082
415.78
416.652
404.786
382.851
361.694
341.595
322.5
292.345
292.345
285.924
293.592
318.924
348.401
376.404
403.007
413.751
409.551
392.869
349.569
349.569
329.529
310.754
295.217
283.9
283.177
297.672
330.276
361.249
390.674
411.553
415.113
406.169
385.493
363.867
343.323
323.806
306.846
292.382
284.309
288.342
310.124
342.231
401.709
401.709
415.437
413.963
399.335
376.744
355.282
334.894
315.777
299.479
286.831
283.569
294.106
323.611
351.64
378.268
402.535
409.94
404.037
385.173
363.547
343.003
323.485
306.131
290.825
281.598
282.543
300.964
335.906
369.1
400.636
417.382
418.613
406.538
383.759
362.119
341.561
305.091
305.091
291.047
285.607
292.12
318.112
347.932
376.26
403.172
413.664
410.509
393.193
370.63
349.195
311.122
311.122
294.733
283.998
282.248
296.631
329.326
360.386
389.894
410.025
414.656
405.831
384.335
362.748
322.758
322.758
305.233
290.334
283.165
286.155
308.66
341.074
401.12
401.12
414.224
413.973
398.7
376.027
354.487
334.024
315.885
298.778
286.99
282.959
293.323
323.438
379.227
379.227
402.499
410.032
404.271
384.502
362.648
341.886
322.163
288.969
288.969
280.704
280.377
298.898
333.285
365.952
396.987
412.994
415.506
402.883
380.652
359.533
339.456
320.383
302.721
289.144
283.095
289.494
315.832
345.012
372.734
399.069
409.979
407.303
389.76
367.991
347.311
327.664
309.767
293.056
280.511
280.511
295.382
327.413
357.842
386.749
406.265
412.316
402.87
381.95
361.404
341.402
322.401
304.833
290.586
283.08
285.792
308.61
340.366
370.535
399.195
412.612
412.683
397.082
375.59
355.173
335.661
317.125
299.826
288.673
283.152
293.906
350.248
350.248
376.324
399.228
401.754
401.754
382.443
361.803
322.289
322.289
304.657
289.424
280.915
280.517
299.95
333.384
365.147
395.321
411.495
414.438
401.592
359.909
359.909
339.379
319.876
302.192
290.293
283.523
316.014
316.014
344.57
371.699
397.471
409.371
405.97
388.803
367.949
347.351
327.783
309.98
294.481
284.348
281.076
296.536
327.505
356.927
404.945
404.945
411.207
401.156
360.741
360.741
340.214
320.713
303.164
289.965
281.419
307.43
307.43
338.779
368.561
396.854
412.115
411.737
396.814
375.403
354.952
335.524
317.066
300.075
288.559
282.695
294.099
321.901
348.312
373.403
396.727
406.238
381.396
381.396
360.703
339.944
320.223
302.589
288.309
278.487
279.149
297.94
330.766
361.952
391.578
409.778
400.169
400.169
379.617
338.73
338.73
319.807
289.532
289.532
281.792
289.473
314.231
343.38
371.071
397.378
409.991
405.994
390.115
347.533
347.533
327.203
309.167
282.569
282.569
280.199
294.96
325.807
355.112
382.951
404.486
410.404
401.136
381.767
360.372
340.047
320.738
289.265
289.265
280.333
284.587
305.793
337.594
367.805
396.506
412.014
410.979
397.101
375.503
354.345
334.244
300
300
287.725
282.646
293.353
321.158
347.572
372.665
396.189
405.501
399.401
381.927
360.428
340.004
320.601
302.389
278.012
278.012
279.46
297.276
331.608
364.224
395.209
413.675
415.573
404.389
383.083
362.07
342.109
306.27
306.27
292.75
292.318
292.318
316.715
346.919
375.614
402.873
414.66
411.22
394.996
372.915
351.727
331.599
312.688
297.053
285.333
283.674
297.304
328.789
358.699
387.114
408.914
413.951
405.54
385.448
364.039
343.7
324.379
307.077
292.511
287.229
287.229
308.035
340.853
372.03
401.649
415.474
415.474
401.718
379.14
357.622
337.18
317.83
301.938
288.867
284.69
322.587
322.587
349.583
375.23
407.69
407.69
402.996
384.658
362.915
342.259
322.636
305.136
289.879
280.132
280.577
297.807
332.892
366.222
415.687
415.687
417.684
406.608
384.16
362.294
341.522
321.789
305.024
290.755
284.841
290.7
315.467
345.919
374.848
402.331
413.42
410.884
371.879
371.879
350.524
330.235
312.345
296.031
284.827
282.627
295.79
327.841
358.29
387.217
408.224
413.626
405.767
385.022
363.144
342.36
322.615
305.652
290.369
282.89
306.27
306.27
339.686
371.431
401.589
415.524
415.549
401.048
378.374
356.833
336.37
317.984
300.83
288.171
283.627
292.827
321.638
349.008
375.009
399.3
407.823
403.209
384.409
362.598
341.878
304.802
304.802
288.865
280.077
279.411
297.211
331.431
363.94
412.042
412.042
415.245
381.534
381.534
360.607
340.725
322.137
304.488
290.621
284.238
289.585
315.087
345.259
373.921
401.151
412.513
410.451
393.382
371.462
350.637
330.854
312.931
296.117
285.971
296.267
296.267
327.613
357.391
385.68
406.035
412.487
404.01
383.386
362.483
342.542
323.598
305.685
290.92
285.12
285.12
307.019
339.925
371.185
400.882
415.006
415.943
401.09
379.331
358.66
338.783
319.899
302.463
290.762
284.862
294.519
322.806
349.678
375.206
398.789
402.742
402.742
383.889
363.076
323.547
323.547
305.75
290.463
281.563
280.181
298.438
331.389
362.693
392.431
409.985
414.102
402.09
381.191
360.739
340.386
321.052
303.607
290.613
283.115
313.753
313.753
343.146
371.07
410.34
410.34
407.946
391.149
369.852
349.445
330.058
311.816
295.401
284.985
280.77
295.035
325.621
382.282
382.282
403.009
410.276
401.294
381.73
361.304
340.766
321.256
303.853
290.197
281.482
284.092
305.377
337.498
368.013
397.002
412.579
413.002
377.665
377.665
356.871
337.116
318.348
289.204
289.204
282.8
293.242
320.557
347.267
372.641
396.747
407.336
401.387
383.501
341.826
341.826
321.836
304.286
289.794
279.893
279.509
297.318
361.2
361.2
390.766
409.182
412.766
401.001
380.951
359.85
339.804
320.761
302.786
290.005
281.96
312.392
312.392
342.094
370.312
410.852
410.852
407.879
392.204
371.046
349.578
329.183
311.176
295.617
284.427
280.951
294.629
324.334
352.554
379.362
401.627
408.469
399.812
380.978
359.645
339.372
320.113
301.823
288.213
278.781
282.317
302.938
335.655
366.736
396.262
412.732
412.58
399.242
377.405
356.64
336.914
318.193
301.719
289.429
293.319
293.319
320.289
348.197
374.709
399.895
409.91
404.306
387.045
365.39
344.615
324.879
306.332
291.79
281.621
281.621
298.378
331.557
363.077
393.021
412.609
415.474
405.035
384.071
362.939
342.863
323.791
306.797
285.186
285.186
291.387
345.565
345.565
374.734
402.444
415.029
411.88
396.292
374.266
352.74
332.291
313.464
297.791
285.813
283.377
326.596
326.596
383.438
383.438
405.888
411.928
404.371
384.901
363.556
343.278
324.014
306.556
292.157
283.162
285.983
305.737
339.028
370.654
416.633
416.633
403.459
403.459
380.815
359.044
338.361
318.972
302.701
289.374
284.643
293.313
320.575
349.363
376.712
402.694
411.733
406.94
389.122
346.61
346.61
326.934
309.09
293.636
283.136
299.081
299.081
332.941
365.109
395.668
414.523
417.269
407.095
385.09
363.206
342.416
322.666
305.896
291.301
284.629
289.694
313.386
344.939
374.915
403.393
415.329
413.375
397.328
374.858
353.513
333.234
298.412
298.412
286.638
295.981
295.981
327.087
356.638
384.711
412.757
412.757
405.711
385.425
363.364
342.406
322.496
305.034
281.993
281.993
283.332
337.777
337.777
370.425
401.441
416.404
417.246
403.632
380.665
358.847
338.119
319.453
302.15
288.986
283.952
291.953
319.756
348.013
374.857
400.359
409.652
405.658
387.178
343.984
343.984
323.993
306.663
290.525
281.19
280.07
296.72
330.469
362.53
392.988
411.232
415.186
404.582
361.644
361.644
341.684
322.722
304.996
290.714
284.197
288.373
312.677
344.01
373.777
402.056
413.862
412.425
395.969
373.785
352.711
332.69
297.511
297.511
286.715
282.824
295.07
325.385
354.184
381.542
402.812
409.848
402.201
382.005
360.91
340.869
321.83
303.873
288.679
281.705
281.705
302.45
336.345
368.545
399.135
413.836
401.305
401.305
379.598
358.977
339.055
320.129
302.898
284.507
284.507
292.801
319.833
347.153
373.107
397.763
407.933
403.522
385.399
364.213
344.086
324.966
306.849
291.174
282.097
280.137
297.29
360.544
360.544
389.819
407.87
412.736
401.55
380.725
340.16
340.16
320.98
303.591
290.316
282.803
287.656
311.722
341.802
370.377
397.524
409.067
409.067
392.703
371.419
350.956
331.516
313.047
296.101
285.673
280.803
323.161
323.161
351.201
377.84
399.184
407.134
399.534
380.11
359.552
338.834
319.151
301.641
287.596
278.94
280.542
300.995
334.506
366.341
396.585
412.891
414.367
400.36
358.438
358.438
338.463
319.486
301.943
290.124
283.182
318.49
318.49
345.419
395.305
395.305
406.456
401.707
384.368
363.613
342.427
322.301
304.649
289.758
279.946
278.632
295.269
327.246
357.624
386.483
405.834
410.43
399.687
358.89
358.89
338.603
319.329
288.659
288.659
280.145
285.734
308.981
339.465
368.425
395.937
410.115
407.869
392.781
371.603
350.702
330.846
312.765
285.772
285.772
281.565
294.359
323.197
350.593
376.619
399.342
407.055
398.991
380.553
359.164
338.554
318.975
287.122
287.122
277.737
280.024
299.468
332.839
364.542
394.659
411.909
413.09
400.233
378.957
358.482
339.031
320.552
303.859
290.988
284.201
293.143
347.743
347.743
374.866
400.633
411.523
406.509
389.755
368.353
347.295
327.291
309.012
294.106
282.897
282.19
297.989
330.494
361.373
390.708
411.167
415.182
405.164
384.659
363.342
343.091
323.852
306.299
292.845
284.399
289.698
312.406
343.651
373.334
401.534
415.302
413.082
376.336
376.336
354.631
334.012
315.198
299.438
286.845
283.443
295.289
325.166
353.549
380.513
404.034
410.896
384.638
384.638
363.312
343.053
323.807
306.055
291.451
282.084
284.326
303.128
337.296
369.757
400.594
417.303
405.651
405.651
383.015
361.362
340.791
321.398
304.795
291.229
285.601
293.505
320.074
349.608
377.666
404.322
410.501
410.501
393.135
371.08
350.128
330.223
311.896
296.302
285.28
284.557
299.549
332.793
364.375
394.377
418.46
418.46
408.974
387.591
344.352
344.352
324.34
307.547
292.169
284.788
288.939
311.74
344.071
374.785
403.964
416.714
415.528
400.254
377.516
355.915
335.394
316.671
287.888
287.888
284.63
295.504
325.584
354.16
381.308
404.332
411.343
405.478
385.966
363.795
342.732
322.722
305.567
290.289
281.535
282.491
336.68
336.68
369.969
401.593
417.537
418.522
405.423
382.167
360.075
339.087
320.02
302.86
289.358
283.997
290.853
317.541
346.898
374.788
401.283
410.685
407.515
389.826
367.837
346.949
327.104
309.422
293.161
281.658
281.658
296.29
361.121
361.121
391.126
410.908
415.719
406.215
384.45
363.098
342.814
323.544
305.754
291.251
284.786
288.229
311.313
373.86
373.86
402.808
415.187
414.679
398.74
376.467
355.307
335.205
317.078
300.004
288.593
284.24
295.474
325.612
354.244
381.443
411.361
411.361
404.777
385.193
364.016
343.898
324.786
307.013
291.663
283.287
283.41
303.049
337.204
369.651
416.207
416.207
418.686
405.197
383.296
362.49
342.213
322.95
305.372
292.652
286.401
319.899
319.899
348.079
374.851
400.283
411.086
407.758
389.747
368.164
347.66
328.182
310.066
293.854
284.273
297.328
297.328
329.282
359.639
388.478
407.576
413.072
402.759
382.066
361.496
340.957
321.446
303.907
290.15
282.364
286.014
309.199
340.285
369.816
397.87
411.464
410.69
395.078
373.865
333.874
333.874
315.366
298.108
287.087
281.673
293.478
322.541
376.379
376.379
398.645
407.629
400.564
381.495
361.175
340.557
303.676
303.676
289.143
280.271
280.83
300.578
334.368
366.469
396.965
413.623
415.909
402.634
381.999
361.003
340.974
321.946
303.953
291.754
284.432
292.513
318.335
346.034
372.348
397.346
409.526
405.728
388.565
367.669
346.715
326.809
309.001
293.551
283.483
280.84
296.853
328.292
358.159
386.533
412.431
412.431
402.214
382.655
361.826
341.295
321.791
304.005
290.754
282.055
286.655
309.045
340.031
369.468
397.433
412.726
411.611
396.705
375.184
334.97
334.97
316.536
300.19
288.746
283.451
295.047
323.228
350.001
375.435
398.394
407.3
400.152
382.266
361.104
340.386
302.621
302.621
288.622
278.742
280.338
299.43
333.247
365.373
395.893
413.966
415.807
403.429
382.295
361.648
342.034
323.401
306.218
293.337
286.089
294.163
319.259
348.49
402.642
402.642
414.522
410.088
393.884
372.198
350.586
330.055
311.561
296.4
285.168
283.73
298.596
330.103
360.035
388.47
408.913
413.404
384.356
384.356
362.532
341.799
322.102
304.275
290.595
282.006
286.714
308.091
339.946
370.209
398.959
413.61
411.931
398.142
376.17
354.664
334.233
315.456
299.684
287.16
282.918
293.824
322.499
349.741
375.62
399.854
407.862
402.145
384.125
362.754
342.453
323.166
305.333
290.066
280.062
281.912
300.103
334.652
367.474
398.655
416.468
406.303
406.303
384.068
362.742
342.482
323.235
306.465
292.596
286.336
293.238
318.372
348.308
376.747
403.763
415.167
411.147
394.034
371.607
350.301
330.061
295.511
295.511
284.022
282.853
328.715
328.715
359.3
388.356
409.469
413.594
405.057
384.185
362.465
341.83
322.228
305.577
291.009
282.962
286.166
340.534
340.534
371.554
401.024
414.902
414.183
399.749
376.916
355.224
334.617
315.836
299.359
286.511
282.866
293.055
322.431
350.338
376.85
409.194
409.194
403.934
385.125
342.169
342.169
322.288
305.215
289.954
281.269
282.046
333.931
333.931
366.286
397.024
414.216
416.331
404.337
381.65
360.097
339.622
320.307
303.259
289.526
283.648
289.594
345.905
345.905
374.747
402.146
412.821
410.26
393.06
370.426
348.925
328.498
310.988
294.641
283.881
281.353
327.69
327.69
358.573
387.912
408.278
413.694
405.297
384.3
362.959
342.685
323.425
306.044
291.091
283.774
286.28
308.536
341.322
372.469
402.058
415.512
415.587
378.062
378.062
356.824
318.384
318.384
301.156
289.369
284.685
294.547
323.663
351.323
377.6
400.995
409.394
403.891
384.567
363.032
342.575
305.411
305.411
289.679
281.244
280.572
299.369
333.599
366.117
397.009
413.488
416.621
404.415
382.709
362.088
341.994
322.904
305.42
292.147
285.626
291.579
317.358
374.782
374.782
401.358
412.441
409.778
392.354
370.665
350.061
330.487
312.299
295.306
285.424
281.874
296.168
356.993
356.993
385.143
404.886
411.788
402.632
382.085
361.545
341.085
321.649
304.13
289.99
282.254
285.065
307.557
339.822
370.475
414.16
414.16
414.526
377.812
377.812
357.187
337.589
301.287
301.287
289.921
294.87
294.87
323.191
350.095
375.654
398.871
408.57
402.467
383.832
363.266
342.633
323.032
305.506
290.23
281.182
280.562
332.61
332.61
364.195
394.2
411.748
415.099
402.476
381.729
360.862
340.445
321.049
303.216
290.974
283.238
290.144
315.033
344.039
371.595
397.773
407.132
407.132
390.521
369.489
348.67
328.891
310.94
295.393
285.086
281.548
296.43
327.049
356.138
383.772
405.381
411.657
402.3
382.819
361.813
341.053
321.332
290.207
290.207
281.371
284.945
306.718
338.966
369.601
398.705
414.162
413.784
399.517
378.056
357.473
337.919
319.343
302.323
290.379
284.25
294.994
322.343
348.867
374.065
398.002
407.793
401.503
383.664
362.71
341.809
321.954
304.085
289.887
279.868
298.379
298.379
331.883
363.711
393.948
412.872
415.645
403.824
383.147
362.017
341.943
322.874
305.421
292.452
291.663
291.663
315.964
345.745
374.038
400.916
413.822
410.25
394.324
373.118
351.587
331.132
313.086
297.431
285.923
283.374
297.476
328.19
385.087
385.087
406.918
413.02
404.273
384.759
363.508
343.32
324.142
305.955
291.992
282.713
286.562
307.347
371.399
371.399
401.043
416.682
415.862
402.4
380.257
358.611
338.048
319.122
290.384
290.384
285.347
295.305
351.334
351.334
377.848
403.036
412.204
406.402
388.524
366.511
345.599
325.732
307.448
292.586
282.012
282.785
299.755
334.283
367.085
416.903
416.903
418.749
407.973
364.968
364.968
344.617
325.284
308.591
294.582
287.5
293.576
317.798
348.384
377.44
405.044
416.793
413.718
397.715
353.678
353.678
333.297
314.509
298.784
286.971
285.081
297.994
329.425
359.285
387.652
415.536
415.536
407.744
365.7
365.7
345.046
325.424
308.29
293.373
284.765
287.632
308.202
341.767
373.653
403.945
418.817
418.473
381.983
381.983
360.263
339.63
320.279
303.711
290.494
295.014
295.014
323.14
350.975
377.419
402.541
411.21
406.639
388.091
366.093
345.194
325.34
307.956
292.559
282.625
282.398
299.233
333.785
397.792
397.792
415.7
418.37
407.419
385.096
363.329
342.65
323.005
305.851
291.381
285.009
290.049
314.595
345.304
374.477
402.192
413.552
395.003
395.003
372.375
350.878
330.456
312.65
295.918
284.793
281.974
294.6
326.218
356.256
384.791
406.026
412.02
404.542
383.856
341.845
341.845
322.402
289.888
289.888
282.232
284.059
305.042
338.738
370.75
401.161
415.461
416.299
401.955
379.522
337.965
337.965
319.666
302.309
289.778
284.839
293.392
321.587
348.854
374.758
399.367
408.571
404.296
385.529
363.778
343.115
323.485
306.019
290.085
281.376
279.824
330.864
330.864
362.622
392.793
410.755
414.915
403.511
361.133
361.133
341.063
321.996
304.62
290.878
284.354
289.304
314.32
344.891
373.933
401.523
413.484
412.116
373.317
373.317
352.57
332.86
314.647
297.607
287.296
283.316
296.724
327.301
356.348
383.944
404.865
412.207
403.827
383.551
362.8
342.507
323.229
305.495
282.646
282.646
284.218
305.661
338.946
370.566
400.606
415.412
416.526
401.823
380.559
360.127
340.074
321.025
303.569
291.797
285.484
294.754
322.241
349.009
374.439
398.597
408.904
403.685
385.379
364.817
344.263
324.737
307.207
291.847
282.422
281.001
298.793
331.315
362.21
391.561
409.655
413.862
402.173
382.064
361.332
340.829
321.35
303.654
283.149
283.149
288.712
313.005
342.579
370.675
397.366
410.738
408.456
392.238
370.988
350.559
331.151
312.956
296.62
286.044
281.679
295.538
325.233
353.442
380.242
409.282
409.282
400.709
381.503
360.86
339.914
320.015
302.446
288.846
279.799
282.345
303.169
335.882
366.96
396.484
412.738
413.513
399.667
378.552
357.955
338.388
319.8
302.728
290.49
283.758
293.602
320.292
347.729
373.794
398.556
404.111
404.111
386.745
365.76
324.341
324.341
306.477
291.838
281.531
281.022
298.078
330.584
361.464
390.801
414.527
414.527
403.363
383.322
361.974
341.693
322.426
304.487
291.292
282.813
288.916
342.673
342.673
371.654
399.186
412.831
409.874
394.631
373.267
351.665
331.142
312.953
297.305
285.731
282.303
295.351
324.498
352.187
401.095
401.095
408.117
381.563
381.563
360.243
339.989
320.747
302.635
288.9
279.354
282.572
302.591
335.796
367.34
397.307
413.998
401.382
401.382
379.462
358.418
338.426
319.653
303.328
284.556
284.556
293.65
320.269
348.903
376.106
401.949
412.169
406.919
389.708
367.73
346.852
327.018
308.276
293.404
282.572
282.672
298.897
332.249
363.934
394.034
416.774
416.774
406.656
385.542
364.222
343.967
324.724
307.761
293.663
285.966
291.323
314.357
345.969
376
404.529
417.484
414.962
377.046
377.046
355.709
335.438
316.212
300.402
287.958
297.177
297.177
327.652
384.106
384.106
407.248
413.398
406.418
386.844
365.178
344.594
325.04
307.67
292.287
283.162
285.38
304.971
339.356
372.022
403.055
419.04
406.467
406.467
383.499
361.678
340.949
321.301
304.533
290.878
286.028
294.041
321.479
350.691
378.442
404.806
414.055
409.832
391.928
369.858
328.974
328.974
311.164
295.091
284.695
283.916
299.321
333.2
365.386
395.962
415.258
418.6
408.814
386.778
364.925
344.166
307.174
307.174
292.33
285.593
289.929
313.466
345.386
375.71
404.518
416.479
415.27
399.504
376.672
354.981
334.375
316.127
299.289
287.49
284.166
295.629
326.411
355.654
383.434
405.906
412.516
405.933
385.808
363.803
342.899
323.039
305.763
290.475
283.319
283.319
303.251
337.824
401.872
401.872
417.17
404.828
404.828
382.111
360.529
340.027
321.367
303.77
290.534
285.157
292.663
320.223
348.423
375.212
400.662
410.451
406.74
388.54
345.846
345.846
308.445
308.445
292.124
282.784
280.964
330.016
330.016
361.329
391.076
409.557
414.075
403.676
382.171
361.409
341.553
322.689
304.901
290.795
284.021
287.868
311.946
343.198
372.888
401.093
413.747
413.032
396.837
374.986
354.228
334.508
316.199
299.041
288.239
295.866
295.866
326.052
354.729
381.972
402.898
410.705
403.922
384.104
362.855
342.352
322.875
304.688
289.453
281.006
281.918
302.573
336.298
368.336
398.773
414.404
416.23
402.455
381.052
360.695
340.544
321.4
304.026
291.834
285.361
293.527
320.382
347.879
374.002
398.818
409.66
405.591
387.687
366.787
346.36
326.954
309.09
283.715
283.715
281.231
297.813
329.893
360.369
389.322
408.37
413.567
402.737
382.6
361.945
341.375
321.832
304.216
290.983
283.146
311.239
311.239
342.125
371.467
399.342
413.097
411.614
395.937
374.455
353.913
334.399
315.86
298.982
287.938
282.797
295.44
324.589
352.281
378.588
400.757
409.238
401.51
382.649
362.077
321.523
321.523
304.006
289.981
280.765
282.266
302.205
367.464
367.464
397.668
416.178
416.178
402.776
381.91
360.768
340.683
321.603
303.96
284.562
284.562
293.309
319.446
347.02
373.215
398.101
409.911
405.235
388.412
367.378
346.026
325.742
307.842
292.786
282.314
280.742
328.861
328.861
359.192
388.007
408.021
412.759
402.303
382.602
361.239
340.944
321.664
303.49
290.466
281.682
287.191
309.721
340.563
369.863
397.697
412.336
410.296
395.466
374.034
352.883
332.79
314.492
298.603
286.915
282.553
294.497
323.251
376.518
376.518
399.998
408.107
400.677
382.466
361.012
340.616
321.241
302.848
288.881
279.017
281.338
300.448
334.353
366.562
397.161
414.812
403.244
403.244
381.504
360.534
340.613
321.688
304.796
291.522
284.746
292.786
317.958
347.038
374.665
400.91
412.024
407.774
391.125
348.292
348.292
328.269
309.656
283.111
283.111
282.421
297.504
330.008
360.887
390.222
410.906
414.91
405.564
385.027
363.687
343.414
324.155
307.015
292.882
284.687
289.411
311.318
343.225
373.537
416.288
416.288
414.422
400.001
377.685
356.229
335.845
316.737
300.9
288.224
284.828
296.088
325.604
353.643
380.281
404.525
411.958
387.131
387.131
365.513
344.976
325.466
307.773
292.759
283.2
284.674
303.082
370.707
370.707
402.005
419.082
420.246
408.215
385.378
363.592
342.896
323.234
306.473
292.455
286.881
294.028
320.194
350.213
378.731
405.823
415.972
412.514
395.265
372.932
351.716
331.561
313.389
297.72
286.751
285.189
299.571
332.479
363.743
393.443
413.77
417.94
408.89
387.555
344.41
344.41
324.442
307.409
292.526
285.233
288.762
311.106
343.69
374.645
404.052
417.067
416.363
401.199
378.314
356.573
335.92
317.618
300.675
288.252
284.571
294.928
324.734
353.049
379.948
410.671
410.671
405.286
385.883
363.874
342.965
323.102
305.902
290.191
281.749
282.197
301.1
336.193
369.531
401.203
417.535
419.641
407.077
384.432
362.918
342.481
323.72
306.071
292.341
286.643
293.164
319.805
348.921
376.582
402.859
410.387
410.387
392.454
370.147
348.955
311.182
311.182
294.546
284.687
282.215
297.128
329.666
360.577
389.942
409.435
414.769
405.402
384.145
363.159
343.223
324.283
306.409
291.851
284.646
287.337
342.644
342.644
373.401
402.619
415.892
415.885
400.256
378.327
357.495
337.704
319.04
301.827
290.529
285.444
295.972
325.382
353.322
379.865
402.859
411.371
405.055
385.561
364.49
344.286
325.092
307.045
291.693
283.281
282.84
302.388
336.252
368.422
398.984
415.382
418.211
405.074
383.535
362.925
342.549
323.191
305.599
285.941
285.941
292.84
318.903
347.481
374.631
400.423
411.628
408.179
390.889
369.542
348.983
329.452
311.177
294.893
285.06
281.821
328.387
328.387
358.125
386.377
405.779
411.727
401.779
381.499
361.039
340.537
321.06
303.622
290.146
281.988
285.394
307.965
339.565
369.586
412.596
412.596
412.24
375.544
375.544
354.699
334.897
316.085
287.721
287.721
281.954
293.575
321.972
348.948
374.576
397.602
407.116
400.565
381.987
361.591
340.771
320.993
303.647
289.245
279.771
280.121
299.199
332.714
364.553
394.8
412.149
414.708
401.952
381.306
360.244
340.235
321.226
290.98
290.98
283.211
290.946
315.855
344.411
371.54
397.312
409.689
405.716
389.245
368.315
347.023
326.795
308.987
293.618
282.909
280.281
295.471
355.541
355.541
383.342
404.025
409.837
400.096
380.861
359.542
339.203
319.88
301.61
288.436
279.525
283.984
337.169
337.169
367.109
395.551
410.905
409.855
395.649
353.587
353.587
333.839
315.655
299.872
287.791
282.556
293.839
321.67
348.184
373.371
397.299
406.55
399.977
382.466
361.214
340.694
321.199
303.011
288.712
278.531
279.912
298.273
332.377
364.776
395.555
413.856
404.142
404.142
383.027
361.992
323.023
323.023
305.986
285.285
285.285
292.661
316.986
346.528
374.593
401.255
413.214
409.396
393.259
371.558
350.247
330.003
311.464
296.433
284.761
282.93
296.892
328.085
357.718
385.87
407.555
412.495
403.781
383.592
362.324
342.121
322.927
305.631
291.372
282.559
286.414
307.28
339.455
370.022
399.06
413.909
412.969
377.103
377.103
355.434
334.849
315.919
299.896
287.006
282.978
293.195
321.427
349.17
375.525
400.563
408.717
403.056
384.891
363.131
342.458
305.141
305.141
289.884
279.826
280.777
298.218
332.936
365.918
397.251
415.098
416.68
405.4
383.101
361.093
340.185
320.323
303.599
289.431
283.348
289.595
314.657
345.349
374.507
413.277
413.277
410.501
371.678
371.678
350.416
330.218
312.025
284.444
284.444
282.596
296.069
328.59
359.485
409.927
409.927
414.879
406.8
386.46
364.476
343.591
323.75
306.616
291.285
283.565
286.376
307.309
340.762
402.735
402.735
416.78
416.482
379.258
379.258
357.411
336.657
318.02
301.211
288.315
284.229
293.618
322.48
349.914
375.976
400.734
409.028
404.15
385.319
363.173
342.135
322.148
305.09
289.372
280.394
280.248
298.148
365.167
365.167
396.185
413.802
404.848
404.848
382.541
361.349
322.164
322.164
304.946
290.972
284.894
290.486
315.912
375.161
375.161
402.582
413.364
411.246
394.104
371.787
350.586
330.445
312.692
295.952
285.336
282.303
295.927
327.817
358.112
386.893
407.405
404.697
404.697
383.898
362.795
342.747
323.702
305.859
291.042
283.459
285.547
340.55
340.55
371.868
401.621
415.445
416.368
401.338
358.022
358.022
337.975
319.383
302.021
289.999
284.607
294.193
322.568
349.524
375.132
408.367
408.367
403.216
384.424
363.137
342.914
323.702
305.724
290.438
281.663
280.456
298.722
332.195
363.995
394.205
411.41
415.161
403.15
361.351
361.351
341.114
321.888
304.437
291.4
284.439
290.286
315.365
344.998
373.15
399.895
409.592
409.592
392.576
371.092
350.682
331.293
312.903
296.221
286.001
282.036
296.184
326.964
356.204
383.983
404.477
411.704
402.669
382.684
341.664
341.664
322.163
304.697
290.733
282.415
284.741
306.642
339.307
370.338
399.817
414.784
415.133
400.347
379.219
358.363
338.549
302.134
302.134
290.743
284.337
294.631
322.384
348.75
373.797
397.433
407.602
401.668
383.575
362.953
342.182
322.448
304.883
289.639
280.148
279.563
297.804
361.97
361.97
391.667
413.617
413.617
401.713
381.393
340.306
340.306
321.197
303.234
290.562
282.419
289.095
313.661
343.045
370.96
397.479
410.941
408.095
391.951
370.898
349.918
329.987
312.032
296.43
285.533
281.843
296.053
355.449
355.449
382.938
411.387
411.387
402.402
383.346
362.201
341.725
322.272
304.182
290.682
281.443
284.787
305.8
338.536
369.635
399.18
415.301
415.199
401.193
379.466
358.814
339.193
320.554
303.701
291.606
295.461
295.461
321.88
349.378
375.501
400.318
410.767
404.331
386.873
365.175
343.898
323.685
305.146
290.505
279.767
280.092
297.11
362.87
362.87
393.305
412.635
415.77
404.675
383.914
362.869
342.876
323.883
306.514
292.954
284.909
291.416
314.974
346.049
375.57
403.614
416.562
413.084
397.305
353.806
353.806
333.327
314.584
298.855
286.74
284.096
297.307
327.761
356.694
384.179
406.663
412.787
404.489
385.211
363.944
343.741
324.547
306.608
292.156
286.185
286.185
306.118
339.15
370.531
400.343
416.349
416.058
402.965
380.756
359.327
338.97
319.96
303.962
290.781
285.953
295.105
322.115
377.411
377.411
403.003
412.172
389.565
389.565
367.846
347.212
327.61
309.585
294.106
283.515
283.787
299.967
333.837
366.014
396.583
415.566
418.069
407.687
364.454
364.454
343.939
324.45
307.721
293.362
286.269
291.616
315.276
346.58
376.319
404.571
416.491
413.958
398.098
375.467
353.968
333.543
314.82
298.734
286.612
284.11
296.183
327.296
356.853
384.933
407.193
412.98
405.697
385.536
363.707
342.971
323.271
306.13
282.448
282.448
284.57
304.664
338.585
370.81
401.423
416.31
416.544
403.01
379.929
358.001
337.17
301.275
301.275
288.137
283.738
292.039
319.954
348.01
374.664
399.984
408.799
404.901
364.494
364.494
343.531
323.617
306.452
290.36
280.846
280.178
296.639
330.666
362.992
393.702
412.019
415.382
382.646
382.646
361.305
341.032
321.772
304.367
289.941
283.434
288.225
312.64
343.776
373.355
401.455
413.163
411.884
395.412
372.927
351.567
331.274
313.488
285.643
285.643
282.128
294.446
325.365
354.738
382.643
404.097
410.79
403.605
383.424
362.082
341.807
322.546
305.003
282.111
282.111
283.368
304.144
370.165
370.165
400.721
415.221
416.564
402.431
380.226
359.131
339.092
320.292
302.857
290.521
284.891
293.138
320.965
348.305
374.279
398.954
408.658
404.516
385.946
364.408
343.947
324.508
306.813
290.914
281.756
279.951
296.851
329.605
360.722
390.282
408.282
412.77
401.673
380.552
340.073
340.073
320.835
303.592
290.009
282.941
287.681
312.249
342.629
371.49
398.908
411.592
410.215
393.71
372.232
351.827
332.443
314.07
286.62
286.62
281.923
294.895
324.834
353.276
380.296
401.458
409.223
401.295
381.456
340.585
340.585
321.133
303.754
280.736
280.736
282.176
303.019
336.786
368.865
399.34
414.617
416.117
401.911
380.821
360.124
340.227
321.325
303.603
291.817
285.122
294.047
320.707
347.728
373.398
397.784
403.596
403.596
385.652
365.101
344.11
324.169
306.692
291.358
281.69
279.852
328.68
328.68
358.921
387.651
406.378
411.17
400.014
379.871
359.135
338.644
319.178
301.477
288.837
280.687
286.196
309.88
339.984
368.583
395.752
409.787
407.462
391.779
370.787
350.058
330.365
312.445
296.182
285.294
280.804
294.029
323.537
351.57
378.201
400.326
408.271
400.135
381.393
360.766
339.797
302.326
302.326
288.674
279.307
281.817
301.917
335.025
366.478
396.358
413.075
400.58
400.58
379.376
358.783
339.22
320.636
303.448
291.09
284.312
293.52
319.695
373.727
373.727
398.734
409.678
404.389
387.418
366.129
344.948
324.825
306.666
292.009
281.335
280.471
296.914
329.237
359.944
409.004
409.004
412.956
402.435
361.231
361.231
341.202
322.175
304.432
291.034
282.694
311.221
311.221
342.026
371.289
399.09
413.094
410.654
396.001
374.506
352.865
332.306
313.996
298.296
286.188
282.72
294.935
324.179
351.961
378.353
401.456
409.036
382.879
382.879
361.58
341.346
322.123
304.175
289.905
280.022
282.672
301.882
335.619
367.668
398.116
415.219
415.362
403.047
380.961
339.285
339.285
320.387
304.003
290.501
284.511
292.859
319.01
347.986
375.513
401.664
411.839
407.325
390.208
347.328
347.328
327.483
308.9
293.455
282.368
282.058
297.626
330.828
362.37
392.335
412.123
415.544
406.207
385.022
363.431
342.921
323.435
292.103
292.103
284.599
289.402
312.126
344.09
374.456
403.304
416.302
414.42
399.314
376.618
355.057
334.574
315.583
299.473
286.98
283.974
295.337
325.466
354.089
381.281
404.691
411.446
404.946
385.445
363.581
342.81
323.078
305.944
290.647
281.923
283.581
302.761
336.776
369.09
399.788
415.736
404.052
404.052
381.238
359.563
338.973
319.778
302.846
289.25
284.265
291.661
318.634
347.663
375.24
401.438
411.202
407.776
390.009
367.728
326.452
326.452
308.915
292.751
282.524
281.26
296.381
329.525
361.013
390.926
410.104
414.136
404.826
361.92
361.92
341.584
322.266
289.833
289.833
283.143
286.881
341.862
341.862
372.113
400.852
413.244
412.42
396.647
373.97
352.426
331.96
313.917
296.961
285.387
281.602
292.607
322.81
351.502
378.76
401.358
408.57
382.475
382.475
360.932
321.024
321.024
303.806
288.616
280.658
281.28
301.081
335.787
368.758
400.08
415.315
417.122
403.797
381.513
360.343
340.232
321.453
304.053
285.318
285.318
292.369
319.253
347.595
374.521
400.1
410.142
406.824
388.724
366.902
346.171
326.476
308.647
282.875
282.875
280.399
296.211
359.049
359.049
388.132
407.271
412.524
402.546
381.425
360.839
340.714
321.595
304
289.925
282.538
286.279
309.731
341.191
371.078
399.471
412.076
412.076
396.188
354.264
354.264
334.86
316.527
299.253
288.46
283.27
295.119
324.513
352.438
378.966
401.11
409.693
402.482
362.002
362.002
341.855
322.714
304.844
289.602
281.13
281.594
301.447
335.566
367.98
398.773
414.791
417.164
403.561
382.45
361.811
341.599
322.398
304.761
292.518
285.58
293.424
319.499
347.46
374.023
399.258
410.65
406.698
389.146
368.164
347.454
327.779
309.865
294.073
281.492
281.492
297.574
358.924
358.924
387.319
406.766
412.301
401.766
381.823
361.091
340.508
320.955
303.266
290.089
281.919
286.309
308.982
339.799
369.075
411.328
411.328
410.28
373.884
373.884
353.477
334.091
315.675
298.981
287.642
282.204
294.347
322.902
350.029
375.8
398.757
400.275
400.275
381.988
361.234
340.358
320.526
302.845
288.978
279.433
280.724
300.045
334.128
366.507
397.267
414.695
416.483
403.674
382.621
361.526
341.486
322.448
304.859
292.469
285.025
293.2
318.307
346.75
373.772
399.441
411.544
407.035
390.376
347.986
347.986
327.742
309.794
294.879
283.909
282.185
297.577
329.06
358.97
387.383
408.247
413.33
383.692
383.692
362.468
342.305
305.095
305.095
291.399
282.569
287.588
309.327
340.795
370.69
399.091
413.989
412.369
398.054
376.39
354.936
334.555
316.065
300.262
287.936
283.475
295.077
323.761
351.011
376.898
400.848
402.457
402.457
384.372
362.894
342.49
323.106
304.74
290.363
280.241
282.147
300.581
334.878
367.461
398.415
417.411
417.411
405.7
383.933
342.762
342.762
323.707
307.061
293.42
286.802
294.123
319.189
348.649
376.635
403.223
414.246
410.132
393.595
350.364
350.364
330.355
311.477
295.903
284.336
283.241
297.686
329.952
360.605
389.725
410.883
415.143
406.283
385.969
364.573
344.246
307.847
307.847
293.322
285.102
310.491
310.491
343.099
374.076
403.505
417.673
416.265
401.746
379.137
357.657
337.252
318.042
301.778
285.059
285.059
295.397
324.594
352.332
378.682
403.359
405.454
405.454
386.677
365.024
344.455
324.913
307.547
292.169
282.908
283.766
337.102
337.102
370.626
402.474
421.011
421.011
409.07
386.387
364.584
343.87
324.193
292.958
292.958
287.183
293.714
319.537
349.499
377.963
405.004
415.597
412.841
395.783
373.429
352.192
332.018
314.034
297.543
286.617
284.745
298.605
331.168
362.103
391.491
411.877
416.633
386.862
386.862
364.91
344.055
324.243
307.018
284.501
284.501
287.37
309.626
374.262
374.262
404.177
417.612
417.612
402.496
379.59
357.83
337.158
318.796
301.596
289.319
285.511
295.225
324.493
352.297
378.712
402.634
410.803
405.427
364.085
364.085
343.259
323.475
305.924
290.197
281.836
281.556
300.01
334.213
366.706
397.574
414.078
416.832
404.474
361.283
361.283
341.293
305.124
305.124
291.811
285.53
291.583
317.263
346.588
374.446
411.687
411.687
409.042
369.662
369.662
348.723
328.831
310.705
293.672
283.834
295.105
295.105
327.47
358.217
387.426
407.056
413
403.733
382.888
362.124
342.017
322.915
305.15
290.679
282.962
285.695
308.178
340.228
399.601
399.601
413.429
413.476
398.254
376.626
336.524
336.524
317.946
300.657
289.248
284.229
294.321
322.911
350.072
375.874
398.637
407.808
401.81
362.115
362.115
341.967
305.122
305.122
289.866
281.297
280.675
299.864
333.162
364.795
394.846
411.813
415.314
402.594
381.701
361.017
340.824
321.641
303.96
284.319
284.319
316.447
316.447
345.329
372.768
398.834
410.972
407.815
390.847
369.862
349.186
329.544
311.625
295.372
285.259
281.623
296.705
327.533
356.82
384.642
411.533
411.533
401.873
381.78
340.117
340.117
320.245
302.576
289.249
280.64
283.743
305.409
337.365
367.723
396.563
411.577
411.442
396.716
375.717
355.263
335.832
317.372
300.145
288.509
282.471
293.59
321.353
347.728
372.784
396.271
406.062
399.726
381.763
361.153
340.313
320.515
302.967
288.804
278.986
279.377
297.804
331.183
362.893
393.017
411.15
413.89
401.705
381.167
360.11
321.103
321.103
303.453
291.055
283.208
290.754
344.23
344.23
371.66
397.719
410.593
406.885
390.695
369.553
348.139
327.797
309.799
294.456
283.426
280.677
295.28
325.752
354.701
382.202
409.469
409.469
400.351
381.208
359.797
339.457
320.133
302.105
288.685
279.742
283.995
305.101
337.402
368.088
397.239
413.002
412.203
398.479
376.745
355.738
335.782
317.183
288.511
288.511
283.193
293.654
321.292
348.526
374.398
398.976
408.36
402.456
384.75
363.178
342.684
323.215
304.846
290.464
279.918
280.937
298.356
332.246
364.442
395.028
413.879
415.832
383.658
383.658
362.428
342.26
306.106
306.106
292.525
285.15
291.915
316.09
346.443
375.279
402.673
414.894
411.545
395.567
373.506
352.112
331.788
312.916
297.27
285.427
283.578
296.972
328.198
386.043
386.043
408.19
413.533
385.667
385.667
364.218
343.843
324.486
307.173
292.603
283.691
287.072
307.675
340.596
371.871
401.582
416.637
415.863
402.387
379.852
358.201
337.633
318.335
302.15
289.012
284.623
294.054
322.411
350.394
376.977
410.983
410.983
406.007
387.741
366.026
345.396
325.798
308.129
292.723
282.464
282.885
299.641
334.294
367.214
416.653
416.653
418.894
408.269
386.071
364.244
343.509
323.81
306.805
292.509
286.297
291.763
316.29
347.064
376.299
404.073
415.24
396.419
396.419
373.9
352.507
332.184
314.1
297.675
286.084
283.853
296.615
328.378
358.554
387.22
408.704
406.379
406.379
385.575
363.582
342.689
322.84
305.575
290.296
282.559
284.767
305.747
339.501
371.568
416.455
416.455
416.839
402.743
380.057
358.506
338.033
319.458
302.228
289.476
284.965
293.836
322.648
350.02
400.708
400.708
409.474
405.291
386.593
364.573
343.654
323.781
306.26
290.312
281.433
280.617
298.011
332.092
364.469
395.227
412.703
416.026
382.914
382.914
362.06
323.499
323.499
305.75
291.805
285.473
290.378
315.597
345.882
374.653
401.986
413.275
411.523
394.613
372.523
351.537
331.601
313.656
296.662
286.295
282.604
295.779
326.61
355.899
383.724
404.55
411.271
403.38
382.842
362.103
342.232
323.355
305.59
290.781
283.049
284.664
306.23
339.266
370.65
400.465
414.875
416.031
401.346
379.588
358.918
339.085
302.966
302.966
290.927
294.287
294.287
322.166
348.797
398.131
398.131
407.825
402.792
384.237
363.217
342.986
323.767
305.77
289.993
281.078
279.586
297.76
330.821
362.229
392.067
409.811
414.067
402.407
381.451
360.886
340.364
320.869
303.333
283.075
283.075
288.683
313.078
342.993
371.412
398.41
410.965
408.864
392.663
350.438
350.438
330.81
312.339
295.499
285.33
281.163
295.232
325.616
354.481
381.903
403.047
410.568
401.892
361.656
361.656
340.977
321.332
303.749
289.935
281.275
283.523
304.788
337.304
368.194
397.539
413.149
413.811
399.548
378.45
357.406
318.421
318.421
300.751
288.988
282.434
319.482
319.482
346.502
372.171
396.556
407.256
401.69
383.928
363.41
342.413
322.466
305.021
290.25
280.339
279.429
296.866
360.229
360.229
389.555
412.255
412.255
400.73
380.694
359.534
339.432
320.335
302.485
289.815
281.549
287.897
311.829
341.933
370.532
397.701
411.385
408.662
393.145
371.911
350.564
330.285
312.194
296.584
285.265
295.108
295.108
324.991
353.38
380.349
402.642
409.66
401.118
382.221
361.008
340.687
321.382
303.21
289.498
283.348
283.348
303.959
337.058
368.502
398.374
415.222
415.226
402.126
380.399
359.573
339.788
320.992
304.493
292.154
285.821
295.453
322.136
349.99
376.451
401.589
412.073
389.986
389.986
368.25
346.944
326.702
308.131
282.574
282.574
282.763
299.302
332.426
363.894
393.788
413.488
406.145
406.145
385.31
364.16
344.068
324.98
307.819
294.18
286.058
291.875
315.05
345.703
374.823
402.488
415.613
412.689
397.451
375.559
353.98
314.786
314.786
299.047
286.812
283.973
296.479
326.793
355.591
382.949
405.983
412.441
405.091
385.71
364.308
324.661
324.661
307.055
292.57
283.396
286.121
305.822
371.469
371.469
401.852
418.032
417.869
404.966
382.324
360.553
339.87
320.483
304.459
285.818
285.818
294.384
321.527
350.422
377.872
403.95
413.336
408.762
391.154
369.236
348.413
328.632
295.096
295.096
284.504
284.327
333.849
333.849
366.148
396.832
415.989
418.929
408.932
387.218
365.081
344.05
324.07
307.158
292.783
285.692
290.436
314.047
346.145
376.638
405.607
417.551
415.617
376.962
376.962
355.376
334.869
316.203
299.665
287.503
284.499
296.132
326.9
356.13
383.899
406.515
412.641
406.245
386.319
364.214
343.214
323.264
306.241
290.929
282.661
284.186
304.15
338.575
371.279
402.348
417.752
418.714
382.438
382.438
360.696
340.041
321.249
304.181
290.794
285.892
293.476
321.074
349.573
376.647
402.368
411.665
389.832
389.832
367.369
346.028
325.755
308.356
292.098
282.686
281.198
297.342
330.723
362.436
392.563
411.037
415.116
404.673
382.88
361.806
322.767
322.767
305.149
290.88
284.146
288.138
311.922
343.303
401.437
401.437
413.668
412.627
396.429
374.129
352.944
332.818
314.641
297.512
286.667
282.73
294.571
325.087
354.076
381.616
403.226
410.493
383.126
383.126
361.946
341.825
304.987
304.987
289.883
281.888
282.704
303.296
337.405
400.59
400.59
415.623
417.526
403.533
381.582
340.597
340.597
321.473
304.045
291.787
285.608
293.471
320.536
348.097
374.28
399.154
409.387
405.375
387.188
365.927
345.729
326.542
308.489
282.975
282.975
280.5
297.204
329.548
360.274
389.465
407.929
412.992
401.981
381.272
360.845
340.563
321.295
303.867
290.44
282.786
287.279
311.243
370.879
370.879
398.48
411.652
410.523
394.428
373.127
352.52
332.944
314.347
297.341
286.934
281.947
294.629
324.159
352.213
378.864
400.571
408.871
401.088
381.754
361.252
340.594
320.969
303.506
289.349
280.558
281.862
336.002
336.002
368.018
398.433
414.476
416.014
402.219
381.146
359.978
339.869
320.766
302.751
290.891
283.925
292.522
318.835
372.072
372.072
396.711
408.04
386.015
386.015
365.272
344.319
324.415
306.752
291.414
281.341
279.538
296.079
327.777
357.89
386.497
405.9
410.95
400.106
380.101
359.147
338.922
319.709
301.774
288.829
280.219
285.704
308.792
339.224
368.135
395.6
410.055
393.236
393.236
372.126
351.459
331.825
313.786
298.097
286.731
281.988
294.792
323.563
350.896
376.862
408.263
408.263
400.178
361.26
361.26
341.072
321.892
290.288
290.288
280.62
282.74
302.245
335.68
367.444
397.62
415.002
416.121
403.117
381.696
360.739
340.83
321.917
304.883
292.08
293.526
293.526
319.195
347.749
400.644
400.644
411.843
406.786
390.021
368.561
347.274
327.052
308.741
293.995
282.816
281.97
297.605
329.915
389.768
389.768
410.227
414.449
384.612
384.612
363.453
343.353
324.258
306.77
284.421
284.421
289.591
311.978
343.301
373.057
401.326
415.467
413.407
398.628
376.556
355.034
334.589
315.719
299.933
287.58
284.007
295.819
325.013
352.748
379.095
403.001
410.528
404.063
385.664
364.011
343.441
323.899
305.664
291.187
281.864
284.228
302.631
336.677
369.021
399.748
417.593
417.593
405.425
383.123
341.625
341.625
322.42
292.231
292.231
286.458
294.363
320.53
350.131
378.253
415.374
415.374
411.434
394.289
371.736
350.311
329.957
311.34
295.773
285.017
284.479
299.202
332.326
363.793
414.119
414.119
418.054
387.922
387.922
366.066
345.303
325.578
308.475
293.76
286.122
290.066
312.438
376.436
376.436
406.056
419.303
418.093
402.946
379.988
358.177
337.457
318.504
301.985
289.382
285.935
296.668
326.477
381.697
381.697
405.216
412.389
406.544
387.066
364.998
344.034
324.117
306.831
291.204
282.521
283.312
337.541
337.541
371.046
402.875
420.749
420.749
408.421
385.316
363.366
342.513
323.422
306.305
292.475
286.86
293.733
320.486
350.109
378.251
404.985
414.866
411.834
393.968
371.175
349.521
311.237
311.237
294.921
284.975
283.133
297.913
330.037
389.547
389.547
414.25
414.25
404.846
383.446
362.084
322.509
322.509
304.977
290.477
283.455
286.708
342.167
342.167
372.913
402.122
415.056
414.977
399.362
376.948
335.424
335.424
317.12
288.327
288.327
284.084
294.745
324.47
352.708
379.535
402.425
410.515
404.359
384.557
363.211
342.932
323.668
305.717
290.431
282.147
281.985
301.378
335.63
399.084
399.084
414.983
417.668
382.732
382.732
361.842
341.646
322.46
304.992
292.069
285.459
292.258
318.534
347.113
374.263
400.056
410.862
407.5
389.906
368.162
347.506
327.883
309.939
293.406
283.691
280.662
296.022
357.959
357.959
386.624
411.779
411.779
381.26
381.26
360.913
340.514
321.134
303.794
289.899
282.211
285.581
308.886
340.543
370.617
399.187
413.017
412.695
397.291
375.975
355.459
335.967
317.45
299.86
288.837
283.36
294.86
323.783
351.259
399.689
399.689
408.695
401.838
382.879
362.466
341.593
321.764
289.845
289.845
280.808
280.984
300.548
334.133
366.039
396.35
413.24
415.899
402.772
382.029
361.153
340.813
321.49
303.641
284.059
284.059
291.839
317.258
345.476
372.283
397.75
409.835
405.898
388.9
367.965
347.085
327.25
309.397
293.927
283.588
280.704
296.299
327.373
356.893
384.938
410.613
410.613
400.494
380.469
359.449
338.631
318.853
287.814
287.814
278.938
305.205
305.205
336.595
366.416
394.745
409.773
408.714
394.194
373.036
352.701
333.382
315.265
298.665
286.935
281.309
292.877
320.875
372.74
372.74
396.261
405.456
398.54
380.767
359.982
339.288
319.627
301.9
287.971
279.172
279.172
298.057
331.949
364.145
394.732
412.926
402.802
402.802
382.017
361.104
341.236
322.362
305.018
292.191
284.599
292.256
316.96
346.042
373.67
399.917
411.953
407.925
391.576
370.228
348.873
328.585
310.387
295.259
283.813
296.66
296.66
327.938
357.653
407.431
407.431
412.716
403.572
383.901
362.718
342.593
323.475
305.609
291.799
282.828
287.358
308.678
340.589
370.905
399.705
414.861
413.433
399.514
377.516
355.796
335.161
316.381
300.562
283.393
283.393
294.164
322.573
349.895
375.851
400.509
408.99
402.969
385.066
363.538
343.086
323.657
305.692
291.061
280.824
281.994
299.648
334.25
367.121
398.349
416.474
417.787
384.59
384.59
363.279
343.034
323.801
307.17
293.289
286.67
293.262
318.029
348.344
377.144
404.503
412.123
412.123
395.683
373.222
351.885
331.615
312.983
297.334
285.634
284.038
297.728
329.681
360.037
388.874
410.242
414.93
406.793
386.162
364.473
343.869
324.294
307.359
292.704
284.454
287.729
308.992
342.139
373.628
417.456
417.456
416.445
402.178
378.974
356.93
335.989
300.419
300.419
287.377
283.592
293.361
322.129
349.46
375.423
408.079
408.079
403.037
384.215
362.182
341.25
321.364
304.138
288.931
279.892
280.304
298.074
333.061
397.874
397.874
415.256
417.414
406.217
383.493
361.905
341.396
322.022
304.88
290.778
285.057
290.928
316.355
346.899
403.482
403.482
414.189
411.881
394.868
372.087
350.445
312.169
312.169
295.563
284.758
282.387
296.005
328.319
359.018
388.181
408.906
406.002
406.002
384.934
342.694
342.694
323.144
305.687
290.665
283.352
285.702
307.762
340.845
372.274
402.132
415.93
415.93
401.155
378.567
357.108
336.722
318.278
301.154
288.822
284.196
293.871
322.835
350.351
376.491
400.358
408.953
403.856
363.096
363.096
342.54
323.012
305.201
289.511
280.893
280.201
298.345
332.196
364.354
394.905
411.927
415.272
403.261
381.565
360.955
340.845
321.74
290.87
290.87
284.154
289.926
315.611
345.366
373.633
411.895
411.895
409.672
392.57
370.925
330.826
330.826
312.684
295.909
285.913
282.308
296.453
327.621
357.23
385.359
405.671
412.46
403.481
382.812
362.263
341.948
322.648
305.107
290.685
282.954
285.124
307.197
339.747
370.67
400.046
414.469
414.992
399.75
378.328
357.858
338.081
301.774
301.774
290.278
284.304
294.326
322.362
348.997
374.3
397.417
401.572
401.572
382.991
362.465
341.975
322.51
305.009
289.758
280.576
280.053
298.627
331.731
363.179
410.855
410.855
414.342
401.984
381.219
360.521
340.134
303.091
303.091
290.692
283.18
314.342
314.342
343.694
371.577
398.067
410.563
407.648
391.134
370.15
349.37
329.629
311.72
295.581
285.114
295.872
295.872
326.187
354.987
382.347
403.161
410.306
381.948
381.948
361.094
340.426
320.792
302.995
289.454
280.479
283.823
305.283
337.181
396.273
396.273
412.071
412.271
376.852
376.852
356.227
336.634
318.021
301.063
289.269
283.132
293.606
321.024
348.178
373.974
398.481
408.514
402.495
384.915
363.895
323.147
323.147
305.215
291.065
280.745
280.588
298.214
331.378
362.884
392.815
411.646
414.403
402.767
382.234
361.217
341.251
322.283
291.551
291.551
283.28
290.2
313.664
343.883
372.591
399.863
413.019
409.884
394.076
350.865
350.865
330.32
296.326
296.326
284.775
281.817
295.566
326.288
355.474
383.201
405.409
411.761
403.333
384.114
362.671
342.299
322.947
304.792
290.83
281.251
285.027
305.661
338.563
369.819
399.513
415.432
414.797
401.693
379.813
338.167
338.167
319.463
290.606
290.606
285.47
295.358
322.522
351.462
378.955
405.074
416.136
412.903
397.809
369.847
369.847
354.844
344.219
339.42
339.376
349.304
376.661
403.604
429.199
453.515
475.661
493.263
509.985
525.871
555.299
555.299
572.614
592.147
610.704
628.333
645.08
660.99
671.52
675.548
679.375
682.131
684.75
686.592
694.353
706.563
718.163
729.182
751.701
751.701
758.33
770.611
770.611
776.295
781.695
783.282
783.282
782.543
781.841
781.174
781.123
787.323
796.151
804.537
812.504
820.073
827.263
828.691
825.097
821.682
817.765
814.043
808.687
809.828
815.394
820.682
830.477
830.477
837.974
845.625
845.625
849.165
852.529
855.439
854.372
849.789
845.435
841.299
837.369
833.636
837.244
844.115
850.642
856.843
862.734
868.33
867.744
862.456
857.433
851.845
840.393
840.393
840.829
843.844
849.429
849.429
852.013
848.869
845.791
842.958
840.267
840.573
840.863
841.139
815.251
775.828
729.204
684.912
604.332
604.332
572.676
544.86
523.563
509.894
512.484
534.016
554.471
573.903
585.369
582.54
567.576
540.334
512.097
485.272
459.788
435.965
414.167
399.338
394.311
408.761
436.848
463.53
488.878
498.893
495.747
477.453
450.996
401.985
401.985
359.598
359.598
343.69
335.948
341.387
366.861
392.165
416.203
439.04
446.581
441.217
421.182
397.413
374.833
353.381
334.372
316.763
306.335
303.172
350.578
350.578
381.231
410.352
431.188
431.188
419.661
397.133
375.477
354.692
334.947
316.4
302.076
294.748
298.134
321.658
352.023
380.871
420.246
420.246
418.468
401.184
379.223
358.359
338.538
320.202
302.984
291.739
286.669
298.591
329.044
357.975
385.459
406.491
413.746
405.764
364.815
364.815
344.441
325.086
307.074
292.379
283.93
305.632
305.632
339.001
370.7
400.815
416.261
403.058
403.058
381.684
360.92
340.469
321.04
303.309
291.666
285.95
294.849
322.34
349.459
375.222
399.696
410.316
405.977
366.965
366.965
346.427
326.915
309.016
293.565
284.041
282.009
299.077
331.543
362.385
391.684
410.215
415.022
403.853
362.829
362.829
342.38
322.953
305.157
292.532
284.883
313.562
313.562
343.691
372.314
399.505
412.999
410.919
373.578
373.578
353.094
315.297
315.297
298.756
288.007
283.435
296.659
326.132
354.131
380.73
402.419
410.275
402.049
383.076
362.442
321.661
321.661
304.097
290.253
281.273
283.491
303.978
337.229
368.818
398.827
415.246
416.473
402.997
381.997
361.085
341.219
322.346
305.006
292.892
285.988
295.379
321.717
374.78
374.78
399.339
410.351
405.163
387.863
366.999
345.993
326.037
308.265
293.463
283.152
281.999
298.775
361.397
361.397
409.228
409.228
413.325
402.53
382.404
361.039
340.743
321.461
303.609
290.47
282.107
287.837
310.883
341.621
370.823
398.564
412.799
410.543
395.518
374.04
352.396
331.833
313.54
297.863
286.195
282.32
295.052
324.401
352.283
378.77
401.656
409.307
401.528
383.042
340.885
340.885
321.375
303.148
289.361
279.819
282.23
301.594
335.103
366.937
397.179
414.37
414.933
402.152
380.283
359.319
320.483
320.483
303.92
290.961
285.044
293.691
319.83
348.463
375.664
401.505
411.84
407.08
390.131
368.086
347.143
308.672
308.672
293.872
282.866
298.273
298.273
331.158
362.4
412.646
412.646
416.331
385.458
385.458
364.239
344.081
324.931
307.731
293.741
285.696
290.536
313.042
344.68
374.737
403.291
416.49
414.126
376.728
376.728
355.401
335.14
315.915
300.119
287.759
284.613
296.11
326.279
354.939
382.166
405.554
405.019
405.019
385.828
364.483
344.206
324.942
307.613
283.975
283.975
285.671
304.746
371.465
371.465
402.344
418.668
419.039
406.556
383.69
361.818
341.04
321.3
304.621
290.911
293.267
293.267
319.893
349.172
376.988
403.414
409.289
409.289
391.913
369.664
348.527
328.447
310.678
295.145
284.673
283.629
298.83
332.436
364.362
394.692
414.156
417.596
407.965
364.62
364.62
344.042
324.493
307.352
285.259
285.259
289.021
311.97
344.2
374.819
403.906
416.487
415.312
399.707
376.791
355.021
334.34
315.991
299.23
287.522
284.106
295.305
354.473
354.473
381.857
404.319
411.424
405.203
385.417
363.312
342.312
322.362
305.144
289.886
281.748
302.195
302.195
336.967
370.001
401.383
417.014
418.692
405.669
383.086
361.633
341.251
322.413
304.751
291.709
293.45
293.45
320.383
348.986
376.159
401.974
411.969
408.548
390.687
368.502
347.427
327.405
309.698
293.339
283.79
281.857
297.411
330.139
361.232
390.769
409.81
404.79
404.79
383.254
342.528
342.528
323.623
305.778
291.531
284.667
288.046
311.29
342.972
373.07
401.663
414.529
413.812
397.971
376.082
355.287
317.128
317.128
299.882
289.051
295.601
295.601
325.134
379.846
379.846
402.157
410.098
385.878
385.878
368.007
350.764
334.383
319.087
298.685
298.685
300.613
320.236
388.813
388.813
420.552
448.27
448.27
445.679
443.217
443.652
451.053
466.114
481.07
528.426
528.426
550.343
571.164
586.033
599.471
603.434
607.199
610.776
614.174
624.154
639.319
654.9
669.701
683.763
697.121
712.81
722.063
730.854
739.204
747.138
751.653
751.653
752.896
755.199
755.199
756.265
759.743
771.907
783.463
794.441
814.778
814.778
819.512
814.072
814.072
809.047
804.273
799.738
799.276
804.864
810.172
815.215
820.005
824.556
833.57
837.089
840.432
843.608
846.625
848.443
842.521
838.075
833.851
829.839
826.027
826.518
835.133
843.317
851.092
865.496
865.496
868.02
865.001
858.226
851.791
845.676
839.868
837.333
840.441
843.393
846.197
848.861
851.392
859.508
862.671
865.676
868.531
871.243
871.062
864.656
858.862
853.358
848.129
843.162
844.33
851.331
857.981
864.299
870.302
876.004
878.335
869.311
869.311
863.931
858.82
853.965
850.886
852.638
854.303
855.885
857.387
858.815
866.95
870.745
874.35
877.775
881.028
880.115
867.182
867.182
860.88
854.894
849.207
848.302
855.077
861.513
867.626
873.435
878.953
881.762
878.448
872.246
866.354
860.448
854.837
851.887
852.897
853.857
854.768
855.634
856.457
864.473
869.211
873.712
877.988
882.05
881.225
874.515
866.86
859.588
852.679
846.116
845.361
851.877
858.068
863.948
869.535
874.843
878.337
875.107
870.385
865.899
861.637
857.589
853.288
853.555
854.049
854.049
854.277
854.495
866.49
866.49
871.08
875.439
879.581
878.292
872.593
864.523
856.856
849.572
842.653
842.049
848.269
854.179
865.126
865.126
870.193
874.163
870.292
866.615
863.121
859.802
856.649
852.551
852.189
851.846
851.519
851.209
850.914
858.837
864.731
870.331
880.704
880.704
879.395
874.398
865.401
856.854
848.735
841.021
841.165
846.437
851.445
856.203
860.724
865.018
869.844
867.891
866.035
864.272
861.006
861.006
856.78
855.195
853.689
852.259
850.9
857.701
857.701
864.787
871.518
877.913
883.988
882.52
877.608
868.782
860.396
844.863
844.863
843.836
848.79
853.497
857.968
862.216
866.251
871.026
868.999
867.073
865.243
863.505
861.854
857.743
855.263
852.907
850.668
848.542
848.578
855.683
868.846
868.846
874.939
880.726
879.48
874.052
866.227
858.792
851.73
845.02
844.272
848.591
852.694
856.591
863.811
863.811
869.227
868.887
868.565
868.258
867.967
862.194
862.194
859.016
855.996
853.127
850.402
850.741
857.314
863.559
869.491
875.126
880.48
879.608
875.076
867.616
860.529
853.797
847.401
846.994
854.687
854.687
858.247
861.63
864.843
870.675
871.656
872.587
873.472
874.313
875.058
868.946
865.258
861.754
858.426
855.263
854.968
861.301
867.317
873.033
878.463
883.621
882.367
877.96
870.143
855.663
855.663
848.962
851.017
851.017
853.287
855.445
857.494
859.441
865.363
867.247
869.037
870.737
872.353
872.857
867.304
862.764
858.451
850.461
850.461
850.659
856.587
862.218
867.568
872.65
876.932
876.932
873.384
866.921
854.948
854.948
849.406
848.47
849.862
851.184
852.441
853.634
854.768
860.495
863.229
865.827
868.295
870.64
870.568
865.317
860.329
855.59
851.088
846.811
854.125
854.125
860.001
865.583
870.886
875.924
875.82
871.159
865.531
860.185
855.105
850.28
849.179
851.081
852.888
854.605
856.236
857.785
867.127
867.127
871.004
874.688
878.187
876.71
870.387
864.381
858.674
853.253
848.103
849.897
854.599
859.066
863.31
867.341
871.171
871.5
867.878
863.02
858.405
849.856
849.856
849.024
848.91
848.801
848.698
848.599
848.506
854.38
859.023
863.435
867.626
871.608
870.586
864.523
858.763
853.29
843.153
843.153
844.315
849.773
854.957
859.882
864.561
869.006
869.293
865.744
860.5
850.786
850.786
846.291
845.435
845.365
845.298
845.234
845.174
845.619
851.625
857.33
862.75
867.9
872.792
871.195
865.594
860.272
855.216
850.414
845.851
847.276
851.795
860.167
860.167
864.042
867.723
868.841
865.432
861.867
858.481
855.263
852.207
850.988
849.83
848.731
846.693
846.693
847.446
853.303
864.153
864.153
873.945
873.945
871.832
866.205
860.859
855.78
850.955
846.372
848.059
852.424
856.57
860.509
867.805
867.805
869.174
863.582
863.582
860.993
858.534
856.198
854.428
853.144
851.924
850.765
849.664
849.9
855.495
860.809
865.859
870.655
872.57
872.57
859.659
859.659
853.684
848.007
842.614
844.895
848.488
851.901
855.143
858.223
861.149
863.818
862.764
861.762
860.81
859.906
859.048
857.385
855.806
854.305
852.88
851.526
851.923
857.455
862.71
867.702
867.291
861.404
838.225
815.483
761.194
761.194
719.704
680.288
642.843
607.358
577.765
554.283
540.969
536.654
565.223
565.223
583.584
601.027
602.897
589.923
566.233
535.797
506.578
478.82
452.755
430.117
411.372
401.211
404.219
425.308
448.295
470.132
490.877
494.956
484.772
463.066
436.949
412.138
388.567
367.052
348.699
333.337
333.337
346.357
377.534
407.153
435.29
452.34
452.443
440.006
416.409
392.873
370.514
349.272
330.862
315.331
307.39
311.498
333.697
363.48
391.773
418.652
429.759
426.06
409.177
385.832
363.655
342.586
323.257
306.426
294.055
291.092
303
333.512
362.498
390.035
411.846
416.85
409.308
388.843
366.785
345.831
325.924
308.853
293.411
285.817
307.369
307.369
340.663
372.292
416.566
416.566
417.169
403.044
380.132
358.365
337.686
318.865
301.924
289.29
284.919
293.336
321.233
349.072
375.519
400.644
408.826
404.481
386.013
363.671
342.445
322.281
305.274
289.306
279.817
279.817
296.547
330.458
393.276
393.276
411.091
414.305
403.413
381.398
360.299
321.212
321.212
304.172
284.024
284.024
289.395
313.922
344.599
373.743
401.429
412.794
411.208
394.703
351.229
351.229
331.108
313.503
296.979
286.856
283.154
295.898
326.951
356.452
384.478
405.721
412.006
404.212
383.677
362.228
341.852
322.494
304.823
290.012
282.691
284.178
305.393
338.602
370.15
400.122
414.293
415.619
401.168
379.197
358.325
338.496
302.655
302.655
290.768
285.299
294.106
322.005
349.035
374.713
399.107
408.707
403.857
385.249
363.893
343.605
306.58
306.58
290.683
280.505
280.505
297.935
330.736
361.896
391.498
409.071
413.165
401.674
380.678
360.285
340.073
320.871
303.468
290.5
283.569
288.655
313.229
342.846
370.982
397.711
407.68
407.68
369.632
369.632
349.317
330.019
311.734
294.86
284.564
280.353
293.929
324.314
353.18
380.603
401.646
409.109
400.738
381.113
340.553
340.553
321.231
304.004
289.954
281.389
283.314
304.538
337.207
368.242
397.725
413.108
413.885
399.753
378.747
357.867
338.03
319.186
301.472
290.073
283.667
293.245
320.28
346.844
372.08
406.647
406.647
401.409
383.568
362.97
322.149
322.149
304.622
290.038
280.649
279.495
296.956
328.993
359.428
388.341
407.066
411.103
399.807
379.817
358.962
338.777
319.601
301.758
289.299
281.333
287.4
311.398
341.177
369.467
396.342
409.892
407.314
391.517
370.574
349.613
329.7
311.848
295.948
285.072
281.111
294.414
323.937
378.629
378.629
400.451
407.818
399.471
380.89
359.972
339.32
319.7
301.841
288.462
279.388
282.313
302.803
335.61
366.776
396.384
412.944
413.097
399.718
378.313
357.723
338.163
319.581
302.757
290.715
284.516
294.202
347.853
347.853
373.724
398.3
408.914
403.285
386.418
364.962
343.929
323.947
305.614
291.397
281.007
280.789
297.63
330.557
361.838
391.555
411.494
414.752
383.909
383.909
362.778
342.703
323.632
305.98
292.51
290.64
290.64
313.941
373.936
373.936
401.702
415.155
397.175
397.175
375.301
353.549
332.884
314.224
298.513
286.581
283.53
296.101
354.733
354.733
381.869
405.147
412.149
403.953
385.29
364.148
344.064
324.983
306.927
292.897
283.45
286.095
339.298
339.298
371.285
401.672
418.031
417.86
405.001
382.66
361.011
340.445
321.332
305.265
292.19
286.828
295.651
322.557
351.164
378.341
404.159
413.783
391.465
391.465
369.333
348.308
328.335
310.032
294.53
283.328
283.328
298.648
332.343
364.353
394.762
414.399
417.439
407.721
386.01
343.658
343.658
324.056
307.232
285.902
285.902
290.963
314.469
346.335
376.607
405.366
417.877
415.786
400.39
377.433
355.625
334.907
315.989
299.63
287.731
285.076
296.93
327.67
356.873
407.607
407.607
413.475
406.756
387.19
365.378
344.657
324.972
307.919
292.523
285.82
285.82
305.848
340.944
374.286
405.961
421.087
421.511
408.333
385.017
362.867
341.824
322.576
292.118
292.118
286.995
294.785
322.632
351.427
378.782
404.77
414.252
410.05
391.686
369.372
348.173
328.035
310.424
294.323
284.607
283.191
298.893
332.664
364.747
395.227
414.012
417.673
407.507
385.261
363.601
343.023
323.474
306.151
291.819
285.32
289.127
312.829
344.157
373.918
402.192
414.137
413.01
397.052
374.351
352.785
332.298
314.296
297.234
286.132
282.472
294.117
324.732
353.817
381.447
403.669
410.499
403.303
362.072
362.072
342.088
323.104
305.648
290.365
282.601
283.354
303.633
337.874
370.402
416.203
416.203
417.65
403.975
381.627
360.397
340.229
321.449
303.992
291.448
285.684
293.37
320.52
348.421
374.926
400.106
410.03
405.767
387.381
365.764
345.228
325.719
307.885
291.624
282.582
280.357
297.023
330.242
391.779
391.779
414.007
414.007
403.382
382.345
361.797
341.394
322.011
304.479
290.995
284.05
288.254
312.277
342.802
371.8
399.348
412.402
411.52
395.289
373.568
352.932
333.329
314.848
297.643
287.272
282.708
295.141
324.891
353.153
380.001
401.805
402.482
402.482
382.741
341.518
341.518
322.016
304.358
289.883
281.402
282.104
302.316
336.405
368.789
415.793
415.793
417.401
403.423
382.052
361.349
341.293
322.24
304.528
292.673
285.662
294.133
320.389
347.587
373.425
397.972
409.253
404.615
387.014
365.75
344.937
325.164
306.992
291.642
281.762
279.685
296.318
328.018
358.133
406.129
406.129
411.338
400.635
380.885
360.157
339.647
320.162
302.471
290.069
281.842
286.865
309.999
340.488
369.452
396.968
410.948
409.246
393.981
372.69
351.907
332.164
313.964
297.757
281.927
281.927
294.522
323.445
350.923
377.027
399.386
407.462
399.708
381.335
360.385
339.589
319.833
301.958
288.305
278.814
280.696
300.141
333.079
364.371
394.098
411.342
412.738
399.939
378.916
358.159
338.44
319.707
302.448
290.357
283.397
292.11
317.722
345.649
372.18
397.385
408.828
404.107
387.403
366.216
344.971
324.789
306.732
292.122
280.379
280.379
296.029
327.902
358.181
386.947
407.455
411.465
401.342
381.477
360.39
340.357
321.325
290.302
290.302
281.647
287.028
309.094
340.338
370.019
398.217
412.654
410.638
395.955
374.263
352.623
332.065
313.567
297.889
285.972
282.161
294.025
323.254
351.023
377.403
401.032
408.555
401.611
383.324
361.839
341.428
322.037
303.88
289.831
280.212
282.455
301.417
335.34
398.181
398.181
415.804
416.552
382.118
382.118
360.877
321.55
321.55
305.066
291.673
293.553
293.553
319.218
376.384
376.384
402.841
412.753
408.478
391.862
369.554
348.361
328.228
309.794
294.304
283.261
282.59
297.454
330.247
361.4
390.995
411.851
415.965
406.715
385.825
364.132
343.524
323.945
306.714
292.28
284.681
288.91
310.574
342.753
373.323
402.364
415.796
414.369
399.87
377.123
355.513
334.984
315.777
299.612
287.216
284.029
294.811
324.383
352.478
379.167
403.168
410.314
385.071
385.071
363.245
322.812
322.812
305.602
290.322
281.245
282.405
300.717
335.858
400.957
400.957
417.663
406.738
406.738
361.596
361.596
340.704
321.255
304.291
290.424
285.126
292.083
318.559
348.264
376.484
403.293
413.289
409.854
392.488
369.909
348.459
328.081
310.525
294.279
283.905
282.363
297.09
330.076
361.412
391.181
411.162
415.552
406.409
363.443
363.443
342.955
323.491
306.24
291.488
284.571
287.953
310.729
343.214
374.075
416.177
416.177
415.677
400.404
377.736
356.202
335.745
317.744
300.814
289.045
284.734
295.207
324.775
352.864
379.549
402.208
409.76
403.695
384.118
362.52
342.003
322.511
305.07
289.367
281.381
300.402
300.402
335.59
369.019
416.641
416.641
418.901
406.153
384.096
363.143
343.237
324.39
306.674
293.676
287.588
294.03
320.318
348.786
375.831
401.524
411.469
390.503
390.503
368.488
347.574
327.705
309.794
293.219
283.706
280.947
295.951
327.79
358.038
386.773
405.958
411.358
401.475
380.741
360.183
320.809
320.809
303.248
289.184
281.701
285.018
308.035
340.035
370.435
399.316
412.843
412.482
396.978
375.393
354.887
335.407
316.992
299.533
288.503
283.141
323.399
323.399
350.959
377.141
408.469
408.469
401.66
382.435
361.8
341.486
322.189
304.566
289.53
281.073
281.141
300.781
334.661
366.846
413.985
413.985
416.803
403.67
382.654
361.964
341.786
322.616
304.928
292.869
285.917
293.32
319.042
347.324
374.192
399.716
411.4
407.832
390.564
369.422
348.527
310.628
310.628
294.564
284.72
281.704
297.44
328.674
386.536
386.536
406.072
412.058
382.447
382.447
361.634
340.861
321.126
303.38
290.259
282.008
285.848
308.266
339.591
369.351
397.622
411.554
411.554
396.28
374.998
354.638
335.295
316.92
300.007
288.837
283.062
294.721
323.119
350.097
375.727
408.324
408.324
401.195
383.178
341.409
341.409
321.349
303.787
289.833
280.269
281.333
299.959
334.357
367.035
398.079
415.823
417.882
405.325
384.401
363.196
343.051
306.039
306.039
293.364
285.789
293.511
318.51
347.13
374.319
400.149
412.429
408.204
391.82
370.558
349.035
328.588
310.487
295.267
284.435
282.047
296.993
328.045
357.544
406.513
406.513
411.96
402.546
383.128
361.532
341.016
321.526
303.536
290.186
281.393
285.72
307.126
338.809
368.907
397.501
412.367
410.997
396.942
375.131
353.766
333.468
314.831
299.089
286.794
282.113
292.85
321.019
374
374
398.52
407.225
400.88
383.187
361.541
340.978
321.442
303.386
289.211
279.264
280.833
298.905
366.59
366.59
397.917
416.491
406.728
406.728
384.856
363.675
343.553
324.437
307.585
293.869
287.088
294.29
318.941
348.892
377.346
404.377
415.936
412.11
395.798
373.227
351.785
331.414
312.452
297.266
285.798
284.234
298.199
360.326
360.326
389.079
410.958
407.31
407.31
386.944
365.317
344.77
325.251
308.065
293.378
284.901
288.519
309.685
342.684
374.033
403.815
418.174
417.199
403.254
380.31
358.513
337.806
318.304
302.389
289.415
285.564
295.323
324.224
351.679
377.762
402.404
405.867
405.867
387.361
344.47
344.47
324.619
307.128
291.771
282.269
282.731
300.093
335.153
368.461
400.103
417.789
419.553
408.36
385.736
363.816
342.992
323.209
306.333
292.205
286.409
292.384
317.745
347.958
376.66
403.927
414.831
395.425
395.425
372.739
351.188
330.714
312.797
296.538
285.779
283.456
296.91
328.819
359.132
387.93
408.627
413.514
405.14
384.049
361.942
320.99
320.99
303.952
288.99
281.623
284.171
305.746
338.688
369.982
399.712
412.926
413.005
398.953
376.009
354.213
333.507
298.168
298.168
285.855
281.71
319.608
319.608
346.689
372.415
396.855
405.207
400.525
359.86
359.86
339.061
319.301
302.122
286.519
278.094
295.705
295.705
330.181
362.933
394.048
411.312
414.496
403.031
381.031
360.132
340.277
321.481
303.715
290.256
284.015
289.73
315.42
345.073
373.243
400.005
411.211
409.135
370.354
370.354
349.668
312.228
312.228
295.374
281.954
281.954
295.833
327.219
385.363
385.363
405.526
411.677
402.994
382.446
361.725
341.518
322.321
304.606
290.042
282.556
281.409
281.934
282.432
282.906
281.108
276.147
269.57
257.833
244.942
218.555
218.555
206.332
194.743
184.53
175.02
165.985
157.402
149.248
141.786
134.696
127.962
121.563
115.485
109.711
104.225
99.0142
94.0635
89.3603
80.6477
80.6477
76.6153
72.7846
69.1453
65.688
62.3837
59.2645
56.3013
53.4863
50.8119
48.2713
45.8578
43.081
40.927
38.8806
35.0898
35.0898
33.3353
30.0851
30.0851
28.5808
27.1518
25.7942
24.5045
23.0604
21.6885
20.3852
19.1471
17.9709
16.7121
15.8765
15.0826
14.3285
12.9315
12.9315
12.6118
11.9812
11.3822
10.8131
10.2724
9.75879
8.81223
7.95303
7.95303
7.55538
7.17761
6.81873
6.4778
6.15391
5.84621
5.27621
5.27621
5.0124
4.76178
4.52369
4.2975
4.08263
3.8785
3.17009
2.86017
2.56574
2.28604
2.02032
1.76788
1.67949
1.59551
1.51574
1.43995
1.36795
1.29956
1.23458
1.17285
1.11421
1.0585
1.00557
0.59499
0.56524
0.53698
0.51013
0.48463
0.46039
0.75197
0.79409
0.8341
0.87211
0.90822
0.94252
0.53444
0.50771
0.48233
0.45821
0.41354
0.41354
0.39286
0.37322
0.35456
0.33683
0.31999
0.30399
0.28879
0.27435
0.26063
0.2476
0.23522
0.22346
0.21229
0.20167
0.19159
0.17291
0.17291
0.16426
0.15605
0.14825
0.14083
0.13379
0.1271
0.12075
0.11471
0.10898
0.10353
0.09835
0.09343
0.08876
0.08432
0.08011
0.0761
0.0723
0.06868
0.06525
0.06199
0.05889
0.05594
0.05314
-0.36273
-0.34459
-0.32737
-0.311
-0.29545
-0.28067
0.00835
0.00793
0.00754
0.00716
0.00646
0.00646
0.00614
0.00583
0.00554
0.00526
0.005
-0.18343
-0.18343
-0.17426
-0.16554
-0.1494
-0.1494
-0.14193
-0.13484
-0.12809
-0.12169
-0.1156
-0.10982
0.56269
7.5035
16.0598
24.1883
31.9104
39.0467
44.9818
50.2558
55.2661
58.3428
59.2057
59.3402
58.2782
56.4149
53.6577
50.9748
48.0797
41.659
41.659
38.527
35.5516
32.725
30.0397
28.0529
24.4798
24.4798
22.8613
19.863
19.863
19.0595
18.5461
18.0585
17.5952
17.155
16.7369
16.1466
15.3393
14.5723
13.8437
13.1515
12.4939
11.2951
10.308
9.37031
8.47947
7.63317
6.82918
6.48772
6.16334
5.85517
5.56241
5.28429
5.02008
4.40384
3.81841
2.73391
2.73391
2.23198
1.6592
1.57624
1.49743
1.42256
1.35143
1.28386
1.21967
1.15868
1.10075
1.04571
0.99343
0.95
0.95
0.73384
0.5285
0.33342
0.1481
-0.22695
-0.22649
-0.22605
-0.22564
-0.22524
-0.22487
-0.21363
-0.20295
-0.1928
-0.18316
-0.174
-0.1653
-0.14918
-0.14918
-0.14172
-0.13464
-0.12791
-0.40236
0.01007
0.17944
0.34034
0.4932
0.63842
0.77637
0.73755
0.66564
0.66564
0.63236
0.60074
0.08989
0.13464
0.17715
0.2559
0.2559
0.29234
0.27773
0.26384
0.25065
0.23812
0.22621
0.2149
-0.17952
-0.17054
-0.16202
-0.15392
-0.14622
-0.13891
-0.13196
-0.12537
-0.11314
-0.11314
-0.10749
-0.0103
-0.32035
-0.59944
-0.86457
-1.11645
-1.35573
-1.58305
-1.5039
-1.4287
-1.35727
-1.2894
-1.22493
-0.81358
-0.7729
-0.73426
-0.69754
-0.66267
-0.62953
-1.34301
-1.34301
-1.67322
-1.98692
-2.28493
-2.65911
-2.52615
-2.27985
-2.27985
-2.16586
-2.05757
-1.78676
-1.69742
-1.61255
-1.53192
-1.45533
-1.38256
-1.31343
-1.24776
-1.18537
-1.1261
-1.0698
-1.01631
-0.96549
-0.91722
-0.87136
-0.82779
-0.7864
-0.74708
-1.18572
-1.40802
-1.61921
-1.81984
-2.01044
-2.19151
-1.97784
-1.97784
-1.87895
-1.785
-1.69575
-1.61096
-1.53041
-1.45389
-1.3812
-1.31214
-1.1842
-1.1842
-1.12499
-1.06874
-1.01531
-0.96454
-0.91631
-0.8705
-0.82697
-0.78563
-0.74634
-0.70903
-0.67358
-0.6399
-0.6079
-0.57751
-0.54863
-0.5212
-0.49514
-0.47038
-0.44686
-0.42452
-0.40329
-0.38313
-0.34577
-0.34577
-0.32849
-0.31206
-0.29646
-0.28164
-0.79881
-0.99473
-1.18085
-1.35766
-1.52563
-1.68521
-1.60095
-1.5209
-1.44486
-1.37261
-1.30398
-1.17684
-1.17684
-1.118
-1.0621
-1.009
-0.95855
-1.54542
-1.58301
-1.61872
-1.65264
-1.68487
-1.71548
-1.62971
-1.54822
-1.47081
-1.39727
-1.32741
-1.26104
-1.67928
-1.59531
-1.51555
-1.43977
-1.36778
-1.29939
-1.23442
-1.1727
-1.11407
-1.05836
-1.00545
-0.95517
-1.26244
-1.13935
-1.13935
-1.08239
-1.02827
-0.97685
-0.88161
-0.88161
-0.83753
-0.79565
-0.75587
-0.71808
-0.68217
-0.64806
-0.61566
-0.58488
-0.55563
-0.52785
-0.50146
-0.47639
-0.45257
-0.42994
-0.40844
-0.38802
-0.36862
-0.33268
-0.33268
-0.31605
-0.30024
-0.65022
-0.9827
-1.29856
-1.59863
-1.88369
-2.31823
-2.20232
-2.0922
-1.98759
-1.88821
-1.7938
-1.70411
-1.61891
-1.53796
-1.46106
-1.38801
-1.31861
-1.25268
-1.19004
-1.13054
-1.07402
-1.02031
-0.9693
-1.05309
-1.13269
-1.20831
-1.28016
-1.3484
-1.28098
-1.21693
-1.15609
-1.09828
-1.04337
-0.9912
-1.4869
-1.41256
-1.34193
-1.27483
-1.21109
-1.15054
-1.09301
-1.03836
-0.93712
-0.93712
-0.89026
-0.80346
-0.80346
-0.76329
-0.72513
-0.68887
-0.65443
-0.6217
-0.78164
-0.93358
-1.07793
-1.21505
-1.34532
-1.13637
-1.07955
-1.02558
-0.9743
-0.92558
-0.8793
-1.3302
-1.3302
-1.26369
-1.20051
-1.14048
-1.08346
-1.02929
-0.97782
-0.92893
-0.88249
-0.83836
-0.79644
-0.75662
-0.71879
-0.68285
-0.64871
-1.05581
-1.05581
-1.00302
-0.95287
-0.85996
-0.85996
-0.81696
-0.77612
-0.73731
-0.70044
-0.66542
-0.63215
-0.60054
-1.26365
-1.14044
-1.14044
-1.08342
-1.02925
-0.97779
-0.9289
-0.88245
-0.83833
-0.79641
-0.75659
-0.71876
-0.68283
-0.64868
-0.58544
-0.58544
-0.55617
-0.52836
-0.50194
-0.47684
-0.453
-0.43035
-0.40883
-0.38839
-0.79414
-1.1796
-1.54579
-1.89367
-2.22416
-2.65562
-2.52284
-2.3967
-2.27686
-2.16302
-2.05487
-1.95213
-1.85452
-1.76179
-1.6737
-1.59002
-1.51052
-1.43499
-1.36324
-1.29508
-1.23033
-1.16881
-1.7124
-1.62678
-1.54544
-1.46817
-1.39476
-1.32502
-1.25877
-1.19583
-1.13604
-1.07924
-1.02528
-0.97401
-0.92531
-1.29369
-1.64364
-1.9761
-2.29193
-2.59198
-2.33926
-2.33926
-2.2223
-2.11118
-2.00562
-1.90534
-2.30851
-2.19308
-2.08343
-1.97925
-1.78628
-1.78628
-1.69696
-1.61212
-1.53151
-1.45493
-1.38219
-1.31308
-1.59894
-1.87051
-2.1285
-2.3736
-2.60643
-3.04205
-2.88995
-2.74545
-2.60818
-2.47777
-2.35388
-2.23397
-2.12227
-2.01615
-1.91535
-1.81958
-1.7286
-2.02129
-1.92022
-1.733
-1.733
-1.64635
-1.56403
-1.48583
-1.41154
-1.34096
-1.27391
-1.21022
-1.14971
-1.09222
-1.03761
-0.98573
-0.93644
-0.88962
-1.96039
-1.96039
-2.39576
-2.80937
-3.20229
-3.57557
-3.39679
-3.22695
-3.06561
-2.91233
-2.76671
-2.62504
-2.49379
-2.3691
-2.25064
-2.13811
-2.03121
-2.56996
-2.44146
-2.31939
-2.20342
-2.09325
-1.98858
-1.86802
-1.77462
-1.68589
-1.6016
-1.52152
-1.87335
-1.87335
-2.25207
-2.61186
-2.95366
-3.27837
-3.58684
-3.4075
-3.23712
-3.07527
-2.92151
-2.77543
-2.63666
-3.04932
-2.89685
-2.75201
-2.61441
-2.48369
-2.3595
-2.61599
-3.09114
-3.09114
-3.31105
-3.51996
-3.34396
-3.17676
-3.01793
-2.86703
-2.72368
-2.58749
-2.96312
-2.67422
-2.67422
-2.54051
-2.41348
-2.29281
-2.17817
-2.06926
-1.9658
-1.86751
-1.77413
-1.68542
-1.60115
-1.52109
-1.44504
-1.37279
-1.30415
-1.79767
-1.70779
-1.6224
-1.54128
-1.46422
-1.391
-1.32145
-1.25538
-1.19261
-1.13298
-1.07633
-1.02252
-0.92282
-0.92282
-0.87668
-0.7912
-0.7912
-0.75164
-0.96456
-1.16684
-1.359
-1.54155
-1.62923
-1.62923
-1.54777
-1.47038
-1.39686
-1.32702
-1.26067
-1.72094
-1.6349
-1.55315
-1.47549
-1.40172
-1.33163
-1.26505
-1.2018
-1.14171
-1.08462
-1.03039
-0.97887
-0.92993
-0.88343
-0.83926
-0.7973
-0.75743
-1.27152
-1.20795
-1.14755
-1.09017
-1.03566
-0.98388
-0.93469
-0.88795
-0.84355
-0.80138
-0.76131
-0.72324
-1.42578
-1.88516
-2.32157
-2.73615
-3.13001
-3.33451
-3.33451
-3.17333
-3.02021
-2.73656
-2.73656
-2.59973
-2.46974
-2.34626
-2.22894
-2.1175
-2.01162
-2.58332
-2.45415
-2.33145
-2.21487
-2.10413
-1.99892
-1.89898
-1.80403
-1.62814
-1.62814
-1.54673
-1.46939
-1.39592
-1.32613
-1.25982
-1.19683
-1.13699
-1.56265
-1.66268
-1.75771
-1.848
-1.93376
-2.01524
-1.9853
-1.88604
-1.79173
-1.70215
-1.61704
-1.53619
-2.04265
-1.94051
-1.84349
-1.75131
-1.66375
-1.58056
-1.45284
-1.38019
-1.31118
-1.24562
-1.18334
-1.12418
-1.66083
-1.57779
-1.42395
-1.42395
-1.35275
-1.28512
-1.15982
-1.15982
-1.10183
-1.04674
-0.9944
-0.94468
-0.89745
-0.85257
-0.80994
-0.76945
-0.73097
-0.69443
-0.6597
-0.59538
-0.59538
-0.56561
-0.51047
-0.51047
-0.76579
-1.00834
-1.23877
-1.45768
-1.66564
-1.58236
-1.50324
-1.42808
-1.35667
-1.69193
-1.69193
-1.60733
-1.52696
-1.45062
-1.37809
-1.30918
-1.24372
-1.18154
-1.12246
-1.06634
-1.01302
-0.96237
-1.59618
-2.04068
-2.46296
-2.86413
-3.24523
-3.60728
-3.42692
-3.09279
-3.09279
-2.93815
-2.79125
-2.65168
-2.99649
-3.32406
-3.63525
-3.93087
-4.21172
-4.58437
-4.35515
-4.13739
-3.93052
-3.734
-3.5473
-3.42618
-3.2018
-3.2018
-3.09795
-2.9993
-2.84934
-3.36698
-3.41904
-3.51547
-3.51547
-3.5601
-3.6025
-3.25126
-3.25126
-3.08869
-2.93426
-2.78755
-2.64817
-3.11239
-3.90152
-3.90152
-4.26675
-4.61371
-4.94333
-4.69616
-4.46135
-4.23829
-4.02637
-3.82505
-3.6338
-3.89309
-4.13942
-4.37343
-4.59574
-4.80693
-5.31103
-5.04548
-4.79321
-4.55355
-4.32587
-4.10958
-3.9041
-4.00487
-4.10061
-4.19156
-4.27796
-4.14203
-4.14203
-3.93493
-3.73819
-3.55128
-3.37371
-3.20503
-3.04478
-2.89254
-2.74791
-2.61051
-2.47999
-2.35599
-2.23819
-2.12628
-2.01997
-1.91897
-1.82302
-2.34157
-2.22449
-2.11327
-2.0076
-1.90722
-1.81186
-1.72127
-1.63521
-1.55345
-1.47577
-1.40198
-1.33189
-1.26529
-1.14192
-1.14192
-1.08483
-1.03059
-0.97906
-0.9301
-0.8836
-0.83942
-0.79745
-0.7197
-0.7197
-0.68371
-0.64953
-0.61705
-0.5862
-0.55689
-0.52904
-0.47746
-0.47746
-0.45359
-0.43091
-0.95289
-0.90525
-0.85998
-0.81698
-0.77614
-0.73733
-0.70046
-0.66544
-0.63217
-0.60056
-0.57053
-0.542
-0.5149
-0.48916
-0.4647
-0.44147
-0.41939
-0.39842
-0.33996
-0.32297
-0.29148
-0.29148
-0.2769
-0.26306
-0.86106
-1.42916
-1.96885
-2.48156
-2.96863
-3.49852
-3.32359
-3.15741
-2.99954
-2.84957
-2.70709
-2.57173
-2.44315
-2.20494
-2.20494
-2.09469
-1.98996
-2.49146
-2.85671
-3.20371
-3.84651
-3.84651
-4.14401
-3.93681
-3.73997
-3.55297
-3.37532
-3.04623
-3.04623
-2.89391
-2.74922
-2.61176
-2.48117
-2.35711
-2.78865
-2.78165
-2.775
-2.76868
-2.76268
-2.75698
-2.61913
-2.48817
-2.36377
-2.24558
-2.1333
-2.02663
-1.9253
-1.73758
-1.73758
-1.65071
-1.56817
-1.48976
-1.41527
-1.34451
-1.27728
-1.21342
-1.15275
-1.0752
-1.02144
-0.97037
-0.92185
-0.87576
-0.83197
-1.3524
-1.22054
-1.22054
-1.15952
-1.10154
-1.04646
-0.99414
-0.94443
-0.89721
-0.80973
-0.80973
-0.76925
-1.81716
-1.81716
-2.3
-3.19445
-3.19445
-3.60842
-3.2566
-3.2566
-3.09377
-2.93908
-2.79212
-2.65252
-2.9914
-2.84183
-2.69974
-2.56475
-2.43652
-2.19896
-2.19896
-2.08901
-1.98456
-1.88533
-1.79106
-1.57347
-1.4948
-1.42006
-1.34905
-1.2816
-1.21752
-1.68854
-2.03342
-2.36106
-2.67232
-2.96801
-3.24892
-2.82811
-2.82811
-2.68671
-2.55237
-2.42475
-2.30352
-2.18834
-1.97498
-1.97498
-1.87623
-1.78242
-2.33405
-2.21735
-2.10648
-2.00115
-1.9011
-1.80604
-1.55107
-1.47352
-1.39984
-1.32985
-1.26336
-1.20019
-1.76233
-1.67422
-1.59051
-1.51098
-1.36366
-1.36366
-1.29548
-1.2307
-1.16917
-1.11071
-1.05517
-1.00242
-0.95229
-0.90468
-0.85945
-0.81647
-0.77565
-1.30755
-1.18006
-1.18006
-1.12106
-1.06501
-0.96117
-0.96117
-0.91311
-0.86745
-0.82408
-0.78288
-0.74373
-1.29455
-1.22982
-1.16833
-1.10991
-1.05442
-1.0017
-0.90403
-0.90403
-0.85883
-0.81589
-0.77509
-0.73522
-0.69846
-0.66353
-0.63036
-0.59884
-0.5689
-0.54045
-0.51343
-0.48776
-0.4402
-0.4402
-0.22653
-0.22653
-0.3826
-0.53086
-0.67172
-0.80553
-0.93265
-0.88602
-0.84171
-0.79963
-0.75965
-0.72167
-1.25044
-1.18792
-1.12852
-1.0721
-1.01849
-0.96757
-0.91919
-1.2579
-1.57967
-1.88536
-2.45164
-2.45164
-3.00093
-2.85088
-2.70834
-2.57292
-2.44428
-2.32206
-2.20596
-2.12514
-2.04836
-1.97542
-1.90613
-1.8403
-2.25084
-2.64085
-3.01135
-3.36334
-4.10845
-4.10845
-4.18338
-4.25455
-4.32217
-4.38641
-4.44743
-4.22506
-4.01381
-3.81312
-3.62246
-3.44134
-3.26927
-3.69685
-3.512
-3.3364
-3.16958
-3.0111
-2.86055
-2.72775
-2.48175
-2.48175
-2.3679
-2.25974
-2.14675
-2.03941
-1.93744
-1.84057
-1.74854
-1.66111
-1.57806
-1.80576
-2.02207
-2.22757
-2.4228
-2.60826
-2.4892
-2.38598
-2.38598
-2.3382
-2.2497
-2.2497
-2.73749
-2.94331
-3.13884
-3.32458
-3.50105
-3.66869
-3.46371
-3.3699
-3.28077
-3.19611
-3.11568
-3.03927
-3.40615
-3.23584
-3.07405
-2.77433
-2.77433
-2.63561
-2.68726
-2.73633
-2.78294
-2.82723
-2.8693
-2.66127
-2.52821
-2.4018
-2.28171
-2.16762
-2.05924
-1.95628
-1.85847
-1.76554
-1.5934
-1.5934
-1.51373
-1.43805
-1.56124
-1.67828
-1.78946
-1.89509
-1.99543
-2.28842
-2.56676
-2.83119
-3.08239
-3.32103
-3.56253
-3.56253
-3.43209
-3.30817
-3.07861
-3.07861
-2.97237
-3.16649
-3.3509
-3.5261
-3.69253
-3.85064
-4.19267
-4.4949
-4.78202
-5.05478
-5.31391
-5.56007
-5.28207
-5.03385
-4.79804
-4.57403
-4.36121
-4.15904
-4.26417
-4.36405
-4.45894
-4.54908
-4.63471
-5.01405
-4.76335
-4.52518
-4.08397
-4.08397
-3.87978
-3.68579
-3.5015
-3.32642
-3.1601
-2.85199
-2.85199
-3.13562
-2.97884
-2.8299
-2.6884
-2.55398
-2.42628
-2.30497
-2.27778
-2.25195
-2.22741
-2.2041
-2.18195
-2.43805
-2.68134
-2.91247
-3.13204
-3.34063
-3.80667
-3.61634
-3.43552
-3.26375
-3.10056
-2.94553
-2.79825
-2.84959
-2.9447
-2.9447
-2.98872
-3.03053
-3.42104
-3.24998
-3.08749
-2.78646
-2.78646
-2.64713
-2.51478
-2.38904
-2.26959
-2.15611
-2.0483
-1.94589
-1.84859
-1.75616
-1.66835
-1.58494
-1.50569
-2.03192
-1.93033
-1.83381
-1.74212
-1.65501
-1.57226
-1.3708
-1.3708
-1.30226
-1.23714
-1.17529
-1.11652
-1.53525
-1.45849
-1.38556
-1.31629
-1.25047
-1.18795
-1.27852
-1.36456
-1.4463
-1.52395
-1.59772
-1.44228
-1.37017
-1.30166
-1.23658
-1.17475
-1.11601
-1.06021
-1.0072
-0.95684
-0.909
-0.86355
-1.33289
-1.26625
-1.20294
-1.08565
-1.08565
-1.03137
-0.9798
-1.35973
-1.29174
-1.22715
-1.16579
-1.1075
-1.05213
-0.99952
-0.94955
-0.90207
-0.85697
-0.81412
-0.73474
-0.73474
-0.698
-0.6631
-0.62995
-0.59845
-1.11704
-1.06119
-1.00813
-0.95772
-0.90983
-0.86434
-0.82113
-0.74107
-0.74107
-0.70401
-0.63537
-0.63537
-0.6036
-0.57342
-0.54475
-0.51751
-0.46706
-0.46706
-0.4437
-0.42152
-0.40044
-0.38042
-0.3614
-0.24673
-0.23439
-0.22267
-0.21154
-0.19092
-0.19092
-0.72851
-1.23923
-1.72441
-2.18533
-2.6232
-3.0717
-2.91812
-2.82712
-2.74067
-2.65855
-2.58053
-2.50641
-2.38109
-2.26204
-2.14894
-2.04149
-1.93941
-1.84244
-1.75032
-1.66281
-1.57967
-1.50068
-1.42565
-1.24002
-1.17802
-1.11912
-1.06316
-1.01
-0.9595
-1.56357
-1.48539
-1.41112
-1.34057
-1.27354
-1.20986
-1.14937
-1.14456
-1.13999
-1.13565
-1.13152
-1.1276
-1.07122
-1.01766
-0.96678
-0.91844
-0.87252
-0.82889
-0.78745
-0.74807
-0.67514
-0.67514
-0.64138
-0.60931
-0.5499
-0.5499
-0.52241
-0.49629
-0.47147
-0.4479
-0.4255
-0.40423
-0.38402
-0.36482
-0.93066
-0.88413
-0.83992
-0.79792
-0.75803
-0.72013
-0.561
-0.5063
-0.5063
-0.48099
-0.45694
-0.43409
-1.07075
-1.01722
-0.96635
-0.91804
-0.87213
-0.82853
-0.82852
-0.82852
-0.82852
-0.82852
-0.82851
-0.78709
-1.34138
-1.86797
-2.36822
-2.84346
-3.29494
-3.80086
-3.61082
-3.25877
-3.25877
-3.09583
-2.94104
-2.65429
-2.65429
-2.52157
-2.27572
-2.27572
-2.59478
-2.59478
-3.00598
-3.39662
-3.76773
-4.12029
-4.52235
-4.29623
-4.22143
-4.15037
-4.08286
-4.01873
-4.32857
-4.32857
-4.6808
-5.01542
-5.3333
-5.6353
-5.97144
-5.67287
-5.39818
-5.13722
-4.88931
-4.6538
-4.43006
-4.20856
-3.99813
-3.79823
-3.60831
-3.4279
-3.86548
-4.22857
-4.57351
-4.90119
-5.2125
-5.23283
-5.23283
-4.97118
-4.72262
-4.48649
-4.26217
-4.04906
-4.36502
-4.66518
-4.95033
-5.22122
-5.47857
-5.76784
-5.47945
-5.20547
-4.9452
-4.69794
-4.46304
-4.0963
-3.89149
-3.69691
-3.33646
-3.33646
-3.16964
-3.57435
-3.89825
-4.20595
-4.49827
-5.03978
-5.03978
-4.78779
-4.5484
-4.10493
-4.10493
-3.89969
-3.7047
-4.05753
-4.39271
-4.71113
-5.01364
-5.30101
-5.83086
-5.53932
-5.26235
-4.99924
-4.74927
-4.51181
-4.40547
-4.30444
-4.11729
-4.11729
-4.03067
-3.82914
-4.21767
-4.48316
-4.73538
-4.97499
-5.20261
-5.41886
-5.14791
-4.89052
-4.64599
-4.41369
-4.19301
-3.98336
-4.23368
-4.47148
-4.6974
-4.91201
-5.1159
-5.63738
-5.35551
-5.08774
-4.83335
-4.59168
-4.3621
-4.14399
-3.73995
-3.73995
-3.55296
-3.20654
-3.20654
-3.74423
-4.13624
-4.50866
-4.86245
-5.19855
-5.51785
-5.24196
-4.97986
-4.49433
-4.49433
-4.26961
-4.05613
-3.85332
-3.66066
-3.47762
-3.13856
-3.13856
-3.66927
-3.48581
-3.31152
-3.14594
-2.98864
-2.83921
-2.69725
-2.56239
-2.43427
-2.31255
-2.19693
-2.08708
-2.52508
-2.94118
-3.33648
-3.71201
-4.06876
-4.51176
-4.28617
-4.07187
-3.86827
-3.67486
-3.49112
-3.64983
-3.64983
-3.96643
-4.2672
-4.55293
-4.82438
-5.27465
-5.38364
-5.48718
-5.58554
-5.67899
-5.76776
-5.47937
-4.94513
-4.94513
-4.69788
-4.23983
-4.23983
-4.02784
-3.82645
-3.63513
-3.45337
-3.2807
-3.75107
-3.56352
-3.45803
-3.35781
-3.2626
-3.17216
-3.08624
-2.93193
-2.78533
-2.64606
-2.51376
-2.38807
-2.88279
-2.73865
-2.60172
-2.47164
-2.34805
-2.23065
-2.01316
-2.01316
-1.9125
-1.81688
-1.72603
-1.63973
-2.12211
-2.57581
-3.00683
-3.4163
-3.80529
-4.17484
-3.96609
-3.76779
-3.5794
-3.40043
-3.23041
-3.06889
-2.91544
-2.76967
-2.63119
-2.49963
-3.01184
-3.01184
-3.4065
-3.78142
-4.13759
-4.47596
-4.7974
-4.79763
-4.79785
-4.79806
-4.79826
-4.79844
-4.55852
-4.3306
-4.11407
-3.90836
-3.71295
-3.5273
-3.98684
-3.78749
-3.59812
-3.41821
-3.2473
-2.99653
-2.99653
-2.91254
-2.83275
-2.75695
-2.68495
-2.5507
-2.42316
-2.30201
-2.1869
-2.07756
-1.875
-1.875
-1.78125
-1.69219
-1.60758
-1.5272
-1.45084
-1.3783
-1.95049
-2.46129
-2.94654
-3.40754
-3.84548
-4.26153
-4.04845
-3.84603
-3.65373
-3.47104
-3.13262
-3.13262
-2.97599
-2.82719
-2.68583
-2.55154
-2.42396
-2.93566
-3.25706
-3.56239
-4.12802
-4.12802
-4.3898
-4.17031
-4.22109
-4.26932
-4.31514
-4.35867
-4.40003
-4.68276
-4.95136
-5.20653
-5.44894
-5.67922
-5.93044
-5.63392
-5.35222
-5.08461
-4.83038
-4.58886
-4.14145
-4.14145
-3.93437
-3.73766
-3.55077
-3.37323
-3.61766
-3.84986
-4.07045
-4.28002
-4.4791
-4.89176
-4.64717
-4.41481
-3.98437
-3.98437
-3.78515
-3.59589
-3.4161
-3.24529
-3.08303
-2.92888
-2.78243
-3.13363
-3.49632
-3.84089
-4.16822
-4.47919
-4.85749
-4.61461
-4.38388
-4.16469
-3.95646
-3.75863
-3.5707
-3.84934
-4.36553
-4.36553
-4.60444
-4.83139
-5.08622
-4.83191
-4.59031
-4.3608
-4.14276
-3.93562
-3.73884
-3.5519
-3.3743
-3.20559
-3.04531
-2.89304
-3.2356
-3.56103
-3.87018
-4.16388
-4.4429
-4.7888
-4.54936
-4.1058
-4.1058
-3.90051
-3.70548
-3.52021
-3.3442
-3.17699
-3.01814
-2.72387
-2.72387
-3.12512
-2.96887
-2.82042
-2.6794
-2.41816
-2.41816
-2.29725
-2.18239
-2.07327
-1.96961
-1.87113
-1.77757
-1.68869
-1.60426
-1.52404
-1.44784
-1.37545
-1.70019
-1.61518
-1.53442
-1.4577
-1.38481
-1.31557
-1.15302
-1.09537
-1.0406
-0.98857
-0.93914
-0.89218
-1.37047
-1.30194
-1.23685
-1.175
-1.11625
-1.06044
-1.00742
-1.36098
-1.69687
-2.3191
-2.3191
-2.60709
-2.3529
-2.3529
-2.23525
-2.01731
-2.01731
-1.91645
-1.82063
-1.72959
-1.64311
-1.56096
-1.48291
-1.40877
-1.33833
-1.27141
-1.20784
-1.09008
-1.09008
-1.85159
-2.10013
-2.33624
-2.56055
-2.77364
-2.97608
-2.81056
-2.71126
-2.61693
-2.52731
-2.44217
-2.36129
-2.73109
-3.0824
-3.41615
-3.73321
-4.03441
-4.41524
-4.19447
-3.98475
-3.78551
-3.59624
-3.41643
-3.2456
-3.08332
-2.7827
-2.7827
-2.64357
-2.51139
-2.79166
-2.79166
-2.65208
-2.51948
-2.3935
-2.27383
-2.20919
-2.14779
-2.08946
-2.03405
-1.9814
-1.88233
-1.78822
-1.69881
-1.61387
-1.53317
-1.45651
-1.88221
-1.7881
-1.6987
-1.61376
-1.53307
-1.45642
-1.41712
-1.81932
-1.81932
-2.00547
-2.35031
-2.35031
-2.90124
-2.75618
-2.61837
-2.48745
-2.36308
-2.24493
-2.13268
-2.02605
-1.92474
-1.82851
-1.73708
-1.65023
-2.05246
-2.43457
-2.79758
-3.47006
-3.47006
-3.91564
-3.70417
-3.51896
-3.34301
-3.17586
-3.01707
-2.86622
-3.2112
-3.53894
-3.85029
-4.14607
-4.42706
-4.96956
-4.72108
-4.48503
-4.26078
-4.04774
-3.84535
-3.52308
-3.34692
-3.17958
-3.0206
-2.86957
-2.72609
-3.03674
-3.33186
-3.61222
-3.87856
-4.13159
-4.55012
-4.32262
-4.10648
-3.90116
-3.7061
-3.5208
-3.17752
-3.17752
-3.01864
-2.86771
-2.72433
-2.4587
-2.4587
-2.33577
-2.21898
-2.10803
-2.00263
-1.9025
-1.80737
-1.717
-1.63115
-1.5496
-1.47212
-1.39851
-1.74461
-2.07341
-2.38577
-2.68251
-2.96442
-3.39819
-3.22828
-3.06686
-2.91352
-2.76784
-2.62945
-2.49798
-2.37308
-2.25443
-2.14171
-2.03462
-1.93289
-2.57255
-2.8866
-3.18495
-3.46838
-3.73764
-3.99344
-3.79376
-3.60408
-3.42387
-3.25268
-3.09004
-2.93554
-2.78876
-2.64933
-2.51686
-2.39102
-2.27147
-2.78643
-2.64711
-2.38902
-2.38902
-2.26957
-2.15609
-1.94587
-1.94587
-1.84858
-1.66834
-1.66834
-1.58492
-2.01589
-1.9151
-1.81934
-1.72838
-1.64196
-1.55986
-1.48187
-1.40777
-1.33738
-1.27051
-1.20699
-1.14664
-1.08931
-1.03484
-0.93395
-0.93395
-0.88725
-1.39274
-1.25695
-1.25695
-1.1941
-1.07767
-1.07767
-1.02379
-0.9726
-0.92397
-0.87777
-0.83388
-0.79219
-1.32913
-1.83923
-2.78418
-2.78418
-3.22152
-3.67975
-3.49577
-3.32098
-3.15493
-2.84732
-2.84732
-2.70496
-2.56971
-2.44122
-2.31916
-2.2032
-2.09304
-2.58479
-2.45555
-2.35078
-2.25124
-2.15668
-2.06685
-1.98152
-1.88244
-1.78832
-1.6989
-1.61396
-1.53326
-1.4566
-1.38377
-1.31458
-1.24885
-1.18641
-1.12709
-1.07073
-1.0172
-0.96634
-0.91802
-1.06701
-0.96298
-0.96298
-0.91483
-0.82563
-0.82563
-0.78435
-1.4061
-1.33579
-1.269
-1.20555
-1.14527
-1.08801
-1.03361
-1.06318
-1.09127
-1.11795
-1.1433
-1.10901
-1.10901
-1.05356
-1.00088
-0.95084
-0.9033
-1.44578
-1.37349
-1.30482
-1.23958
-1.1776
-1.11872
-1.06278
-0.95916
-0.95916
-0.9112
-0.86564
-0.82236
-1.39678
-1.88837
-2.35538
-2.79904
-3.22051
-3.62091
-3.43987
-3.26787
-3.10448
-2.94925
-2.6617
-2.6617
-2.52862
-2.40219
-2.28208
-2.16797
-2.05957
-2.48736
-2.36299
-2.3636
-2.36417
-2.36471
-2.36523
-2.36572
-2.28026
-2.19908
-2.12195
-2.04868
-1.94625
-2.42992
-3.32593
-3.32593
-3.74063
-4.13458
-4.58019
-4.35118
-4.13362
-3.7306
-3.7306
-3.54407
-3.72583
-3.72583
-3.96933
-4.20065
-4.42041
-4.82751
-4.82751
-4.58613
-4.35683
-4.13899
-3.93204
-3.73544
-3.52143
-3.80865
-4.34073
-4.34073
-4.58699
-4.57989
-4.57989
-4.3509
-4.13335
-3.73035
-3.73035
-3.54383
-3.36664
-3.19831
-3.03839
-2.88647
-2.74215
-2.60504
-2.47479
-2.35105
-2.2335
-2.12182
-2.01573
-1.91495
-1.8192
-1.72824
-1.64183
-1.55974
-1.48175
-1.40766
-1.27041
-1.27041
-1.20689
-1.14655
-1.08922
-1.03476
-0.98302
-0.88718
-0.88718
-0.80068
-0.80068
-0.76064
-0.72261
-0.68648
-0.65216
-0.61955
-0.58857
-0.55914
-0.53119
-0.50463
-0.4794
-0.45543
-1.27536
-1.2116
-1.15102
-1.09347
-1.03879
-0.98685
-0.93751
-0.89063
-0.8461
-0.8038
-0.76361
-0.72543
-0.68916
-0.6547
-0.62196
-0.59087
-0.56132
-1.12724
-1.07088
-1.01733
-0.96646
-0.91814
-0.87223
-0.82862
-1.17975
-1.51332
-1.83021
-2.13126
-2.41726
-2.29639
-2.18157
-2.07249
-1.96887
-1.87043
-1.77691
-1.68806
-1.60366
-1.52347
-1.4473
-1.37494
-1.30619
-1.24088
-1.17884
-1.11989
-1.0639
-1.0107
-1.59478
-1.59478
-1.51505
-1.36733
-1.36733
-1.29896
-1.23401
-1.17231
-1.1137
-1.05801
-1.00511
-0.95486
-1.51297
-1.43732
-1.36545
-1.29718
0.80113
0.80113
2.7329
4.24793
6.00736
8.8691
12.1584
18.3807
24.3088
30.6221
36.6197
42.3174
47.0487
49.8629
45.5774
41.5061
35.8887
30.5522
26.8389
23.8692
21.2681
21.3951
22.6555
22.6555
24.2288
26.7859
29.2151
31.4976
33.6912
35.7752
37.7297
39.5318
36.4201
33.464
30.6557
27.9879
25.4534
24.8868
23.2216
21.6396
20.1366
19.1298
18.0127
17.112
16.2564
15.4436
14.6714
13.9379
13.4547
12.1428
12.1428
11.5357
10.9589
10.411
9.49303
8.3314
8.3314
7.79377
7.28302
6.86028
6.86028
6.51726
5.88183
5.88183
5.58774
5.30835
4.84781
4.70002
4.55961
4.42622
4.29951
4.17913
3.97017
3.77166
3.58308
3.40393
3.23373
3.29941
3.13444
2.97772
2.82883
2.68739
2.55302
2.42537
1.96504
1.52773
1.37877
1.37877
1.95681
3.79416
5.53964
7.19785
8.77314
11.2425
14.1705
16.952
19.5946
22.4711
24.3417
26.1187
28.2052
28.2052
29.5399
31.5761
35.788
39.7894
43.8353
49.0276
53.9602
57.3201
60.512
57.8211
49.2311
41.0706
33.3181
29.002
37.5342
46.0862
54.2105
61.9286
59.4417
57.0792
54.8347
52.7025
50.6769
44.3452
38.33
29.2459
29.2459
28.5015
29.3838
30.5163
31.5922
32.6143
30.2653
30.2653
28.752
25.3169
25.3169
21.6165
21.6165
19.6984
18.0817
17.1776
16.3187
15.5028
14.7277
13.9913
13.2917
12.6271
12.2913
11.9723
11.6692
11.448
11.0384
11.0384
10.8488
10.6686
10.1352
9.62844
9.14701
8.68966
8.25518
7.84242
7.35117
6.44114
6.44114
6.01995
5.33884
5.33884
5.18948
5.04759
4.9128
4.78474
4.66309
4.42993
4.20844
3.99801
3.79811
3.60821
3.4278
3.8211
3.63004
3.44854
3.27611
2.95669
2.95669
2.37647
2.25764
2.14476
2.03752
1.93565
1.83886
1.74692
1.65957
1.5766
1.49777
1.42288
1.35173
0.47845
0.47845
0.15854
-0.14537
-0.70837
-0.70837
-0.67295
-0.6393
-0.60734
-0.57697
-0.54812
-0.52072
-0.49468
-0.46995
-0.44645
-0.42413
-0.40292
-0.77901
-0.74006
-0.70306
-0.6679
-0.63451
-0.60278
-0.57264
-0.54401
-0.51681
-0.49097
-0.46642
-0.4431
-0.42095
-0.3999
-0.36091
-0.36091
-0.34286
-0.78207
-0.74297
-0.70582
-0.637
-0.637
-0.60515
-0.37332
-0.35466
-0.33693
-0.32008
-0.30408
-0.28887
-0.55188
-0.52428
-0.49807
-0.44951
-0.44951
-0.42703
-0.40568
-0.3854
-0.36613
-0.34782
-0.33043
-0.31391
-0.29821
-0.2833
-0.26914
-0.25568
-0.2429
-0.23075
-0.21921
-0.19784
-0.19784
-0.18795
-0.17855
-0.16962
-0.16114
-0.15309
-0.14543
-0.13125
-0.13125
0.74147
1.87263
3.19956
4.46015
5.6577
6.54305
6.69896
6.79797
6.80889
6.46845
5.71301
3.98277
1.9682
-0.06997
-2.00623
-5.59315
-5.59315
-6.32041
-6.64098
-6.30894
-5.99349
-5.69381
-5.40912
-5.13867
-4.72507
-4.33216
-3.95889
-3.60429
-3.26741
-3.10404
-2.94884
-2.8014
-2.66133
-2.52826
-2.67796
-2.41686
-2.41686
-2.29601
-2.18121
-2.07215
-1.96854
-2.31866
-2.65127
-2.96725
-3.26744
-3.55261
-3.37498
-3.20623
-3.04592
-2.89362
-2.74894
-2.61149
-2.88262
-2.88262
-3.0081
-3.1273
-3.24055
-3.06427
-3.46928
-3.67091
-3.86246
-4.04443
-4.2173
-4.38153
-4.16245
-4.00768
-3.86065
-3.72097
-3.58827
-3.4622
-3.28909
-3.12464
-2.96841
-2.81999
-2.67899
-3.1295
-2.97303
-2.82438
-2.68316
-2.549
-2.42155
-1.83188
-1.74029
-1.57061
-1.57061
-1.49208
-1.41748
-1.71759
-1.63171
-1.55013
-1.47262
-1.39899
-1.32904
-1.26259
-1.19946
-1.13949
-1.08251
-0.97697
-0.97697
-0.92812
-0.88171
-0.83763
-0.79574
-0.75596
-1.09368
-0.96985
-0.85222
-0.74046
-0.6343
-0.53344
-0.50677
-0.48143
-0.45736
-0.43449
-0.41276
-0.20917
-0.72161
-1.20844
-1.67092
-2.11027
-2.52766
-3.012
-2.70262
-2.42663
-2.16445
-1.67875
-1.67875
-1.45395
-1.23302
-1.02313
-0.82374
-0.63431
-0.45436
-0.43164
-0.41006
-0.38956
-0.37008
-0.35158
-0.76565
-0.691
-0.691
-0.65645
-0.62362
-0.59244
-0.56282
-0.53468
-0.48255
-0.48255
-0.45842
-0.4355
-0.43056
-0.40903
-0.38858
-0.3507
-0.3507
-0.33316
0.13258
0.12595
0.11965
0.11367
0.10798
0.10258
0.09746
0.1494
0.19874
0.24562
0.33246
0.33246
0.47117
0.60295
0.84708
0.84708
0.96006
1.35001
0.54294
-0.19625
-0.89848
-1.5656
-2.19936
-2.08939
-1.2611
-0.47422
2.07079
6.08729
10.398
15.4424
21.6372
27.612
33.4599
39.0153
49.135
49.135
52.9265
56.4343
59.4542
62.303
64.2214
64.8602
64.3073
63.4141
61.4336
59.5379
56.561
53.0304
48.9771
45.1263
41.6471
36.4248
36.4248
34.6035
33.204
31.8745
30.6114
29.4115
28.4306
27.0091
25.6586
23.1569
23.1569
21.9991
20.8991
19.8542
18.8615
17.9184
17.0225
16.1714
15.6767
15.2068
14.7604
14.3364
13.9335
13.874
13.1803
12.5213
11.8952
11.3004
10.7354
9.67226
9.67226
9.53436
9.40335
9.27889
9.16065
8.9879
8.5385
8.11158
7.706
7.3207
6.60693
6.60693
6.27658
5.96275
5.38139
5.38139
5.11232
5.299
5.12172
4.9533
4.7933
4.6413
4.4969
4.27206
4.05846
3.85553
3.66276
3.47962
3.03035
2.36304
1.7291
1.12686
0.55472
0.01119
-0.59196
-1.16496
-1.10671
-1.26369
-1.41282
-1.34218
-1.27507
-1.21132
-0.96054
-0.7223
-0.47118
-0.47118
-0.44762
-0.42524
-0.40398
-0.38378
-0.36459
0.21189
0.2013
0.04127
-0.11077
-0.2552
-0.39241
-0.37279
-0.35415
-0.33644
-0.31962
-0.30364
-0.28845
-0.27403
-0.26033
-0.24731
-0.23495
-0.2232
0.0238
-0.46728
-0.44391
-0.42172
-0.40063
-0.3806
-0.36157
-0.32632
-0.32632
-0.31
-0.2945
-0.27978
-0.26579
-0.2525
-0.23987
-0.21648
-0.21648
-0.20566
-0.81719
-0.77633
-0.73751
-0.66561
-0.66561
-0.63233
-0.07397
-0.07028
-0.06676
-0.06025
-0.06025
-0.05724
-0.05438
-0.05166
-0.04908
-0.04662
-0.04429
-0.03997
-0.03997
-0.03797
-0.03608
-0.03427
-0.03256
0.7091
0.67364
0.63996
0.60796
0.57757
0.54869
0.52125
0.49519
0.47043
0.44691
0.42456
0.40334
0.38317
0.36401
0.34581
0.32852
0.31209
0.80725
0.76689
0.72854
0.69212
0.65751
0.62463
0.5934
0.56373
0.53555
0.50877
0.48333
0.45916
0.4144
0.4144
0.39368
0.35529
0.35529
0.33753
-0.27299
-0.67303
-1.05306
-1.41409
-1.75707
-2.0829
-1.64063
-1.5586
-1.48067
-1.40664
-1.33631
-1.20602
-1.20602
-1.14571
-1.08843
-1.03401
-0.98231
-1.72628
-1.63997
-1.55797
-1.48007
-1.40607
-1.33576
-1.26897
-1.20553
-1.14525
-1.08799
-1.03359
-0.98191
-0.93281
-0.88617
-0.84186
-0.79977
-0.75978
-0.72179
-0.6857
-0.65142
-0.61885
-0.5879
-0.55851
-0.53058
-1.08563
-2.03855
-2.03855
-2.47959
-2.89857
-2.75364
-2.61596
-2.48516
-2.3609
-2.24286
-2.13072
-2.02418
-1.92297
-1.82682
-1.73548
-1.64871
-1.56627
-1.93447
-2.45791
-2.95517
-3.42757
-3.87635
-4.08756
-4.08756
-3.88318
-3.68902
-3.50457
-3.32934
-3.16287
-3.00473
-2.85449
-2.71177
-2.57618
-2.44737
-2.325
-2.74706
-3.14802
-3.52892
-3.89079
-4.23455
-4.02283
-3.82169
-3.6306
-3.44907
-3.27662
-3.11279
-2.95715
-2.80929
-2.66883
-2.53538
-2.40862
-2.74717
-2.47932
-2.47932
-2.35535
-2.23759
-2.12571
-2.01942
-1.91845
-1.82253
-1.7314
-1.64483
-1.56259
-1.48446
-1.41024
-1.33973
-1.27274
-1.14865
-1.14865
-1.09121
-1.03665
-0.98482
-0.93558
-0.8888
-0.84436
-1.40923
-1.94585
-2.45565
-2.93995
-3.40004
-3.96222
-3.76411
-3.57591
-3.39711
-3.06589
-3.06589
-2.9126
-2.76697
-2.62862
-2.49719
-2.37233
-2.25371
-2.92842
-3.4804
-4.00478
-4.50294
-4.9762
-5.41653
-5.14571
-4.88842
-4.644
-4.4118
-4.19121
-3.98165
-4.24334
-4.72811
-4.72811
-5.01615
-5.28978
-5.67526
-5.91356
-6.13995
-6.35502
-6.55934
-6.75344
-6.41577
-6.59121
-6.75787
-6.91621
-7.20952
-7.20952
-6.84904
-6.50659
-6.18126
-5.8722
-5.57859
-5.29966
-5.03468
-4.78294
-4.5438
-4.31661
-4.10078
-3.55795
-4.11735
-5.15366
-5.15366
-5.63328
-6.08892
-6.50197
-6.17687
-5.86803
-5.57463
-5.29589
-5.0311
-4.77954
-4.54057
-4.31354
-4.09786
-3.89297
-3.69832
-3.5134
-3.84107
-4.15235
-4.44806
-4.72899
-4.99587
-4.33238
-4.11576
-3.71448
-3.71448
-3.52875
-3.35232
-3.1847
-3.02546
-2.87419
-2.73048
-2.59396
-3.01119
-2.86063
-2.7176
-2.58172
-2.45263
-2.33
-2.09794
-2.5705
-3.01943
-3.44591
-4.23597
-4.23597
-4.56901
-4.86357
-5.14341
-5.40925
-5.6618
-5.90173
-5.60664
-5.32631
-5.05999
-4.80699
-4.56665
-4.08624
-3.88193
-3.68783
-3.50344
-3.32827
-3.16185
-3.5498
-3.37231
-3.2037
-3.04351
-2.89134
-2.74677
-2.47896
-2.47896
-2.35501
-2.23726
-2.1254
-1.94942
-1.75935
-1.75935
-1.67138
-1.58781
-1.50842
-1.433
-2.40398
-3.32641
-2.92011
-2.7741
-1.694
-1.694
-1.6093
-0.64276
-0.64276
0.19901
2.32373
4.34222
6.09161
6.52883
6.94418
7.33877
8.06621
8.75728
9.4138
10.0375
10.63
10.0985
9.59357
9.11389
8.6582
8.22529
7.81402
7.05215
7.05215
6.69955
6.04634
6.04634
5.74402
5.45682
5.67269
5.38906
5.1196
4.86362
4.62044
4.38942
3.66357
3.30637
3.30637
3.14105
2.984
2.8348
2.69306
2.55841
2.43049
2.30896
2.19351
2.46043
2.0656
1.96232
1.8642
1.77099
1.68244
1.59832
1.5184
1.37036
1.37036
1.30184
1.23675
1.17491
1.11617
1.06036
1.00734
0.95697
0.90912
0.86367
0.82048
0.77946
0.74049
0.70346
0.66829
0.63488
0.60313
0.54433
0.54433
0.51711
0.49125
1.06433
1.60876
2.12596
2.6173
3.08408
3.28091
3.81098
4.31455
4.79293
5.2474
5.67915
6.37376
6.85554
7.31324
7.74805
8.16112
8.55354
8.58108
8.89658
9.1963
9.48104
9.75153
9.50808
9.50808
9.03268
8.15199
8.15199
7.74439
7.35717
6.40587
4.83745
3.08049
0.24093
-2.45664
-5.01934
-6.92503
-8.73543
-9.45038
-10.1296
-10.7123
-10.8004
-9.63486
-8.52756
-7.4715
-5.51516
-5.51516
-5.2394
-4.97743
-4.72856
-4.49213
-4.26752
-4.05415
-3.85144
-3.65887
-3.47593
-3.30213
-3.13702
-2.98017
-2.6896
-2.6896
-2.55512
-2.306
-2.306
-2.74712
-2.60976
-2.47927
-2.35531
-2.23754
-2.12567
-1.49675
-1.42191
-1.35082
-1.28328
-1.21911
-1.15816
-1.10025
-0.99298
-0.99298
-0.94333
-0.89616
-0.85135
-0.80878
-0.76835
-0.72993
-0.69343
-0.65876
-0.29846
-0.28353
-0.26936
-0.25589
-0.24309
-0.23094
-0.54527
-0.51801
-0.49211
-0.4675
-0.44413
-0.40082
-0.40082
-0.01721
0.69343
0.69343
1.02233
1.33479
1.26805
1.20465
1.14442
1.08719
1.03284
0.41814
0.53806
0.65198
0.76021
0.9607
0.9607
1.1818
1.14883
1.1175
1.08775
1.05948
1.03262
0.41231
0.39169
0.37211
0.3535
0.33583
0.31903
0.75955
1.06827
1.36155
1.64016
2.1563
2.1563
2.34599
2.5262
2.2799
2.2799
2.1659
2.05761
1.95473
1.85699
1.76414
1.67593
1.59214
2.00006
1.90006
1.80506
1.7148
1.62906
1.54761
1.47023
1.39672
1.32688
1.19751
1.19751
1.13764
1.08075
1.02672
0.92661
0.92661
0.88028
1.41622
1.34541
1.27814
1.21423
1.15352
1.09584
0.59931
0.91963
1.20762
1.48122
1.74113
1.98805
2.09714
1.99228
1.89267
1.70813
1.70813
1.62272
1.09249
0.58877
0.11023
-0.34438
-1.37617
-1.37617
-0.87701
-0.15175
-0.15175
0.18392
0.5028
0.76545
0.76545
0.72718
0.65628
0.65628
0.62347
0.18107
0.17202
0.16342
0.15525
0.14748
0.14011
0.54207
0.66629
0.78429
0.8964
1.0029
1.10407
1.04887
0.99642
0.9466
0.89927
0.85431
0.81159
0.77101
0.73246
0.69584
0.66105
0.62799
1.18405
1.12485
1.0686
1.01517
0.91619
0.91619
0.87039
0.82687
0.78552
0.74625
0.70893
0.67349
0.63981
0.60782
0.57743
0.54856
0.49508
0.49508
0.47032
0.44681
0.42447
0.40324
0.38308
-0.23386
-0.22217
-0.21106
-0.20051
-0.19048
-0.18096
-0.17191
-0.16332
-0.15515
-0.14739
-0.14002
-0.13302
-0.73377
-0.69708
-0.66223
-0.62912
-0.59766
-0.56778
-0.27215
-0.34907
-0.42215
-0.49157
-0.55752
-0.62017
-0.58916
-0.5597
-0.53172
-0.50513
-0.47988
-0.97401
-0.92531
-0.87905
-0.83509
-0.79334
-0.75367
-0.47747
-0.80282
-1.1119
-1.40553
-1.68447
-1.94947
-1.852
-1.67143
-1.67143
-1.58786
-1.50846
-1.43304
-1.36139
-1.29332
-1.16722
-1.16722
-1.10886
-0.70041
-1.15466
-1.5862
-2.38562
-2.38562
-2.75561
-3.26435
-3.10113
-2.94607
-2.79877
-2.65883
-2.52589
-2.39959
-2.27961
-2.16563
-2.05735
-1.95448
-1.85676
-2.47846
-2.904
-3.30826
-3.69231
-4.05716
-4.40377
-3.70083
-3.51579
-3.34
-3.173
-3.01435
-2.86363
-2.72045
-2.58443
-2.45521
-2.33245
-2.21583
-2.10503
-1.99978
-1.89979
-1.71456
-1.71456
-1.62884
-1.36978
-1.30129
-1.23622
-1.17441
-1.11569
-1.05991
-1.00691
-0.95657
-0.90874
-0.8633
-0.82014
-0.77913
-0.74017
-0.70316
-0.66801
-0.60287
-0.60287
-0.29376
-0.68669
-1.05998
-1.4146
-1.75149
-2.07154
-1.86956
-1.86956
-1.77609
-1.68728
-1.60292
-1.52277
-1.44663
-1.3743
-1.30559
-1.24031
-1.17829
-0.9637
-1.70826
-2.10697
-2.48575
-2.84558
-3.18743
-3.51218
-3.33657
-3.16975
-3.01126
-2.8607
-2.71766
-2.58178
-2.45269
-2.33005
-2.21355
-2.10287
-1.99773
-2.41501
-2.29426
-2.17955
-2.07057
-1.96704
-1.86869
-1.68649
-1.68649
-1.60217
-1.52206
-1.44596
-1.37366
-1.30498
-1.23973
-1.17774
-1.11885
-1.06291
-1.46321
-1.39005
-1.32055
-1.25452
-1.19179
-1.1322
-0.78191
-0.74281
-0.70567
-0.67039
-0.60503
-0.60503
-1.197
-1.13715
-1.08029
-1.02628
-0.97497
-0.92622
-0.87991
-0.83591
-0.75441
-0.75441
-0.71669
-0.68085
-1.1027
-1.50346
-1.88418
-2.24586
-2.58946
-3.0613
-2.90824
-2.76283
-2.62469
-2.49345
-2.36878
-2.25034
-2.13782
-2.03093
-1.92939
-1.74127
-1.74127
-2.30643
-2.19111
-2.08156
-1.97748
-1.8786
-1.78467
-1.69544
-1.61067
-1.53013
-1.45363
-1.38095
-1.3119
-1.2463
-1.18399
-1.12479
-1.06855
-1.01512
-1.42439
-1.35317
-1.28551
-1.22123
-1.16017
-1.10216
-0.65194
-0.61934
-0.58838
-0.55896
-0.53101
-0.50446
-0.47924
-0.45527
-0.43251
-0.41088
-0.39034
-0.37082
-0.33467
-0.33467
-0.31793
-0.30204
-0.28694
-0.27259
-0.24601
-0.24601
-0.23371
-0.22203
-0.21092
-0.98911
-0.93965
-0.89267
-0.84804
-0.80563
-0.76535
-0.72709
-0.69073
-0.65619
-0.62339
-0.59222
-0.56261
-0.53447
-0.50775
-0.48236
-0.45825
-0.43533
-1.11632
-1.06051
-0.95711
-0.95711
-0.90925
-0.86379
-0.8206
-0.77957
-0.74059
-0.70356
-0.63496
-0.63496
-1.20854
-1.14811
-1.09071
-1.03617
-0.93515
-0.93515
-0.88839
-1.37476
-2.27578
-2.27578
-2.69278
-3.08894
-2.93449
-2.78777
-2.64838
-2.51596
-2.39016
-2.27065
-2.57896
-2.87186
-3.15011
-3.41444
-3.66556
-3.21076
-3.05022
-2.89771
-2.75283
-2.61519
-2.48443
-3.02331
-2.87214
-2.72854
-2.4625
-2.4625
-2.33938
-2.27121
-2.14494
-2.14494
-2.08649
-2.03097
-1.7829
-2.53036
-3.12989
-3.69945
-4.24052
-4.75454
-5.24287
-4.68097
-4.76078
-4.83659
-4.90862
-4.97704
-4.78994
-4.78994
-4.55044
-4.32292
-4.10678
-3.90144
-3.70637
-3.52105
-3.345
-3.17775
-3.01886
-2.86792
-2.58425
-2.45504
-2.33229
-2.21567
-2.10489
-1.99965
-1.89966
-1.80468
-1.71445
-1.62872
-1.54729
-1.46992
-1.39643
-1.32661
-1.26028
-1.19726
-1.1374
-0.94073
-0.89369
-0.84901
-0.80656
-0.76623
-0.72792
-1.39175
-1.32216
-1.25606
-1.19325
-1.07691
-1.07691
-1.11319
-1.14766
-1.1804
-1.21151
-1.24106
-1.17901
-1.87507
-2.51703
-3.12689
-3.70625
-4.25665
-4.65525
-4.42249
-4.20136
-3.99129
-3.79173
-3.60214
-3.42204
-3.08839
-3.08839
-2.93397
-2.78727
-2.64791
-3.18619
-3.61259
-4.01766
-4.40247
-4.76805
-4.56358
-4.56358
-4.3354
-4.11863
-3.71706
-3.71706
-3.53121
-3.35465
-3.18692
-3.02757
-2.87619
-2.73238
-3.29326
-3.12859
-2.97216
-2.82355
-2.68238
-2.54826
-2.12374
-2.5642
-2.98264
-3.38015
-3.75779
-4.11655
-4.06299
-4.06299
-3.85984
-3.66685
-3.48351
-3.30933
-3.14387
-2.98667
-2.83734
-2.69547
-2.5607
-2.43266
-3.04338
-3.50492
-3.9434
-4.35994
-4.75566
-4.87502
-4.87502
-4.63127
-4.3997
-3.97073
-3.97073
-3.7722
-3.58359
-3.40441
-3.23419
-3.07248
-2.91885
-3.47721
-3.9266
-4.35353
-4.7591
-5.1444
-5.51044
-5.23491
-4.97317
-4.72451
-4.48828
-4.26387
-3.99127
-3.79171
-3.60212
-3.42202
-3.25092
-3.08837
-3.67854
-3.49461
-3.31988
-3.15388
-2.99619
-2.84638
-0.705
1.45386
5.83602
10.0439
14.3432
18.9092
23.6878
28.5131
33.0055
37.2733
41.3277
45.1794
47.6626
49.2905
50.6212
51.1726
48.8103
45.9352
39.1182
39.1182
35.3781
28.1006
28.1006
26.6956
25.3608
24.2
23.0973
22.0709
20.0681
20.0681
19.0918
18.1644
17.2833
16.4462
15.7762
14.238
14.238
13.5261
12.8498
12.2073
11.1647
10.6065
10.0761
9.57233
9.09371
8.63902
8.20707
7.79672
7.40688
7.03654
6.68471
6.35048
5.52541
4.83081
4.17094
3.54407
2.94854
2.38278
2.57289
2.4866
2.40462
2.32675
2.25276
2.18248
2.07336
1.96969
1.8712
1.77764
1.68876
1.10953
1.10953
1.05405
1.00135
0.95128
0.90372
0.85853
0.81561
0.77483
0.73609
0.69928
0.66432
0.6311
0.59955
0.56957
0.54109
0.51404
0.48833
1.78215
1.78215
3.55834
5.93157
8.18614
10.328
11.6769
12.8785
14.02
15.1045
16.1289
16.948
16.4302
15.6087
14.8283
14.0869
13.3825
12.7134
11.4652
10.39
9.36851
7.47626
7.47626
6.6883
5.67483
5.67483
5.20578
4.76018
4.33686
4.73848
4.82567
4.9085
4.98719
5.06194
4.87631
4.87631
4.63249
4.40087
4.18082
3.97178
3.77319
3.58453
3.40531
3.23504
3.07329
2.91962
3.25098
3.08844
2.78731
2.78731
2.64795
2.51555
2.38977
2.27028
2.15677
2.04893
1.94648
1.84916
1.7567
1.66887
1.58542
1.50615
1.43085
1.3593
1.79741
2.21361
2.609
2.98462
3.34146
3.17439
3.0144
2.8624
2.71801
2.58084
2.45052
2.73704
2.73704
3.37578
3.98259
5.49925
5.49925
6.39244
6.84394
7.21818
6.46515
5.74977
5.07015
4.81665
4.57582
4.34702
4.12967
3.92319
7.55815
7.55815
9.96947
12.2602
14.4364
15.9626
15.7729
14.9842
14.235
13.5232
12.8471
12.2047
12.1312
12.5063
16.4485
16.4485
21.8614
27.0038
31.889
36.1653
34.4988
34.4988
32.7738
30.9615
29.0963
27.3243
26.7669
26.2375
25.9115
29.5973
35.9584
43.2008
56.6175
56.6175
60.6938
59.2969
56.3321
53.0665
49.6191
46.3441
43.5779
41.8609
40.9591
42.7673
49.3843
60.9527
71.9427
82.3832
90.2156
91.122
88.1703
83.7618
79.234
70.3411
70.3411
66.4843
63.6916
62.0807
66.8214
76.4139
87.8542
98.7225
109.047
114.359
112.869
108.373
102.678
95.6872
84.3172
84.3172
80.5428
77.0414
84.535
84.535
96.8618
108.572
119.697
130.367
130.367
127.008
120.473
113.793
107.15
100.839
95.6121
91.6324
88.8863
92.6423
118.484
118.484
133.078
146.943
154.771
154.369
149.041
140.545
131.415
122.742
115.56
105.038
105.038
104.694
112.211
128.621
144.234
159.067
173.159
177.811
175.284
166.852
157.165
147.961
139.218
130.975
124.427
120.071
123.652
135.478
155.703
174.917
204.472
204.472
205.372
199.915
188.699
176.774
165.445
155.951
148.154
141.217
139.51
145.964
163.427
183.152
201.891
219.693
226.924
224.953
214.936
202.501
190.592
179.278
168.626
160.195
154.183
168.411
168.411
193.805
217.929
240.846
256.338
259.654
254.705
240.453
226.719
213.671
201.276
190.757
181.219
183.313
183.313
202.786
228.147
252.24
275.129
285.825
285.395
274.968
258.78
243.4
228.79
215.363
203.88
195.563
195.563
206.967
233.992
259.665
284.054
304.327
310.693
306.892
291.548
275.031
259.341
244.435
231.372
219.804
214.153
218.161
237.75
269.29
299.252
327.716
342.811
344.775
334.55
315.418
297.242
279.976
263.688
249.661
238.7
236.187
245.929
273.88
302.361
329.418
355.122
365.37
362.954
346.799
327.028
308.246
290.403
274.804
260.555
252.481
272.657
272.657
309.264
377.078
377.078
397.871
403.191
372.698
372.698
351.934
313.47
313.47
296.435
282.582
277.668
284.921
313.103
348.482
414.023
414.023
428.373
411.649
411.649
388.286
366.091
345.006
326.247
308.805
297.491
295.249
310.468
345.58
410.626
410.626
434.12
441.57
434.294
412.579
389.464
346.643
346.643
327.767
311.378
303.072
305.139
328.129
364.167
398.403
430.928
446.355
447.529
432.845
408.748
385.856
364.108
343.645
325.269
311.953
306.683
316.253
345.822
374.283
401.322
427.009
436.944
432.469
413.068
390.054
368.19
347.42
328.398
311.231
301.706
300.105
318.082
351.986
384.194
414.792
432.549
436.93
425.41
402.808
381.199
340.23
340.23
321.75
307.539
300.06
305.317
330.613
360.552
388.995
416.015
428.145
426.794
409.821
387.265
365.838
345.481
326.596
297.898
297.898
293.512
307.223
337.348
365.966
393.153
413.67
421.029
412.99
372.329
372.329
351.247
331.218
313.703
298.675
290.156
291.964
313.069
345.531
376.37
405.666
420.57
422.02
407.625
386.041
365.289
344.794
307.607
307.607
296
289.456
298.725
325.296
351.7
376.784
400.614
411.228
406.051
388.42
367.53
346.608
326.733
308.928
293.481
283.758
282.482
300.034
332.287
362.927
392.035
410.552
404.003
404.003
383.861
363.306
342.338
322.418
304.935
292.171
284.072
290.114
314.07
343.723
371.892
412.279
412.279
410.26
394.812
373.983
353.291
333.634
315.864
299.294
288.455
284.494
298.248
327.556
355.398
381.848
403.375
411.47
403.314
384.621
342.798
342.798
322.9
305.11
291.713
285.444
285.444
306.394
339.094
370.158
399.669
416.333
417.319
404.273
383.078
362.055
342.084
323.111
305.617
293.394
286.661
297.115
323.843
351.796
378.351
403.579
415.057
409.841
393.163
372.084
329.616
329.616
311.714
296.931
286.475
286.283
303.543
336.172
367.169
396.617
416.783
421.01
410.535
390.227
368.707
348.263
328.842
310.466
288.58
288.58
295.334
319.036
349.482
378.405
405.883
420.201
417.686
403.097
381.281
359.245
338.311
319.734
304.099
291.917
288.323
301.837
331.908
360.475
387.613
410.737
418.188
410.712
391.987
370.016
349.144
329.316
311.043
296.574
289.807
289.807
309.963
343.467
375.297
405.535
422.626
422.895
410.58
388.456
366.98
346.578
327.654
311.271
291.784
291.784
301.542
328.962
357.941
385.472
411.626
422.402
417.898
400.718
378.374
357.147
336.982
317.944
302.047
290.379
290.341
307.043
340.877
373.019
403.553
427.608
427.608
396.388
396.388
374.531
353.767
334.041
301.93
301.93
293.863
299.849
323.07
354.905
385.149
413.88
427.256
424.799
409.533
386.43
343.63
343.63
324.085
307.88
294.732
292.197
304.09
334.25
362.903
390.123
413.64
420.372
413.855
393.962
372.078
331.538
331.538
313.727
298.041
291.053
291.053
310.708
346.887
381.257
413.908
427.067
411.432
411.432
392.671
350.575
350.575
331.092
315.178
302.856
298.388
303.501
329.255
357.637
384.599
410.214
421.048
418.685
402.25
357.867
357.867
336.388
315.984
296.6
287.5
296.35
310.3
334.58
357.668
379.601
400.437
406.736
400.01
383.768
366.062
349.241
333.261
320.057
308.151
303.862
308.093
332.164
365.964
398.073
428.577
443.056
444.28
431.195
402.886
344.095
344.095
316.885
295.649
279.419
271.921
282.425
315.322
346.573
376.263
404.132
416.296
413.924
403.466
393.456
383.905
374.832
353.471
353.471
341.765
330.645
349.339
375.557
400.464
424.126
431.212
424.781
405.215
384.179
364.195
345.209
327.171
327.171
328.955
338.338
351.337
374.852
399.85
446.158
446.158
454.732
447.196
424.063
400.568
378.248
357.044
338.148
320.512
311.91
312.559
329.296
361.603
392.295
421.452
441.643
452.534
452.534
446.035
438.05
392.757
392.757
362.636
334.021
319.818
322.486
339.952
396.399
396.399
422.524
434.082
430.84
411.03
387.081
342.716
342.716
324.35
307.405
297.247
291.699
302.126
332.088
360.551
387.592
411.684
415.862
405.474
385.686
364.971
344.874
325.782
307.645
292.262
283.76
304.755
304.755
339.259
372.038
403.179
420.937
423.688
409.672
388.025
367.312
326.978
326.978
309.318
296.836
290.089
298.216
324.661
352.116
378.199
402.977
414.617
411.218
394.056
372.622
352.188
332.777
314.335
297.702
287.362
284.231
333.303
333.303
363.846
392.862
412.681
419.376
409.24
389.567
368.564
347.394
309.395
309.395
296.241
288
293.136
316.773
347.301
376.304
403.856
418.139
401.157
401.157
379.639
359.052
339.495
321.06
304.271
293.867
287.389
299.636
328.961
356.821
383.287
405.739
407.763
407.763
389.423
368.204
347.104
327.059
308.958
295.203
285.501
287.3
307.616
341.399
373.494
403.983
421.82
424.307
411.742
391.418
370.171
349.986
330.81
313.238
301.102
293.237
301.875
327.195
354.951
381.32
406.371
418.172
413.652
397.14
377.78
357.016
320.922
320.922
298.353
298.353
297.151
312.071
343.778
373.9
402.515
423.25
428.785
418.927
399.427
374.743
351.294
329.017
308.817
293.376
282.453
286.628
309.47
369.182
369.182
396.817
412.073
397.658
397.658
376.295
355.775
336.28
317.76
301.872
290.552
286.545
299.204
327.954
355.267
381.214
404.689
413.761
407.53
389.055
341.596
341.596
319.396
298.788
282.925
273.055
276.66
297.491
334.734
370.115
403.727
423.697
425.249
411.584
392.925
374.214
356.438
340.536
326.125
313.32
302.498
305.611
328.689
360.586
390.887
419.674
432.068
417.898
417.898
394.666
350.185
350.185
329.599
312.482
298.159
296.285
310.98
343.701
374.787
404.318
424.542
428.182
419.359
399.211
356.712
356.712
337.043
319.669
304.168
295.154
299.448
321.325
353.49
384.046
427.289
427.289
425.722
411.601
366.741
366.741
345.772
326.275
309.384
295.885
292.373
303.055
333.25
361.935
389.187
413.549
421.26
397.273
397.273
375.37
354.561
334.793
316.628
300.797
290.65
291.643
309.932
344.622
377.577
408.885
425.96
415.984
415.984
393.578
371.119
329.515
329.515
312.655
298.038
292.014
298.78
325.444
355.678
384.4
411.685
422.092
419.255
402.72
379.792
358.011
337.319
319.132
302.353
290.736
289.157
303.31
336.913
368.837
399.164
419.329
423.832
415.672
394.22
371.951
350.795
313.056
313.056
297.773
290.677
293.465
315.882
348.793
380.059
409.762
422.947
422.729
408.21
385.256
342.735
342.735
323.993
306.811
293.902
289.491
299.523
358.818
358.818
386.261
409.494
416.838
412.05
392.917
370.994
350.167
330.382
313.066
296.736
287.698
287.521
306.366
341.976
375.806
407.944
423.934
426.397
414.232
370.268
370.268
349.821
312.522
312.522
298.511
292.594
298.479
325.237
354.516
382.331
408.755
418.991
416.839
399.476
377.517
356.657
336.839
318.588
301.426
291.494
288.107
302.58
335.566
366.901
396.671
415.432
421.012
412.341
391.667
369.59
348.617
328.693
310.91
296.946
289.67
291.893
314.739
347.281
378.196
407.565
421.152
421.065
405.414
384.053
343.331
343.331
323.939
294.926
294.926
289.879
300.519
358.617
358.617
385.507
416.92
416.92
411.515
392.725
350.772
350.772
330.861
312.959
296.959
288.53
287.868
307.257
341.655
374.333
405.377
421.801
424.964
411.909
390.666
369.938
348.679
310.865
310.865
298.334
297.96
297.96
323.931
352.345
379.338
404.981
416.528
396.707
396.707
375.737
335.136
335.136
316.345
299.906
289.495
285.416
301.001
332.691
362.796
391.396
411.102
417.705
407.853
388.605
368.494
347.131
326.836
309.814
295.673
287.061
290.558
344.97
344.97
374.951
403.434
417.63
417.63
402.356
382.305
361.3
340.901
321.522
303.557
291.78
285.578
297.468
326.552
354.182
403.035
403.035
413.49
407.627
390.093
368.991
347.672
327.418
309.45
284.985
284.985
284.963
304.145
338.665
371.458
402.612
420.266
423.148
410.869
390.668
368.952
348.322
328.723
310.173
297.303
289.062
296.759
322.095
350.554
377.589
403.273
416.053
412.46
396.803
375.758
354.258
333.833
315.936
300.14
288.953
286.046
301.131
332.83
362.944
391.553
412.166
418.207
409.033
390.232
368.306
347.435
327.607
308.813
295.592
286.039
290.099
343.537
343.537
373.663
402.283
418.033
416.941
403.57
381.984
361.139
341.337
322.524
306.398
293.785
288.065
299.215
327.544
354.457
380.024
404.076
413.429
407.186
390.35
368.831
347.794
327.808
309.416
294.793
284.236
285.586
303.742
370.651
370.651
401.618
419.896
421.693
410.931
389.943
368.77
348.656
329.548
312.199
298.542
290.882
297.93
351.568
351.568
379.324
405.692
414.016
414.016
399.046
354.729
354.729
334.119
314.743
299.797
287.559
285.441
299.487
331.671
362.245
391.291
413.091
418.097
410.043
390.793
368.767
347.842
310.512
310.512
295.779
286.598
290.428
311.476
343.998
374.895
404.246
419.168
418.219
405.698
383.109
361.178
340.344
321.023
304.972
291.753
287.664
297.616
326.174
353.815
380.073
405.019
413.337
408.268
390.65
368.967
328.799
328.799
310.818
295.685
285.459
285.925
302.962
337.977
371.242
402.843
420.78
422.469
412.201
390.311
367.969
346.744
326.58
310.251
295.499
288.987
294.868
320.097
350.306
379.004
406.268
417.224
414.407
398.614
375.707
353.945
333.272
315.012
298.503
287.031
298.476
298.476
331.443
362.761
392.514
413.586
418.396
411.344
390.823
368.471
347.237
327.064
309.821
294.33
286.52
288.949
310.469
343.7
375.268
405.259
418.999
405.565
405.565
382.442
339.606
339.606
320.754
303.791
290.887
286.226
295.23
324.699
352.694
379.29
403.802
411.95
407.799
389.727
367.455
346.296
326.196
308.993
292.791
283.474
282.86
300.59
335.783
369.216
400.977
417.707
420.656
409.977
387.724
366.579
346.491
327.408
309.321
295.166
289.323
294.418
320.229
350.151
378.578
405.583
416.316
414.835
398.312
376.051
354.902
334.811
316.457
299.32
289.022
285.441
298.882
331.296
362.089
391.343
411.577
417.7
409.725
389.238
367.632
347.106
327.606
309.659
294.395
286.634
288.145
310.387
343.179
374.331
403.925
418.438
418.438
404.22
361.737
361.737
341.407
322.094
305.016
293.076
287.639
297.122
326.069
353.568
379.693
403.123
412.288
407.739
389.371
367.969
347.414
309.559
309.559
293.5
285.1
301.847
301.847
335.754
367.964
398.565
415.194
419.279
407.633
386.596
365.716
344.924
325.172
307.363
294.536
287.246
292.642
318.162
347.454
375.282
401.719
413.67
411.904
395.81
374.824
354.264
334.731
316.175
299.271
288.981
284.665
298.935
330.141
359.786
387.949
407.996
414.874
406.374
387.006
345.228
345.228
324.973
307.617
293.628
285.134
287.433
309.234
341.547
372.244
401.406
416.283
417.277
403.345
382.528
361.095
340.734
321.391
303.416
292.335
285.634
295.918
324.032
350.74
376.113
399.808
410.449
404.793
387.198
366.275
325.078
325.078
307.261
292.701
282.755
281.881
300.385
334.201
366.325
396.843
414.776
418.636
407.122
387.508
366.155
345.342
325.569
307.313
294.616
286.345
293.101
317.905
347.168
374.968
401.378
412.021
412.021
396.67
375.516
354.58
334.69
316.635
300.409
289.517
285.696
299.747
330.286
359.298
386.859
407.846
414.717
405.942
365.974
365.974
344.831
324.745
293.176
293.176
283.448
286.672
307.77
339.856
370.337
399.294
415.636
415.729
402.949
381.814
361.055
341.334
322.599
305.762
293.085
286.604
296.737
324.081
350.926
376.429
400.657
410.874
405.346
389.083
367.712
346.404
307.937
307.937
293.363
282.699
282.833
300.065
334.073
366.381
397.073
416.092
418.984
408.819
388.378
367.059
346.806
327.566
309.961
296.617
288.387
318.241
318.241
348.359
376.971
404.152
417.026
413.891
399.287
376.902
354.969
334.133
315.006
299.939
287.631
284.959
329.301
329.301
359.021
387.255
409.811
416.027
408.687
368.065
368.065
347.102
309.288
309.288
294.499
285.011
288.071
308.412
341.509
372.951
402.821
418.819
418.711
406.867
384.296
362.443
341.683
322.371
306.252
292.828
287.942
297.08
325.001
353.389
405.977
405.977
415.066
410.58
393.673
371.669
350.765
330.907
312.244
296.904
286.219
286.2
302.365
337.619
402.925
402.925
421.718
423.976
414.525
392.908
370.533
349.276
329.082
312.216
297.121
290.048
295.295
319.51
350.62
380.174
408.251
420.098
418.008
403.076
379.755
336.552
336.552
317.751
301.257
289.185
286.833
298.945
330.8
361.062
389.811
411.995
417.749
411.403
391.593
369.036
347.607
327.249
309.881
294.387
286.243
308.658
308.658
342.71
375.059
420.641
420.641
421.336
408.625
385.388
363.313
342.342
323.174
306.224
292.799
287.836
295.88
324.689
352.696
379.302
404.578
413.483
409.959
392.361
369.85
348.463
328.146
310.474
294.239
284.675
283.689
300.491
335.251
368.272
399.643
417.583
421.151
411.319
389.298
368.002
328.55
328.55
310.487
295.87
289.586
293.913
318.835
349.798
379.213
407.157
418.598
417.928
402.091
379.579
358.192
337.875
319.653
302.346
287.511
287.511
299.756
331.604
361.859
390.601
411.595
418.121
411.311
391.209
369.319
348.524
328.769
311.043
287.413
287.413
288.235
309.405
375.447
375.447
406.013
420.201
421.82
408.42
386.487
365.651
345.044
325.467
308.003
295.571
289.731
297.987
326.088
353.135
378.829
412.881
412.881
409.135
369.267
369.267
348.726
329.212
310.953
294.483
285.631
283.373
300.557
334.246
366.25
396.654
413.962
418.845
408.081
387.022
366.217
345.449
325.719
307.979
294.782
287.068
316.324
316.324
346.287
401.792
401.792
414.117
413.123
376.477
376.477
355.97
336.488
317.98
300.411
289.788
284.871
297.976
328.704
357.895
385.628
406.42
414.199
406.366
387.307
366.726
345.523
325.381
307.896
293.559
284.791
286.062
307.456
340.657
372.198
402.162
419.3
419.3
405.964
385.317
363.928
343.608
324.305
306.046
294.672
287.503
296.539
324.146
350.943
376.401
400.586
411.679
407.197
390.283
369.275
348.393
328.556
310.635
295.54
285.445
301.016
301.016
334.089
365.508
395.356
414.085
418.941
408.208
388.865
367.659
346.479
326.357
308.277
295.253
286.556
292.105
316.218
374.453
374.453
401.406
415.455
398.723
398.723
377.35
356.659
337.003
318.716
302.232
291.041
286.294
299.453
357.909
357.909
384.964
406.665
414.652
406.469
388.309
366.785
345.412
325.109
306.745
293.416
283.447
285.603
338.901
338.901
369.991
399.526
416.46
417.295
404.859
384.106
363.008
342.964
323.923
306.801
294.024
286.95
323.37
323.37
351.249
377.733
402.893
413.979
392.93
392.93
371.729
349.836
311.031
311.031
296.254
285.248
284.787
301.359
334.57
366.12
396.093
415.896
419.655
409.837
389.924
368.39
347.933
328.499
310.345
288.049
288.049
293.515
347.019
347.019
375.918
403.372
417.478
415.047
401.006
378.681
356.84
336.091
317.011
301.717
289.206
285.491
297.843
328.336
357.304
384.824
407.947
415.035
408.071
390.223
347.192
347.192
327.276
309.122
294.638
284.604
287.176
306.641
340.291
372.258
402.627
419.283
418.83
407.687
385.297
363.922
343.617
324.43
308.209
294.194
288.207
324.243
324.243
353.067
380.449
406.463
416.487
412.307
395.78
373.334
352.011
331.754
312.805
297.717
286.537
301.184
301.184
335.611
368.316
399.386
419.105
422.306
413.648
392.597
370.306
349.13
329.012
311.993
296.393
288.54
293.135
316.342
348.083
378.237
419.712
419.712
418.168
403.929
380.605
358.446
337.396
318.369
301.822
289.268
286.465
297.532
328.368
357.662
385.492
408.559
414.861
409.21
390.228
367.926
326.612
326.612
309.27
293.807
286.133
286.133
305.38
340.112
373.107
420.047
420.047
421.204
409.373
386.541
364.851
344.246
324.703
307.831
293.71
288.444
295.61
351.973
351.973
379.313
405.286
414.636
394.691
394.691
371.948
350.342
329.817
295.54
295.54
285.486
283.998
299.406
333.766
397.418
397.418
416.346
420.313
411.526
389.769
368.087
347.489
327.921
310.222
295.223
288.484
291.779
315.325
346.859
405.277
405.277
417.383
416.974
401.828
379.115
357.537
337.038
318.659
301.342
289.909
285.608
296.849
327.843
357.287
407.483
407.483
414.573
408.596
389.024
367.185
326.727
326.727
309.262
293.799
285.36
285.526
305.589
340.477
405.106
405.106
419.949
422.235
409.766
387.623
366.587
345.969
326.381
308.943
295.759
289.746
296.841
324.527
379.323
379.323
404.683
414.807
411.932
394.418
372.493
351.665
331.879
313.633
296.863
287.588
284.42
300.651
365.449
365.449
395.438
413.432
418.649
408.726
387.906
366.933
346.311
326.72
308.807
294.869
287.123
290.556
314.933
346.03
375.572
416.635
416.635
416.451
379.857
379.857
359.437
339.531
320.62
303.162
292.045
286.57
298.478
328.833
357.671
385.066
406.69
415.261
389.647
389.647
369.039
347.928
327.872
310.354
295.22
286.471
286.581
307.045
340.959
373.178
403.785
419.802
422.311
409.208
388.361
367.256
346.24
326.275
308.274
296.551
288.856
296.813
323.642
351.14
377.264
402.081
413.633
409.703
392.912
351.049
351.049
331.462
313.289
287.364
287.364
284.297
333.417
333.417
364.275
393.59
412.579
418.249
408.169
388.791
367.886
346.687
326.549
308.756
295.456
286.746
291.242
314.71
345.42
374.594
402.31
416.842
415.915
401.524
379.979
359.389
339.829
321.247
304.199
287.3
287.3
299.645
328.904
356.699
383.104
405.659
407.266
407.266
389.636
368.312
346.637
326.045
307.9
294.141
283.917
285.03
304.939
338.37
370.128
400.299
417.751
407.673
407.673
387.29
365.789
325.958
325.958
308.275
295.513
287.852
296.323
350.543
350.543
377.271
402.663
414.56
410.232
394.476
373.271
351.384
330.593
312.582
297.538
286.397
284.823
300.344
363.392
363.392
392.572
412.914
417.824
408.65
389.241
347.217
347.217
327.768
309.437
295.952
286.722
291.542
313.902
345.294
375.116
403.447
418.474
416.676
403.21
359.284
359.284
338.79
319.657
291.025
291.025
286.596
298.177
327.74
355.824
382.504
406.38
414.446
408.006
390.488
368.349
347.317
327.337
308.839
294.363
284.117
286.136
304.873
371.352
371.352
402.12
421.106
421.106
410.342
388.514
367.092
346.74
327.406
310.427
296.647
290.099
297.527
323.315
352.579
380.38
417.581
417.581
413.842
398.041
375.23
353.56
332.973
313.741
298.69
287.008
285.567
300.079
333.683
365.606
395.933
416.779
420.745
412.73
392.513
370.36
349.315
329.322
312.389
297.319
292.84
292.84
315.076
378.128
378.128
407.31
420.947
419.864
406.517
383.205
361.058
340.018
320.556
304.139
290.981
287.67
297.996
328.144
356.784
383.993
408.064
415.37
410.473
392.095
369.874
348.764
328.71
310.956
295.165
285.698
286.336
339.95
339.95
373.416
405.208
421.987
423.567
412.404
389.691
367.765
346.936
327.148
310.164
295.641
289.642
295.947
322.676
352.495
407.736
407.736
417.724
415.037
398.572
375.51
353.6
332.787
315.015
298.157
287.362
285.431
299.716
333.526
365.647
416.018
416.018
420.646
412.74
391.64
369.832
349.115
329.434
311.72
296.134
288.802
291.333
314.102
346.689
377.647
407.056
419.935
420.028
405.612
382.631
360.799
340.059
321.621
304.208
287.449
287.449
297.406
328.029
357.121
384.759
407.895
415.909
410.696
391.646
369.625
348.706
328.833
311.3
295.004
286.205
285.577
304.646
340.23
374.034
422.055
422.055
412.965
412.965
390.645
369.441
348.962
329.508
311.829
298.242
291.812
297.864
324.631
353.609
407.291
407.291
417.59
415.543
376.429
376.429
355.582
335.777
317.375
300.039
290.285
301.193
301.193
333.986
365.139
394.734
413.887
419.615
410.567
389.936
368.831
348.209
328.617
296.173
296.173
288.155
314.066
314.066
345.953
376.246
405.024
418.481
419.028
404.319
383.118
362.606
342.059
322.539
305.056
293.619
287.9
328.593
328.593
356.742
383.483
405.989
415.106
409.458
390.949
370.023
348.945
328.921
311.096
295.541
286.147
286.147
305.63
340.065
403.856
403.856
420.246
423.575
390.353
390.353
369.205
348.202
328.25
310.206
297.824
289.881
296.644
322.701
350.862
377.616
403.031
415.182
412.312
395.98
374.511
353.846
334.213
299.21
299.21
288.752
284.871
300.416
332.043
362.088
390.63
410.272
416.839
407.425
388.081
367.374
345.819
307.773
307.773
294.22
289.16
289.16
311.854
343.364
401.735
401.735
416.669
416.729
402.62
381.511
360.522
340.583
321.64
304.047
292.584
286.346
297.706
326.309
353.481
379.295
402.497
405.865
405.865
388.425
367.38
345.775
325.25
307.364
293.397
283.151
283.319
302.398
336.947
369.768
400.948
421.282
421.282
409.781
367.798
367.798
347.039
327.319
309.219
296.115
287.944
295.717
320.853
349.662
377.03
415.697
415.697
412.09
396.744
353.645
353.645
333.009
314.818
299.077
287.622
284.92
299.669
331.386
361.518
390.143
411.225
416.892
389.373
389.373
367.497
346.715
326.971
308.414
294.953
285.34
289.393
310.942
342.748
372.964
401.668
417.53
416.571
403.41
381.312
360.257
340.254
321.251
305.105
292.195
286.762
297.559
325.954
353.075
378.839
403.316
406.829
406.829
389.921
346.902
346.902
326.991
308.282
293.627
282.921
284.118
301.843
336.365
369.16
400.316
418.847
420.809
410.519
389.382
348.206
348.206
329.148
311.966
298.059
290.729
297.274
322.011
351.603
379.715
406.421
418.201
414.926
399.783
377.077
355.403
334.812
315.355
300.213
287.905
299.262
299.262
331.733
362.581
391.886
413.487
418.404
410.79
391.028
368.858
347.796
327.788
310.456
295.27
286.33
289.806
310.926
375.113
375.113
404.82
419.602
419.042
406.547
383.525
361.654
340.876
321.222
304.607
291.23
287.284
296.873
353.168
353.168
379.223
403.929
412.079
407.436
389.639
367.681
346.82
327.003
293.356
293.356
283.499
283.864
301.078
336.419
401.888
401.888
419.57
421.779
411.654
389.427
367.262
346.206
326.202
309.367
294.694
288.125
293.588
319.179
349.75
378.793
406.384
417.224
414.982
399.402
376.365
354.481
333.69
315.758
287.191
287.191
284.997
298.043
361.945
361.945
391.52
412.587
417.91
410.898
390.425
368.23
347.145
327.115
309.563
294.084
286.349
288.303
309.708
343.146
374.912
405.09
419.435
419.435
405.743
382.79
360.986
340.271
321.584
304.174
291.626
286.759
295.571
325.184
353.316
380.042
404.019
412.269
408.146
389.9
367.959
347.115
327.313
309.949
293.59
284.508
283.36
301.391
336.76
370.361
402.281
418.798
422.147
389.154
389.154
368.245
328.06
328.06
310.238
295.968
289.663
294.696
320.411
350.227
378.551
405.459
416.419
415.021
398.503
376.6
355.792
336.025
317.605
300.207
289.94
285.889
299.32
362.174
362.174
391.263
411.028
409.625
409.625
389.22
368.033
347.602
328.192
310.056
295.085
287.008
288.362
310.768
343.491
374.578
404.111
419.185
419.185
383.401
383.401
362.981
342.602
323.241
305.829
293.89
287.771
297.473
326.278
353.642
403.178
403.178
412.635
407.903
389.694
368.628
347.831
310.088
310.088
294.252
285.267
283.734
302.186
335.938
368.003
398.465
415.361
419.771
408.001
387.394
366.593
345.591
325.638
307.925
295.268
287.168
292.818
318.222
347.355
375.032
401.325
411.642
411.642
395.666
374.543
353.796
334.087
315.364
298.635
288.077
283.348
297.684
328.73
358.225
386.244
406.406
413.699
405.121
386.136
365.658
344.281
323.972
306.602
292.682
283.67
286.303
308.185
340.552
371.3
400.511
416.06
416.992
403.465
382.743
361.544
341.404
304.642
304.642
293.076
286.187
324.482
324.482
350.947
376.089
399.689
410.32
404.787
387.983
367.05
345.652
307.524
307.524
293.135
282.8
282.116
300.445
334.381
366.619
397.246
415.781
419.259
408.277
388.622
366.948
346.358
326.797
308.34
295.398
286.789
293.831
318.322
347.979
376.153
416.502
416.502
413.767
398.97
377.603
356.171
335.81
317.601
301.721
290.355
286.869
300.857
360.97
360.97
388.791
410.149
417.107
408.522
389.948
368.004
347.012
327.069
308.269
294.838
284.941
288.112
309.43
342.025
372.991
402.408
418.866
418.821
406.089
384.587
363.477
343.421
324.368
307.974
294.832
288.592
298.581
326.352
353.988
380.243
405.184
409.881
409.881
393.173
371.299
349.985
329.737
311.035
296.206
285.136
285.484
302.449
337.062
369.945
401.183
420.431
423.037
413.216
392.403
370.982
350.632
331.3
313.614
299.385
291.289
297.358
321.307
380.533
380.533
407.944
420.568
417.686
403.171
380.433
358.528
337.718
318.253
302.34
289.691
286.727
299.568
331.278
361.402
390.019
412.68
418.519
411.371
392.529
349.433
349.433
329.488
311.835
296.703
287.153
289.809
310.091
343.494
375.226
405.372
421.012
420.829
408.95
385.978
364.06
343.238
307.373
307.373
293.569
288.778
297.529
325.549
353.671
380.387
405.768
414.728
410.618
393.468
371.193
350.033
329.931
311.797
296.365
285.587
285.297
301.467
336.93
370.621
402.626
421.504
423.793
414.027
368.965
368.965
347.065
326.261
309.004
293.599
286.294
290.912
315.481
346.828
376.608
404.899
416.552
415.087
400.034
377.078
355.27
316.282
316.282
299.535
287.523
284.721
296.935
328.912
359.289
388.148
410.159
416.126
410.06
390.103
367.635
346.291
326.013
308.652
293.219
286.648
286.648
307.256
341.497
374.026
404.928
419.5
420.438
407.687
384.73
362.92
342.2
323.216
306.046
292.864
287.557
324.041
324.041
351.737
378.049
403.044
412.204
408.866
368.919
368.919
347.794
327.725
310.223
293.766
284.222
282.762
299.558
334.101
366.917
398.092
415.697
419.723
409.881
388.068
367.102
347.071
310.077
310.077
295.399
288.763
292.75
317.555
348.102
377.121
404.69
416.274
415.752
399.743
377.516
356.401
336.341
317.893
289.977
289.977
285.52
297.601
328.977
358.785
387.102
408.053
415.014
408.074
388.225
366.897
346.636
327.388
309.257
293.794
285.542
307.415
307.415
341.055
373.013
417.622
417.622
419.27
405.631
363.795
363.795
343.32
323.868
306.591
294.311
287.98
296.199
324.164
350.902
376.304
400.435
410.533
406.931
389.272
367.988
328.191
328.191
309.961
293.7
284.523
282.052
299.142
332.517
364.223
394.345
411.93
416.869
405.994
385.458
364.778
343.94
306.529
306.529
293.483
285.451
289.986
314.508
344.202
372.411
399.209
411.885
411.042
395.68
374.795
354.224
334.683
316.118
298.943
288.038
296.201
296.201
326.493
355.272
382.611
403.251
411.315
403.732
385.016
364.802
343.569
323.398
306.265
292.066
283.163
284.7
305.543
369.861
369.861
399.628
415.453
417.287
404.23
383.403
362.118
341.897
322.687
304.661
292.888
285.541
294.775
321.951
348.709
398.279
398.279
409.769
405.168
388.608
367.634
346.555
326.531
308.661
293.797
283.358
281.634
298.886
331.884
363.232
393.013
411.812
416.658
386.786
386.786
365.463
344.829
325.227
306.983
293.723
284.888
290.833
314.684
344.896
373.598
400.865
415.062
413.11
398.796
356.457
356.457
336.521
318.281
302.039
290.303
285.712
298.774
328.716
357.162
384.185
406.312
414.066
406.393
388.452
366.687
345.703
325.768
307.137
293.569
283.397
305.672
305.672
338.533
369.752
399.409
416.535
417.547
405.33
384.42
363.361
343.355
324.349
307.493
294.249
287.078
296.2
322.774
377.237
377.237
402.443
413.724
408.929
393.14
371.489
350.053
329.69
311.211
296.482
285.083
284.607
300.836
334.214
365.923
396.047
415.935
410.306
410.306
390.205
368.969
348.795
329.63
311.821
297.985
289.405
294.568
317.281
348.191
377.555
405.451
419.126
416.874
380.343
380.343
358.465
337.681
318.511
302.585
289.625
286.051
298.128
328.727
357.796
385.412
408.723
415.63
409.145
390.863
368.755
347.752
309.775
309.775
294.287
284.434
306.012
306.012
339.788
371.875
402.358
419.117
419.665
408.457
385.924
364.284
343.726
324.196
307.986
288.517
288.517
296.529
323.682
352.68
380.227
406.397
416.056
412.256
395.814
373.526
352.352
332.237
313.911
298.418
287.196
286.329
336.065
336.065
368.791
399.88
419.647
423.006
414.356
393.325
370.726
349.256
328.86
312.095
296.807
289.131
293.245
316.78
348.865
379.346
408.303
420.945
419.738
405.297
382.111
360.085
339.16
320.373
290.878
290.878
287.741
298.605
329.728
359.295
387.384
410.538
417.166
411.762
392.348
369.612
348.013
327.494
309.898
294.077
285.415
286.236
305.713
340.667
373.873
421.21
421.21
422.765
410.641
387.842
366.184
345.608
326.136
308.781
294.726
289.13
296.006
323.807
352.542
379.84
405.773
412.438
412.438
395.297
372.715
351.262
330.882
313
296.323
285.986
284.036
299.712
333.953
366.482
397.385
416.098
420.403
411.33
389.851
348.066
348.066
328.727
310.532
295.005
288.011
291.204
315.134
346.715
376.718
405.22
417.326
417.257
402.065
379.693
358.44
319.646
319.646
302.294
291.094
286.287
297.524
328.482
357.892
385.832
407.527
415.121
409.33
390.043
368.316
347.676
328.068
310.138
286.032
286.032
285.799
306.296
341.1
374.163
405.574
420.795
423.47
410.58
388.863
368.232
347.539
327.882
310.418
297.474
290.859
325.063
325.063
352.724
379.002
403.966
414.585
411.678
394.416
372.86
352.382
332.928
314.497
297.624
287.989
284.643
300.65
333.379
364.471
394.008
412.458
418.039
407.831
366.812
366.812
346.042
308.704
308.704
295.103
286.754
290.091
313.893
344.486
373.55
401.161
414.351
414.007
398.939
378.061
357.556
337.96
319.344
301.775
290.681
284.814
297.086
326.94
355.303
403.571
403.571
412.523
405.757
387.379
366.93
345.499
325.14
307.803
293.044
283.958
284.288
304.513
338.411
370.615
401.209
417.351
419.74
406.899
386.554
365.101
344.57
325.065
306.687
294.681
286.881
294.941
321.391
348.794
374.826
399.557
411.436
391.129
391.129
370.1
349.138
329.224
295.725
295.725
285.202
298.841
298.841
331.253
362.044
391.296
410.728
416.411
406.559
387.536
366.458
345.198
325.002
293.788
293.788
284.775
289.619
312.556
343.358
372.621
400.42
415.247
414.32
400.107
378.642
358.02
338.429
320.049
303.495
291.777
286.356
298.562
327.553
355.093
381.257
404.013
406.112
406.112
388.49
367.041
345.701
307.132
307.132
293.163
282.818
283.974
303.23
336.781
368.654
398.933
416.574
418.251
406.538
386.211
364.889
344.633
325.389
308.16
294.947
287.195
295.616
321.466
376.728
376.728
402.304
414.137
409.796
394.558
373.131
351.371
330.698
312.464
297.381
285.816
284.28
299.702
332.32
363.307
392.745
418.149
418.149
409.201
368.281
368.281
347.853
310.39
310.39
296.462
287.306
313.93
313.93
345.601
375.689
404.272
418.921
417.185
403.742
381.317
359.646
339.059
319.868
303.875
290.809
286.41
297.844
355.49
355.49
382.17
406.296
414.45
408.529
390.86
368.531
347.318
327.165
308.947
294.098
283.751
285.685
304.155
338.678
402.631
402.631
420.375
421.484
388.842
388.842
367.311
346.857
310.589
310.589
296.276
289.735
296.805
322.836
352.592
380.86
407.715
418.626
415.205
398.975
376.446
355.044
334.712
315.767
288.3
288.3
286.916
301.179
334.744
366.63
396.922
417.775
421.818
413.641
392.969
370.622
349.392
329.223
312.083
296.479
288.071
291.487
313.758
346.358
406.749
406.749
420.099
419.358
405.818
382.341
360.039
338.851
319.697
302.912
290.001
286.272
296.331
326.539
355.237
382.5
406.294
413.396
390.243
390.243
367.939
346.75
326.62
309.274
293.444
284.285
284.732
303.131
338.315
371.739
403.493
419.838
421.717
410.758
388.395
346.235
346.235
326.723
309.529
295.112
289.049
295.331
322.125
351.722
379.839
406.55
416.575
414.471
397.745
374.891
353.179
332.554
314.764
298.056
287.2
284.904
299.081
363.924
363.924
393.934
413.603
418.545
410.431
389.27
367.58
346.975
327.4
309.608
294.128
286.857
288.993
311.718
344.261
375.178
404.548
417.604
418.155
403.527
381.027
359.652
339.347
320.764
303.321
286.517
286.517
296.436
326.519
355.098
382.248
405.069
413.313
408.244
389.255
367.626
347.078
327.558
309.895
293.843
284.984
284.068
303.082
338.258
371.676
403.422
419.079
422.171
410.174
367.524
367.524
346.72
326.957
309.585
296.295
289.494
295.538
321.99
350.478
377.542
403.253
414.117
411.999
395.094
373.488
352.962
315.14
315.14
298.119
288.111
284.302
299.142
331.413
362.07
391.194
410.283
416.41
407.424
387.275
366.486
345.757
326.063
308.335
294.263
286.091
288.526
311.492
373.33
373.33
401.95
415.737
416.354
401.721
380.773
360.122
340.204
321.281
303.606
292.047
285.696
296.734
325.811
353.435
401.909
401.909
411.254
405.468
387.475
366.877
345.716
325.612
308.107
292.702
283.589
283.199
302.479
336.386
368.598
399.199
415.694
406.845
406.845
386.503
365.367
344.525
324.725
306.678
294.591
286.573
293.504
319.385
347.443
374.097
399.419
411.647
408.552
371.445
371.445
351.148
331.866
313.658
297.577
286.707
283.022
298.419
329.802
359.615
387.938
407.87
414.273
404.987
385.965
365.135
343.942
323.81
306.088
292.646
283.469
309.68
309.68
341.072
370.895
399.226
414.31
414.397
400.962
379.865
359.414
339.985
321.527
304.426
292.83
286.574
297.424
352.987
352.987
378.703
401.852
405.135
405.135
388.028
366.705
345.234
324.836
306.673
292.547
281.984
282.269
301.1
335.342
367.873
398.776
416.789
419.572
408.296
366.687
366.687
346.393
327.113
309.42
296.344
287.964
295.351
320.143
349.109
376.627
402.769
415.307
412.036
397.085
375.617
332.839
332.839
314.584
299.178
287.409
284.863
299.429
331.187
361.358
390.019
411.432
417.066
408.722
389.65
367.791
347.025
327.298
295.187
295.187
285.469
289.342
310.687
342.854
373.412
402.443
418.135
417.235
404.266
381.964
360.765
340.626
321.507
305.431
292.184
297.574
297.574
326.047
353.53
379.639
404.442
413.22
407.818
390.669
368.472
347.384
327.351
308.944
294.02
283.238
284.495
302.125
337.245
402.304
402.304
420.778
422.576
412.471
391.186
369.607
349.108
329.634
312.639
298.182
291.025
297.47
322.304
352.46
381.108
408.324
416.88
416.88
401.702
378.863
357.166
336.554
317.354
301.486
289.385
287.268
300.662
333.466
364.631
394.237
416.005
413.726
413.726
393.87
371.464
350.178
329.957
312.721
297.085
288.288
291.105
312.48
377.357
377.357
407.383
421.989
421.661
408.829
385.443
363.227
342.121
322.586
305.675
292.07
288.147
297.333
326.56
354.325
380.702
413.83
413.83
409.792
369.648
369.648
348.551
328.509
295.046
295.046
285.231
285.074
338.138
338.138
372.152
404.465
421.902
424.445
414.198
391.655
369.644
348.733
328.868
311.618
296.651
290.112
295.221
351.235
351.235
380.002
407.331
418.071
416.412
400.416
377.465
355.661
334.948
316.956
300.071
288.697
285.937
299.026
331.716
362.771
412.899
412.899
418.118
410.949
390.402
368.487
347.669
327.891
310.136
294.63
287.249
289.077
310.723
344.117
375.842
405.98
419.368
420.181
383.766
383.766
362.28
341.868
323.262
305.668
293.088
287.907
296.704
326.068
353.965
380.466
404.184
412.884
408.709
390.365
348.033
348.033
328.441
311.016
294.604
285.649
284.233
302.181
336.65
369.396
400.504
417.195
420.676
409.898
388.284
367.574
347.034
327.521
295.974
295.974
289.236
293.93
319.613
349.188
377.284
403.976
415.291
413.831
397.363
375.619
354.963
335.339
316.902
299.433
289.338
298.545
298.545
330.219
360.311
388.897
408.997
415.771
407.633
387.792
366.901
346.432
326.985
309.135
294.409
285.891
287.494
309.958
373.306
373.306
402.624
416.608
403.882
403.882
382.864
362.517
342.102
322.708
305.369
293.565
287.109
296.883
325.361
352.415
378.116
401.404
411.222
406.263
388.449
367.441
346.594
326.79
308.865
293.421
284.203
282.836
301.242
335.002
397.541
397.541
414.9
419.102
407.47
387.096
366.087
345.286
325.525
307.594
295.075
286.809
292.62
317.644
346.681
374.265
413.339
413.339
411.389
395.832
374.67
354.202
334.758
316.287
299.768
288.758
284.124
298.626
329.333
358.504
386.217
406.819
414.123
387.165
387.165
366.597
345.387
325.238
307.766
293.875
284.616
287.286
308.546
340.319
370.503
399.177
414.722
415.292
401.876
380.95
360.222
340.53
321.823
304.25
292.522
295.715
295.715
323.338
349.815
374.969
398.864
409.577
404.019
387.462
366.398
344.999
324.669
306.745
292.485
281.988
281.297
299.006
332.907
365.113
414.322
414.322
417.947
407.244
387.472
345.036
345.036
325.395
307.39
294.057
285.256
292.048
316.089
345.529
373.496
400.065
413.614
410.89
396.484
375.129
353.527
333.006
314.824
299.083
287.353
284.106
297.817
328.599
357.842
407.431
407.431
414.056
406.269
387.918
366.036
345.248
325.5
306.918
293.318
283.482
286.602
307.228
339.861
370.861
400.312
416.831
416.906
404.813
383.077
362.081
342.135
307.027
307.027
293.632
287.624
297.39
324.892
352.615
378.953
403.974
413.861
408.829
392.472
370.397
349.425
329.503
310.724
295.91
284.778
285.068
301.428
368.813
368.813
400
419.155
421.79
412.291
391.29
369.714
349.218
329.746
312.425
298.011
290.005
295.586
319.323
350.02
379.182
406.886
419.364
416.99
402.434
379.507
357.726
337.034
317.463
288.983
288.983
286.217
298.654
330.3
360.364
388.925
411.562
417.339
410.645
391.471
369.361
348.356
328.402
311.06
295.507
286.137
288.479
308.671
342.436
374.513
404.987
420.619
420.619
408.595
385.449
363.459
342.57
322.774
306.1
292.392
287.919
296.214
324.449
353.064
380.248
406.073
414.854
411.206
393.864
371.5
350.255
330.071
296.39
296.39
286.092
285.345
301.517
337.014
370.737
402.773
421.04
424.057
414.752
392.929
370.631
349.448
329.324
312.203
296.593
293.847
293.847
318.306
349.259
406.602
406.602
418.097
416.845
401.79
378.73
356.823
336.012
317.923
300.926
289.067
285.905
297.798
329.641
359.891
388.629
416.549
416.549
410.399
390.453
368.33
347.312
327.346
309.676
294.192
286.13
287.044
307.602
341.607
373.913
404.602
419.315
420.712
384.969
384.969
363.474
343.053
324.275
306.852
293.546
288.012
295.834
324.479
352.26
378.652
403.725
412.829
409.403
391.58
369.87
349.245
329.651
311.789
295.268
283.76
283.76
300.46
334.769
367.362
398.325
415.706
419.815
388.208
388.208
367.441
346.918
327.421
309.693
295.153
288.223
292.007
316.706
347.021
375.819
403.178
414.694
414.164
398.095
376.214
335.679
335.679
317.216
299.912
289.366
284.784
297.154
328.341
357.968
386.114
406.936
414.507
407.499
388.013
366.902
346.5
309.051
309.051
293.599
285.047
285.658
307.087
340.516
372.274
402.444
417.21
419.518
406.059
384.894
364.542
343.96
324.407
307.08
288.277
288.277
296.827
324.645
351.399
376.816
400.961
411.628
407.734
390.156
369.065
348.439
328.845
310.818
294.797
285.489
283.204
300.544
333.731
365.26
395.212
418.414
418.414
407.617
387.329
366.444
345.403
325.414
307.625
294.58
286.304
290.914
315.365
345.281
373.701
400.7
414.074
412.962
397.766
376.69
355.957
336.261
300.652
300.652
289.568
284.285
297.587
327.938
356.771
384.163
405.347
413.642
405.657
387.28
366.754
345.153
324.631
307.238
293.106
283.839
285.405
306.342
339.107
370.234
399.805
417.629
417.629
404.676
383.935
362.751
342.626
323.507
305.564
293.635
286.305
295.48
322.287
349.318
374.997
399.392
411.08
406.289
369.015
369.015
347.419
326.902
309.081
294.525
283.885
282.311
299.256
332.247
363.589
393.364
412.61
417.285
407.095
387.648
366
345.434
325.897
307.573
294.043
284.854
290.555
314.11
373.407
373.407
400.85
415.138
413.004
398.885
377.239
355.934
335.695
317.208
301.348
289.479
285.26
297.84
327.662
355.994
382.909
413.524
413.524
406.23
388.256
366.363
345.565
325.807
307.065
293.199
282.823
285.121
304.995
338.382
370.1
400.232
417.5
418.154
406.509
385.24
363.966
343.756
307.886
307.886
294.454
287.747
296.674
323.66
352.052
379.025
404.649
415.295
410.694
394.836
372.641
351.162
330.756
311.766
296.177
284.822
300.376
300.376
334.151
366.238
396.72
417.008
420.634
411.594
391.132
369.62
349.185
329.771
311.983
297.639
289.231
294.007
317.017
348.273
377.966
406.175
417.813
417.813
403.99
381.173
359.292
338.504
318.962
303.014
289.998
286.586
298.4
329.094
358.253
385.954
409.616
416.596
391.941
391.941
369.786
348.739
311.175
311.175
295.977
286.187
288.019
307.087
341.347
373.895
404.815
421.273
421.961
410.861
387.819
365.741
344.768
324.843
308.131
294.139
296.114
296.114
323.098
352.444
380.323
406.807
416.469
413.307
396.644
374.176
352.831
332.553
314.07
298.367
287.283
286.016
300.844
335.552
399.849
399.849
419.593
423.162
414.628
393.21
370.552
349.026
328.577
311.617
296.036
288.446
292.161
315.728
347.867
378.4
407.405
419.043
419.043
404.369
381.031
358.861
319.254
319.254
302.148
289.836
286.49
297.39
328.474
358.005
386.058
408.839
415.611
410.439
391.066
368.486
347.035
326.657
293.299
293.299
284.853
285.288
304.893
339.915
373.186
404.794
420.013
421.883
409.769
387.064
365.495
345.003
325.956
308.299
288.912
288.912
295.665
323.405
352.091
379.342
405.231
414.964
412.428
394.963
372.862
351.866
331.92
314.029
297.302
287.211
284.766
300.518
334.306
366.405
396.899
415.592
420.324
411.325
390.201
369.235
348.92
311.684
311.684
296.581
292.61
292.61
316.523
348.096
378.091
406.585
419.137
419.123
403.705
381.63
360.659
340.737
321.972
292.958
292.958
287.7
298.905
329.528
358.621
386.259
408.126
416.203
409.98
390.802
369.409
348.968
329.549
311.219
295.658
286.84
286.169
306.489
340.748
404.214
404.214
419.421
422.246
409.511
388.06
367.675
346.668
326.712
309.395
296.652
289.694
296.996
324.081
351.835
378.201
403.249
414.233
411.25
394.189
372.864
333.14
333.14
314.868
298.367
288.969
285.706
301.767
334.188
394.25
394.25
412.624
418.432
408.53
388.281
367.512
346.442
326.425
308.749
295.504
286.842
290.572
314.22
344.902
401.741
401.741
415.415
414.982
400.145
379.401
358.401
338.45
319.497
302.034
290.744
284.781
297.136
326.756
354.895
381.627
403.506
412.56
405.75
367.179
367.179
345.657
325.21
307.75
293.194
283.932
284.454
304.471
338.271
370.38
400.884
417.36
419.784
407.168
386.809
365.132
344.538
306.503
306.503
294.346
286.258
294.255
320.374
348.009
374.263
399.204
411.468
407.341
391.374
370.228
349.06
328.951
310.926
295.38
284.349
281.797
297.937
330.108
389.704
389.704
409.554
405.582
405.582
386.529
365.248
344.449
324.69
306.501
293.266
284.018
288.89
311.659
342.553
371.902
399.784
414.984
413.902
400.468
379.11
358.189
338.314
304.061
304.061
291.813
286.486
298.246
327.332
354.963
381.213
404.551
413.15
406.57
389.288
367.499
346.251
326.065
293.664
293.664
283.23
284.814
303.963
337.89
370.12
400.739
418.668
420.375
409.056
388.128
366.583
346.115
326.67
309.555
296.097
288.423
296.435
322.195
350.931
378.231
404.166
415.97
396.557
396.557
374.46
352.761
332.147
313.271
298.109
286.333
285.059
299.8
332.548
363.658
393.213
414.464
410.581
410.581
390.866
369.153
328.929
328.929
311.134
296.978
287.819
291.86
313.725
345.611
375.903
404.68
419.444
417.833
404.792
381.98
359.978
339.075
319.549
303.572
290.351
286.114
296.837
326.736
355.14
382.124
406.448
414.148
408.513
390.868
338.032
338.032
338.032
338.032
338.032
338.032
338.032
338.032
338.032
288.099
288.099
288.099
288.099
288.099
288.099
288.099
288.099
288.099
288.099
288.099
288.099
294.938
320.875
350.582
378.803
405.613
416.152
413.295
397.229
374.667
353.232
332.87
314.605
298.875
287.398
285.436
299.314
332.932
364.87
395.21
415.625
419.893
412.179
391.69
369.148
347.732
327.387
310.4
294.88
286.814
289.932
312.361
345.01
376.027
405.493
419.058
418.563
404.881
381.643
359.566
338.594
319.825
302.876
290.01
286.197
295.757
325.879
354.495
381.68
405.529
412.715
408.224
389.464
366.825
345.317
324.885
307.559
291.687
282.857
282.752
301.29
337.122
371.162
403.5
419.623
421.984
410.726
388.338
366.806
346.35
326.917
309.268
295.033
288.992
294.718
321.498
350.808
378.653
405.105
415.303
413.48
396.77
374.454
353.254
333.114
314.952
298.246
287.895
284.846
299.217
332.45
364.021
394.014
413.578
418.972
410.767
390.228
368.951
348.737
329.533
311.328
295.762
288.473
290.548
313.464
345.941
376.794
406.104
419.013
419.797
404.99
382.742
361.607
341.449
322.299
304.861
293.191
287.652
297.69
327.538
355.892
382.83
405.681
414.053
408.993
390.221
368.572
348.005
328.467
310.371
294.523
285.742
284.698
303.912
338.719
371.785
403.198
419.227
422.594
410.461
388.985
368.427
347.456
327.534
310.048
296.738
289.857
295.783
322.029
350.768
378.071
404.009
415.365
413.184
396.246
374.659
353.939
334.255
315.556
298.507
288.759
284.629
299.433
331.524
362.01
390.972
410.228
416.711
407.675
387.815
367.072
346.078
326.134
308.475
294.561
286.018
288.427
311.22
342.754
372.711
401.17
415.335
415.769
401.308
380.49
359.792
339.953
321.106
303.376
291.918
285.321
296.479
325.488
353.046
379.227
401.712
411.488
405.628
387.901
367.125
345.797
325.536
307.878
292.995
283.528
282.882
301.98
336.028
368.374
399.103
416.011
419.214
407.343
386.976
365.444
344.75
325.09
306.653
294.481
286.172
293.298
318.728
347.137
374.126
399.766
412.541
409.485
393.951
372.653
351.795
331.979
313.779
298.09
286.988
283.314
298.628
329.848
359.507
387.683
408.179
414.704
405.635
387.067
365.958
345.063
325.214
307.197
293.834
284.535
288.406
310.023
341.739
371.869
400.492
416.085
415.973
402.72
381.124
360.541
340.987
322.478
305.524
293.489
287.415
298.054
326.188
352.914
378.305
401.914
411.494
405.361
388.475
366.772
345.465
325.224
306.683
292.799
281.902
282.391
300.666
334.986
367.589
398.562
417.311
419.889
408.976
388.527
366.976
346.503
327.053
309.512
295.933
287.753
294.678
319.428
348.775
376.654
403.14
415.81
412.406
397.698
375.68
353.718
332.854
314.079
298.853
286.918
284.625
298.798
330.911
361.419
390.401
412.382
417.841
409.716
390.687
368.965
348.329
328.725
310.525
296.355
286.848
290.578
311.882
344.371
375.236
404.558
419.87
419.275
406.637
383.939
362.254
341.654
322.083
305.979
292.716
287.712
297.65
326.473
354.086
380.318
405.239
414.262
409.132
391.937
369.716
348.606
328.552
310.337
295.094
284.485
285.336
302.36
337.624
371.125
402.951
421.647
423.751
414.026
392.081
370.003
349.028
329.103
312.095
297.491
290.645
296.403
321.599
351.807
380.505
407.768
419.068
416.529
401.059
378.024
356.141
335.352
316.23
300.419
288.3
285.953
298.8
331.487
362.54
392.04
413.64
418.725
411.708
391.599
369.216
347.952
327.752
310.578
295.049
286.472
288.964
310.291
343.71
375.459
405.62
419.958
419.964
407.086
383.708
361.498
340.399
321.121
304.076
290.76
286.476
295.436
324.611
352.328
378.659
403.653
411.888
408.143
390.23
367.897
346.68
326.524
308.984
292.949
283.472
282.888
300.118
335.602
369.311
401.334
418.548
421.415
411.051
389.065
367.385
346.788
327.221
309.677
295.151
288.776
293.577
319.026
349.315
378.089
405.425
416.376
414.986
398.915
376.343
354.899
334.528
316.316
299.448
288.429
285.249
298.148
330.515
361.264
390.476
411.028
416.853
409.778
389.345
367.662
347.063
327.494
309.464
293.991
286.282
287.608
309.249
342.525
374.137
404.168
417.732
419.106
405.269
382.951
361.748
341.605
322.651
305.255
293.148
287.356
296.099
325.072
352.597
378.746
402.635
411.654
407.727
389.677
368.054
347.512
327.998
310.044
293.643
284.625
282.62
300.538
334.932
367.607
398.649
415.312
419.17
407.943
386.783
366.176
345.306
325.48
307.938
294.355
287.376
292.56
318.037
347.473
375.437
402.003
413.589
412.266
396.148
374.834
354.234
334.664
316.072
298.708
288.549
283.886
297.494
328.906
358.747
387.095
407.1
414.295
406.27
387.05
366.174
345.289
325.449
307.653
293.361
284.827
286.455
308.72
341.357
372.362
401.817
416.618
418.066
404.219
383.435
362.767
342.503
323.253
305.595
293.875
287.063
296.882
325.213
352.128
377.696
401.293
411.645
406.604
389.228
368.612
347.567
327.574
310.04
294.574
285.166
283.598
301.779
335.273
367.093
397.321
414.989
419.506
408.155
388.094
366.939
345.922
325.956
307.908
295.424
286.848
292.783
317.47
346.718
374.503
400.899
414.191
411.914
396.665
375.23
354.847
335.484
317.088
300.879
289.599
284.985
299.018
329.666
358.781
386.44
407.54
414.729
406.305
387.78
366.898
345.488
325.149
307.399
293.658
284.066
287.013
308.184
340.587
371.369
400.613
416.575
417.146
404.203
383.182
362.483
342.818
324.137
306.991
294.892
287.848
297.74
325.1
351.819
377.203
401.317
411.853
406.391
389.978
368.6
347.104
326.682
308.469
294.289
283.451
282.997
300.362
334.241
366.425
397.001
416.325
419.684
409.387
389.587
367.926
347.348
327.799
309.822
296.285
287.477
293.715
317.525
347.574
376.12
403.239
416.656
413.892
399.638
377.941
355.98
335.117
316.647
300.814
288.832
285.672
298.888
329.732
359.034
386.87
409.282
415.98
390.055
390.055
368.357
328.161
328.161
309.626
295.546
285.733
288.65
308.945
341.852
373.114
402.813
419.44
419.13
407.222
385.127
363.659
343.263
323.888
307.693
293.873
287.953
297.082
325.085
353.38
380.261
405.797
415.423
410.53
394.114
371.577
350.167
329.827
311.067
295.942
284.892
284.957
301.325
336.064
369.067
400.419
419.854
422.388
413.101
391.816
370.034
349.34
329.681
312.416
297.716
290.053
295.2
319.188
350.171
379.604
407.566
419.834
417.743
403.153
380.063
358.126
337.287
317.862
301.969
289.415
286.491
298.406
330.201
360.407
389.102
411.75
417.689
411.386
392.066
369.69
348.432
328.237
311.207
295.647
286.596
288.552
308.653
342.76
375.162
405.943
421.27
421.636
409.346
385.971
363.764
342.668
323.156
306.156
292.453
287.524
295.504
323.889
352.306
379.301
404.947
414.075
410.77
370.746
370.746
349.32
328.965
311.196
295.107
285.12
283.844
299.851
334.892
368.181
399.806
418.299
421.868
412.468
390.732
368.645
347.664
327.731
310.363
295.394
288.367
292.245
316.747
347.991
377.672
405.869
417.287
416.288
401.015
378.347
356.812
336.355
301.076
301.076
289.451
285.819
297.788
329.498
359.623
409.877
409.877
416.378
410.264
390.338
368.343
347.448
327.598
309.574
293.699
285.767
286.293
306.858
341.051
373.534
404.393
418.753
420.45
407.353
384.848
363.469
343.158
324.219
306.587
293.949
288.152
295.88
324.27
351.758
377.873
402.681
412.47
409.275
391.528
369.982
349.512
330.066
312.352
295.767
286.278
283.904
300.732
334.397
366.378
396.76
414.491
419.231
409.273
387.94
367.302
346.47
326.68
309.105
295.109
287.962
291.73
316.141
346.56
375.457
402.91
415.195
414.716
398.904
377.466
356.86
337.236
318.592
300.93
290.49
285.392
297.755
328.552
357.809
385.603
406.462
414.372
407.27
388.041
367.177
346.3
326.467
308.682
293.785
284.836
285.192
306.418
339.979
371.863
402.152
417.361
419.598
406.191
385.497
364.77
344.02
324.306
306.639
294.543
287.332
295.92
323.662
350.606
376.203
400.521
411.497
407.46
390.349
369.555
348.674
328.836
311.118
295.056
285.546
282.939
300.118
333.107
364.447
394.22
412.601
417.61
407.004
387.253
366.244
345.088
324.99
307.094
294.345
285.735
290.313
314.503
344.447
372.894
399.918
413.571
412.297
397.391
376.224
355.649
336.102
317.533
300.835
289.544
284.379
297.534
327.593
356.148
383.275
404.906
413.172
405.574
387.614
366.916
345.38
324.92
307.357
293.45
283.763
285.392
305.634
338.493
369.709
399.365
415.859
417.276
404.705
384.016
362.964
342.964
323.964
306.152
293.996
286.395
295.465
322.117
349.424
375.365
400.01
411.691
406.974
390.903
369.586
347.796
327.094
308.968
294.579
283.355
282.002
298.611
332.048
363.814
393.991
413.768
418.009
408.203
388.864
367.001
346.231
326.5
308.231
294.906
285.76
291.402
314.602
345.47
374.794
402.653
417.164
415.11
401.495
379.776
358.322
337.94
319.398
303.428
291.004
286.916
299.189
329.296
357.897
385.069
408.184
415.874
409.036
391.144
369.122
348.118
328.165
309.292
295.275
284.868
286.996
306.491
340.09
372.008
402.331
419.828
420.525
409.299
387.531
366.034
345.611
326.21
309.475
295.672
289.108
297.289
324.102
353.11
380.669
406.849
417.753
413.551
397.716
375.014
353.447
332.959
313.91
298.214
286.656
286.18
301.405
335.39
367.677
398.349
418.797
422.429
413.774
393.085
371.236
350.48
330.761
313.206
298.408
290.111
294.351
317.051
348.861
379.08
407.788
421.114
419.475
405.428
382.179
360.094
339.112
319.486
303.512
290.409
287.074
298.069
329.052
358.487
386.45
410.35
417.011
411.297
392.652
370.359
349.18
329.06
311.525
295.949
286.289
287.65
306.626
341.198
374.042
405.243
421.38
422.315
411.232
388.387
366.622
345.946
326.303
309.306
295.069
289.621
296.651
323.853
353.419
381.507
408.191
417.926
414.808
398.11
375.241
353.516
332.877
314.891
298.481
287.899
286.193
301.073
335.458
368.124
399.156
418.556
422.374
414.047
392.708
370.44
349.285
329.188
311.916
296.32
288.891
292.157
315.426
347.329
377.636
406.428
418.786
418.143
403.344
380.334
358.475
337.708
319.419
302.281
290.266
286.374
296.862
327.591
356.784
384.518
406.966
413.905
408.786
389.387
367.248
346.216
326.236
308.781
292.73
284.63
284.615
304.227
339.151
372.33
403.849
419.07
421.324
409.109
386.863
365.729
345.652
326.618
308.561
295.287
288.933
295.566
323.023
351.448
378.452
404.106
414.263
411.675
394.254
372.476
351.788
332.134
314.043
297.219
287.4
284.487
299.909
333.391
365.199
395.416
413.831
419.087
409.868
388.978
368.131
347.507
327.915
310.121
295.377
287.94
290.905
314.615
345.863
375.548
403.749
416.371
416.363
401.342
379.635
359.013
339.193
320.363
302.88
291.889
286.257
297.43
327.591
356.245
383.465
405.044
413.28
407.015
388.19
367.184
346.421
326.696
308.765
293.326
284.417
284.06
304.301
338.523
371.035
401.921
417.381
420.287
407.478
386.622
366.115
345.172
325.277
307.838
295.406
288.238
295.582
322.258
349.935
376.228
401.207
412.645
409.323
392.501
371.338
350.712
331.117
313.024
296.712
287.13
283.583
299.592
331.802
362.402
391.472
410.34
416.431
406.535
386.822
365.975
344.785
324.654
306.915
293.954
285.279
288.852
311.942
342.514
371.557
399.149
413.361
412.903
398.498
377.518
356.623
336.772
317.914
300.853
289.401
283.393
295.589
324.967
352.877
379.391
401.675
410.752
403.933
386.342
365.689
344.22
323.824
306.297
292.035
282.572
283.282
302.598
336.304
368.325
398.745
415.779
418.236
406.403
386.083
364.64
344.269
324.917
306.733
294.54
286.595
294.624
320.383
348.134
374.497
399.542
411.806
407.986
392.557
371.275
349.85
329.496
311.367
296.45
285.522
282.925
298.642
330.888
361.522
390.625
410.865
416.424
407.237
388.451
366.744
346.123
326.533
308.081
294.539
285.116
289.781
311.875
343.275
373.106
401.445
416.481
415.217
401.786
380.179
359.129
339.132
320.657
304.276
292.067
287.02
298.37
327.553
355.276
381.614
405.248
413.885
407.433
390.175
368.054
347.024
327.045
308.081
294.115
283.423
284.822
303.444
337.313
369.488
400.054
418.081
419.378
408.568
387.664
366.192
345.795
326.417
309.567
295.768
288.337
295.95
321.458
350.799
378.673
405.154
416.519
412.833
397.63
375.254
353.731
333.284
314.125
298.759
286.916
285.8
300.335
333.311
364.638
394.398
415.538
420.075
411.799
392.032
370.272
349.6
329.961
312.098
297.593
288.686
292.545
314.513
346.756
377.386
406.486
420.814
419.958
406.7
383.641
361.565
340.594
320.84
304.769
291.38
287.287
297.824
327.781
356.24
383.276
407.923
415.658
410.599
392.756
370.217
348.805
328.464
310.833
295.291
285.174
286.06
304.176
339.325
372.716
404.438
421.966
423.694
413.479
390.933
368.533
347.254
327.038
309.862
295.24
289.229
295.518
321.509
351.638
380.261
407.453
418.085
415.497
399.463
376.605
354.89
334.261
315.876
299.614
288.264
286.116
299.919
333.687
365.767
396.242
416.885
421.35
413.708
393.023
370.496
349.095
328.765
311.429
295.857
288.052
290.731
313.222
346.153
377.437
407.157
420.404
420.44
406.528
383.208
361.053
340.007
321.425
304.053
291.468
287.379
296.97
327.329
356.171
383.57
407.413
415.201
410.675
391.903
369.384
347.991
327.667
309.975
293.728
284.923
284.62
303.055
338.797
372.751
405.007
420.867
423.39
412.131
389.83
368.641
348.511
329.388
311.281
297.26
290.808
296.365
322.968
352.347
380.258
406.773
417.483
415.767
399.044
376.889
355.842
335.847
317.359
300.351
290.092
286.663
300.818
333.722
364.982
394.679
414.294
419.899
411.846
391.254
370.137
349.449
329.796
311.752
296.64
289.012
290.955
313.658
345.859
376.45
405.511
418.754
419.609
404.99
383.077
362.259
342.054
322.86
305.217
293.854
287.995
297.863
327.268
355.203
381.741
404.529
413.456
408.198
389.722
368.104
347.566
328.055
309.77
294.281
285.315
283.88
303.056
337.685
370.582
401.835
418.222
421.932
409.782
388.783
368.234
346.963
326.755
309.308
296.419
288.978
295.442
321.48
349.911
376.922
402.581
414.558
412.301
396.043
374.571
353.902
334.266
315.612
298.691
288.545
284.478
299.506
331.176
361.263
389.846
409.474
416.322
407.317
387.804
366.906
345.613
325.385
307.608
294.102
285.309
288.108
310.826
342.751
373.08
401.892
416.605
417.302
403.243
382.341
361.038
340.8
321.575
303.874
292.487
285.989
297.21
326.049
353.447
379.475
402.509
412.504
406.534
389.16
368.429
346.678
326.015
308.441
293.615
283.797
283.564
302.334
336.299
368.566
399.22
417.093
420.466
408.718
388.32
366.62
346.004
326.42
307.867
295.164
286.665
293.752
318.924
347.722
375.079
401.068
414.03
410.761
395.473
374.076
352.733
332.458
314.211
298.871
287.69
284.271
299.063
330.344
360.062
388.293
409.518
416.151
407.427
389.052
367.62
346.61
326.65
308.338
294.751
285.014
288.845
310.589
342.699
373.203
402.182
417.997
417.676
404.692
382.917
362.037
342.201
323.551
306.657
294.177
288.263
298.805
326.758
353.363
378.637
402.647
412.19
406.416
389.689
367.727
346.558
326.447
307.646
293.756
283.038
283.313
301.376
335.902
368.701
399.86
418.592
420.932
410.579
390.05
368.568
348.16
328.773
311.498
297.53
289.464
296.207
320.899
350.774
379.156
406.118
418.665
415.488
400.741
378.503
356.55
335.694
316.709
300.873
288.703
286.587
300.401
332.302
362.609
391.4
413.579
419.152
411.58
392.263
370.525
349.874
330.255
312.102
297.341
288.194
291.295
312.198
344.957
376.079
405.644
421.333
420.82
408.413
385.387
363.457
342.624
322.833
306.691
293
288.038
297.393
326.452
354.749
381.632
407.17
415.981
411.369
394.144
371.595
350.173
329.823
311.725
296.139
285.503
285.969
303.013
338.627
372.461
404.604
422.897
425.006
415.54
393.324
371.061
349.91
329.817
312.67
297.764
291.161
296.431
321.265
351.858
380.921
408.531
419.628
417.47
402.143
379.273
357.547
336.907
318.049
301.723
289.89
287.286
299.952
332.699
363.808
393.361
415.033
420.328
413.641
393.454
370.723
349.129
328.615
311.417
295.53
287.02
288.975
310.247
343.765
375.607
405.857
420.125
420.553
407.476
384.237
362.16
341.187
322.375
304.998
291.687
287.293
295.869
325.291
353.242
379.795
404.877
413.246
409.464
391.376
368.847
347.445
327.113
309.386
292.997
283.864
282.884
300.184
335.602
369.25
401.215
418.669
422.227
411.815
390.043
368.392
347.824
328.284
310.481
296.142
289.58
294.195
319.836
350.304
379.248
406.745
417.856
416.877
400.921
378.629
357.451
337.333
318.614
301.657
290.701
287.125
300.311
332.687
363.443
392.663
413.1
419.393
412.064
391.725
370.504
350.005
330.531
312.37
296.751
288.978
289.947
311.847
345.191
376.868
406.961
420.874
422.341
408.489
386.187
365
344.414
324.857
307.177
295.235
289.192
297.765
326.616
354.024
380.062
403.922
413.415
409.216
391.235
369.622
349.09
329.585
311.433
295.178
286.082
283.957
302.04
336.039
368.338
399.022
415.827
420.16
409.157
388.089
367.583
346.419
326.313
308.895
295.779
288.253
293.145
318.34
347.957
376.093
402.823
415.051
413.681
397.565
376.122
355.399
335.711
317.008
299.786
289.757
284.832
298.503
329.64
359.221
387.322
407.828
415.495
407.311
388.1
367.284
345.941
325.665
307.972
294.015
285.142
286.92
308.706
341.46
372.576
402.136
417.371
418.67
404.976
384.242
363.251
343.056
323.87
305.897
294.052
286.995
297.021
325.105
351.784
377.13
400.637
411.46
406.453
389.462
368.937
347.465
327.066
309.66
294.513
284.749
283.404
301.413
334.933
366.777
397.029
415.182
419.51
408.256
388.458
366.87
345.92
326.018
307.552
295.134
286.323
292.197
316.708
346.058
373.941
400.429
414.196
412.095
397.147
375.63
354.773
334.96
316.552
300.467
289.061
284.685
298.697
329.283
358.339
385.943
407.548
414.886
406.718
388.648
367.445
346.082
325.787
307.727
293.799
284.065
286.978
307.813
340.433
371.422
400.862
417.42
418.064
405.555
384.13
363.238
343.391
324.537
307.219
294.8
288.079
297.675
324.766
352.228
378.317
403.101
413.882
408.511
392.149
370.352
348.677
328.085
309.492
295.166
284.136
283.657
300.619
334.776
367.225
398.051
417.8
421.211
411.061
390.987
369.284
348.666
329.078
311.511
297.64
288.925
295.013
318.809
349.066
377.81
405.116
418.485
415.837
401.75
379.527
357.357
336.295
317.344
301.559
289.348
286.395
299.346
330.417
359.934
387.975
410.609
417.002
410.021
391.474
369.578
348.777
329.016
310.756
296.309
286.545
289.15
309.227
342.752
374.601
404.857
421.353
421.379
409.807
387.213
365.352
344.583
324.853
308.61
294.715
289.032
297.69
325.525
354.429
381.887
407.972
417.65
413.384
396.639
373.649
351.809
331.061
312.616
296.985
285.965
285.946
301.992
336.995
370.247
401.836
421.283
424.221
415.294
393.819
371.524
350.343
330.222
313.05
298.166
290.905
295.616
319.51
350.88
380.682
408.994
421.418
419.625
404.912
381.795
359.833
338.969
319.782
303.793
291.542
288.438
300.088
331.992
362.3
391.092
413.575
419.457
413.439
393.949
371.184
349.558
329.014
311.617
296.037
287.248
288.532
308.747
343.217
375.962
407.07
422.19
423.082
410.813
387.61
365.568
344.628
325.298
307.9
294.253
289.342
296.782
325.166
353.516
380.449
406.035
415.019
411.952
394.409
371.614
349.958
329.385
311.733
295.175
285.496
284.035
300.063
335.061
368.308
399.893
418.123
421.949
412.689
390.891
369.1
348.399
328.733
311.142
296.325
289.184
292.781
317.343
348.542
378.181
406.338
418.188
417.494
402.001
379.397
357.923
337.523
319.046
302.093
290.733
286.609
298.312
329.705
359.529
387.862
409.425
416.272
410.039
390.172
368.549
348.008
328.494
310.414
294.662
286.756
287.087
307.905
342.202
374.783
405.736
420.566
422.653
409.248
387.017
365.898
345.47
326.064
308.411
295.929
289.549
297.132
325.317
352.716
378.744
403.472
413.339
409.727
392.248
370.688
350.206
330.748
312.65
295.953
286.49
283.798
300.655
334.204
366.076
396.354
414.195
419.32
408.905
387.937
367.263
346.308
326.4
308.803
295.068
287.499
291.595
316.255
346.804
375.825
403.395
416.161
415.494
400.118
378.898
358.064
338.272
319.469
301.737
291.244
285.854
298.37
328.984
358.067
385.696
406.734
414.817
407.553
388.669
367.984
347.043
327.149
309.54
295.206
286.027
286.633
307.79
341.397
373.323
403.654
419.383
421.535
408.267
387.729
366.687
346.012
326.371
308.397
296.36
288.987
297.66
324.854
351.952
377.695
402.151
413.827
409.786
392.926
371.8
350.654
330.565
312.557
296.93
287.017
284.524
301.379
334.245
365.468
395.13
413.949
419.341
408.761
389.084
367.73
346.444
326.223
308.012
295.254
286.283
291.089
314.743
344.984
373.713
401.005
415.339
413.91
399.439
378.021
357.327
337.667
318.991
302.436
290.784
285.31
298.158
327.877
356.109
382.931
405.128
413.495
406.008
388.11
367.097
345.453
324.891
307.038
293.027
283.026
285.08
305.242
338.376
369.852
399.755
416.765
418.062
405.934
384.911
364.102
344.333
325.553
307.74
295.212
287.915
296.704
323.106
350.819
377.146
402.157
413.551
409.036
393.249
371.56
349.898
329.32
310.827
296.195
284.802
283.515
299.525
332.632
364.083
393.962
414.125
418.499
409.156
389.635
367.795
347.046
327.335
309.322
295.558
286.502
291.877
314.877
345.979
375.525
403.595
417.923
415.979
402.554
380.478
358.401
337.427
318.607
302.677
290.147
286.19
298.019
327.989
356.46
383.508
406.961
414.556
407.979
389.94
368.109
347.369
327.667
309.04
294.705
284.547
286.485
305.507
339.614
372.016
402.798
420.283
421.092
409.946
388.153
366.391
345.716
326.076
309.841
295.662
289.216
297.261
324.199
353.544
381.422
407.907
418.358
414.377
398.217
375.436
353.794
333.234
314.595
298.866
287.331
286.677
301.823
336.123
368.709
399.665
420.193
423.92
415.684
394.987
372.668
351.465
331.322
313.985
299.024
290.981
294.869
317.883
349.906
380.327
409.227
422.432
421.264
407.26
383.904
361.716
340.638
321.265
304.861
292.005
288.404
299.25
330.183
359.57
387.487
411.21
418.104
412.782
394.104
371.313
349.662
329.093
311.606
295.612
286.227
287.18
306.247
341.291
374.584
406.211
422.532
424.093
412.819
389.762
367.857
347.047
327.414
310.062
295.992
290.51
297.253
324.575
354.045
382.042
408.639
418.419
415.854
399.013
375.922
353.986
333.146
315.209
298.619
288.017
285.924
300.593
334.601
366.908
397.6
417.279
421.592
413.102
391.636
369.438
348.351
328.318
310.83
295.548
288.171
291.126
314.748
346.915
377.473
406.504
419.114
418.972
404.17
381.292
359.558
338.911
319.97
302.817
290.8
286.545
297.234
327.994
357.216
384.977
407.671
415.248
409.982
390.58
368.716
347.944
328.211
310.302
294.342
286.197
285.789
305.557
340.768
374.219
405.997
421.469
424.217
411.843
389.511
368.295
347.863
328.453
310.716
297.536
290.874
297.11
324.738
353.225
380.287
405.997
416.546
414.076
396.993
375.279
354.651
335.055
316.933
299.86
290.017
286.599
302.276
335.447
366.96
396.897
415.74
421.427
412.19
391.481
370.913
349.841
329.824
312.338
298.017
290.259
293.048
316.828
348.456
378.503
407.047
420.302
420.554
405.134
383.521
362.648
342.456
323.273
305.413
294.498
288.549
299.651
329.881
358.6
385.884
407.986
416.953
410.662
391.868
370.645
349.616
329.639
311.527
296.464
287.247
286.715
307.002
341.384
374.048
405.078
421.256
424.094
411.23
390.668
369.594
348.38
328.227
310.275
297.767
290.076
297.544
324.129
351.912
378.305
403.379
415.208
411.799
395.271
374.13
353.247
333.407
315.36
299.014
288.828
285.613
301.693
334.051
364.79
393.992
413.355
419.304
409.505
389.899
368.491
347.05
326.681
308.433
295.526
286.383
290.309
313.125
343.935
373.204
401.009
415.715
415.289
401.335
380.28
359.357
339.48
320.597
303.406
291.599
285.461
297.341
326.318
353.845
379.996
402.909
405.668
405.668
388.382
346.209
346.209
325.9
308.228
293.967
283.922
284.789
303.985
337.886
370.092
400.688
418.318
420.785
409.296
388.82
367.522
347.289
328.068
297.292
297.292
289.155
296.908
322.382
350.874
377.942
403.656
415.931
411.793
396.329
374.642
352.795
332.041
313.569
298.691
287.134
284.726
299.952
363.305
363.305
392.626
413.221
418.519
409.542
390.702
368.664
347.728
327.838
309.416
295.406
286.058
290.611
344.421
344.421
374.524
403.121
418.44
417.164
404.211
382.477
361.03
340.656
322.099
305.781
293.044
288.153
299.247
328.43
356.154
382.491
406.485
415.104
409.18
391.864
369.629
348.506
328.439
309.608
295.07
284.504
285.57
303.82
338.314
371.084
402.215
420.322
421.75
411.252
389.847
368.148
347.533
327.949
311.192
296.982
289.544
296.495
321.986
351.858
380.236
407.196
418.486
414.989
399.744
376.909
355.216
334.607
315.404
299.633
287.791
286.449
300.18
333.198
364.565
394.364
415.595
420.124
412.395
392.352
370.342
349.432
329.568
312.019
297.169
288.673
291.884
313.483
345.84
376.579
405.781
420.178
419.375
406.206
382.823
360.609
339.505
319.902
303.907
290.626
286.513
296.381
326.534
355.178
382.391
407.165
414.677
409.897
391.991
369.43
347.997
327.636
310.183
294.36
284.706
285.273
303.174
338.748
372.543
404.648
421.72
423.79
413.426
390.762
368.608
347.561
327.567
310.166
295.626
289.806
295.63
321.65
351.675
380.199
407.296
417.719
415.635
399.423
376.559
354.839
334.204
316.042
299.393
288.464
285.873
299.507
332.927
364.676
394.837
415.319
420.283
412.651
392.019
369.753
348.601
328.506
311.037
295.485
287.722
289.936
312.359
345.538
377.059
407.004
420.26
420.649
406.688
383.866
362.184
341.586
322.947
305.335
292.852
288.216
297.701
327.611
356.025
383.019
406.878
415.062
410.792
391.836
369.501
348.282
328.125
310.247
293.932
285.479
284.514
302.944
338.322
371.931
403.859
420.009
423.282
411.806
389.76
368.792
348.498
329.218
311.277
297.661
290.915
296.071
322.465
351.909
379.881
406.455
417.477
415.882
399.272
377.405
356.631
336.895
318.337
301.194
290.807
286.721
300.966
333.544
364.494
393.896
413.428
419.501
411.143
390.756
370.017
349.202
329.427
311.755
296.871
288.91
290.822
313.478
345.773
376.452
405.598
419.325
420.286
405.793
384.185
363.353
342.942
323.552
305.75
294.212
288.002
297.961
327.305
355.181
381.664
404.556
414.032
408.657
390.452
369.114
348.307
328.541
310.299
294.784
285.48
284.14
303.438
337.578
370.01
400.821
417.733
421.678
409.799
389.115
368.246
347
326.816
309.062
296.436
288.638
294.817
320.671
349.465
376.819
402.805
415.21
412.783
396.962
375.553
354.836
335.156
316.837
300.161
289.764
285.47
300.201
331.662
361.55
389.943
409.842
416.715
407.568
388.425
367.395
346.04
325.754
307.857
294.589
285.338
287.962
310.111
341.789
371.883
400.472
415.721
416.075
402.261
381.535
360.419
340.36
321.303
303.87
291.996
285.283
296.098
324.607
351.69
377.42
400.966
411.165
405.382
388.502
367.648
345.86
325.161
307.474
292.925
282.806
282.765
300.969
334.954
367.239
397.911
415.905
418.989
407.821
387.715
365.973
345.318
325.697
307.27
294.732
286.402
293.273
317.871
346.921
374.518
400.736
414.013
410.749
395.921
374.307
352.95
332.662
314.21
299.12
287.544
284.126
298.451
329.842
359.664
387.994
409.406
416.005
407.787
389.406
367.504
346.664
326.867
308.092
294.066
284.383
288.105
309.26
341.391
371.917
400.915
416.788
416.384
403.904
381.973
360.722
340.534
321.772
305.181
292.488
286.924
296.927
324.968
352.453
378.563
403.368
413.078
407.455
390.728
368.628
347.479
327.388
308.455
294.399
283.478
283.814
301.253
336.183
369.367
400.891
419.907
422.136
412.205
391.256
369.441
348.716
329.027
311.954
297.787
289.922
296.211
320.79
351.318
380.321
407.873
420.204
417.277
402.602
379.911
358.176
337.528
318.09
302.185
289.959
287.964
301.197
333.393
363.979
393.035
415.543
421.031
414.016
394.526
372.506
351.587
331.713
313.843
298.916
289.667
292.417
313.185
346.443
378.038
408.053
423.147
422.959
410.317
386.971
364.596
343.339
323.145
306.988
293.371
288.517
297.731
326.856
355.479
382.672
408.504
417.249
413.158
395.874
373.129
351.521
330.994
313.302
297.197
286.797
286.696
303.579
339.411
373.451
405.789
424.157
426.67
417.109
394.718
372.211
350.828
330.515
313.113
298.175
291.722
296.337
321.258
352.401
381.986
410.093
421.349
419.675
403.973
380.733
358.655
337.681
318.999
302.284
290.793
287.787
300.22
332.977
364.097
393.661
414.979
420.272
413.464
393.196
370.661
349.254
328.916
311.646
295.534
287.386
288.645
309.909
343.644
375.693
406.139
420.145
420.855
407.752
384.607
362.619
341.731
322.929
305.472
292.47
287.762
296.093
324.999
352.459
378.547
403.177
412.006
408.537
390.517
368.371
347.334
327.348
309.57
293.038
284.007
282.496
299.762
334.547
367.592
398.986
416.228
420.091
409.887
388.101
366.847
346.655
327.473
309.412
295.316
288.436
292.824
318.583
348.827
377.559
404.855
416.518
415.565
399.631
377.665
356.798
336.974
318.258
301.038
290.233
286.124
299.079
331.033
361.39
390.228
410.713
417.57
410.417
390.329
369.343
348.784
329.253
311.32
295.754
286.939
289.611
309.126
341.753
372.748
402.194
418.189
417.86
405.581
384.569
363.548
343.578
324.606
306.974
295.119
288.364
298.039
325.218
351.518
376.504
400.24
410.752
405.763
388.203
366.63
346.137
326.667
308.469
292.28
283.222
281.617
299.324
333.525
366.016
396.882
414.334
418.103
408.225
385.795
363.724
342.757
322.839
305.77
290.821
283.7
288.652
313.067
343.624
372.653
400.231
412.701
410.644
396.969
375.172
353.28
332.483
313.911
298.215
286.56
282.789
296.089
326.567
355.521
383.028
404.369
411.878
403.772
385.783
364.93
343.906
323.933
306.173
291.945
283.61
285.062
307.248
340.76
372.596
402.841
417.776
419.528
406.059
383.477
362.024
341.644
322.878
305.309
291.98
286.732
294.881
324.056
352.354
379.238
404.777
413.604
410.052
393.087
370.39
348.828
328.344
309.689
294.601
283.564
283.301
299.687
334.218
367.023
398.187
417.425
420.625
410.649
391.186
369.61
348.794
329.018
310.551
297.917
289.264
294.962
319.385
348.888
376.917
403.543
416.755
415.153
399.088
377.498
356.988
337.503
319.027
301.565
290.461
286.273
298.917
331.162
361.796
390.897
412.538
419.034
412.544
392.356
369.89
348.547
328.271
310.779
295.24
286.001
288.041
307.724
340.977
372.568
402.579
418.641
418.983
407.246
385.504
364.408
344.368
325.329
308.03
295.603
289.015
298.38
325.181
351.781
377.051
401.057
412.408
407.647
390.872
369.574
348.872
329.204
310.99
295.054
286.031
283.895
301.525
335.101
366.999
397.301
415.006
419.668
409.654
387.369
365.6
344.921
325.275
307.887
292.795
285.699
289.895
314.483
345.741
375.437
403.648
415.804
414.143
400.083
377.553
355.873
335.277
315.987
300.187
287.819
284.301
296.958
327.493
356.501
384.059
406.64
413.96
406.482
388.883
367.948
346.329
325.79
308.01
294.051
284.882
286.256
307.369
340.566
372.104
402.064
417.68
419.794
406.255
384.565
363.736
343.689
324.644
306.81
293.853
287.931
295.677
324.666
353.17
380.25
405.976
414.842
411.624
394.308
371.626
350.079
329.608
311.204
295.644
284.443
283.929
299.598
334.295
367.258
398.572
418.475
421.817
412.203
392.696
370.665
349.735
329.852
310.983
297.96
289.255
294.942
318.624
348.661
377.196
404.305
418.209
416.756
401.411
379.949
359.173
339.389
320.594
302.786
292.269
287.369
300.022
331.753
361.897
390.534
412.189
419.566
413.138
392.552
369.922
348.424
328.001
310.544
294.486
285.472
286.896
306.942
341.143
373.634
404.5
420.395
420.625
409.344
386.866
365.48
345.164
325.863
308.806
295.536
288.856
297.811
324.259
351.695
377.759
402.52
413.669
408.821
392.803
371.497
350.372
330.302
312.122
296.345
286.903
284.42
301.792
334.898
366.349
396.227
414.21
419.41
409.217
387.858
366.458
346.129
326.816
308.811
294.093
286.856
290.508
315.007
346.436
376.293
404.658
416.773
415.69
401.298
378.219
356.294
335.465
316.135
300.329
287.561
283.988
295.821
326.6
355.839
383.617
406.727
413.953
406.99
389.658
368.321
346.84
326.433
308.257
294.342
284.921
286.517
306.828
340.273
372.047
402.231
418.317
420.225
406.891
385.616
364.775
344.309
324.865
307.062
294.343
288.073
295.937
324.25
352.288
378.924
404.228
414.063
411.198
393.376
370.677
349.113
328.627
310.513
294.677
283.949
283.018
298.373
333.163
366.213
397.612
417.512
420.993
412.007
391.943
370.078
349.306
329.572
311.279
297.697
288.808
294.135
316.992
347.075
375.654
402.804
417.186
415.623
400.997
379.458
358.376
338.349
319.322
301.821
291.139
286.161
298.884
329.251
358.099
385.505
407.075
414.834
408.521
388.429
366.272
345.223
325.227
307.634
291.507
283.353
284.146
304.159
338.686
371.486
402.646
418.59
419.92
408.649
385.923
364.047
343.266
323.523
306.744
292.962
286.3
294.524
320.971
349.279
376.171
401.718
412.857
408.42
392.961
371.632
350.182
329.805
311.633
296.299
286.188
300.808
300.808
333.357
393.653
393.653
412.409
417.699
407.769
387.447
366.346
345.941
326.557
308.5
294.104
287.121
290.378
314.903
376.736
376.736
417.778
417.778
417.607
402.773
379.426
357.247
336.177
317.095
300.819
288.064
284.498
295.634
326.69
356.193
384.221
407.776
408.554
408.554
391.087
369.172
348.16
328.198
309.428
295.249
285.214
287.076
306.931
340.151
371.709
401.69
418.57
420.631
407.961
387.422
366.479
345.772
326.1
295.839
295.839
289.271
297.444
325.462
353.576
380.285
405.658
416.041
413.239
395.275
372.287
350.448
329.701
311.718
295.14
284.736
283.035
332.824
332.824
365.693
396.919
416.839
420.815
412.511
391.886
369.851
348.918
329.031
311.345
297.115
288.271
293.141
315.587
346.555
375.974
403.923
418.344
416.952
403.062
381.692
360.772
340.898
322.018
304.718
293.636
288.458
300.898
330.523
358.667
385.404
407.3
415.902
409.211
389.784
367.966
347.239
327.548
309.475
293.481
285.325
285.626
305.681
340.955
374.465
406.299
423.518
423.518
412.002
388.691
366.283
344.996
324.773
307.982
293.85
287.252
294.988
322.315
350.604
377.478
403.009
414.236
411.005
394.387
372.071
350.87
330.73
311.683
295.69
285.286
283.384
299.143
332.437
364.067
394.115
413.674
418.478
409.215
388.945
366.916
345.988
326.107
307.83
293.727
285.6
289.735
313.295
344.343
373.838
401.859
415.488
414.596
400.534
378.211
356.756
336.374
317.011
300.128
288.29
283.706
295.367
325.82
354.75
382.233
404.871
412.691
406.743
388.379
366.331
345.385
325.486
306.971
292.156
282.88
283.801
303.623
337.664
370.003
400.725
417.251
419.288
407.506
385.667
363.825
343.077
323.365
305.524
292.494
285.739
293.396
320.67
348.951
375.817
401.34
412.472
409.206
392.819
370.354
349.012
328.737
309.818
293.929
283.406
281.266
297.109
330.708
362.626
392.949
412.517
417.673
408.894
388.689
366.706
345.821
325.981
307.522
293.207
285.011
288.931
312.336
343.583
373.268
401.469
415.187
414.629
400.635
378.176
356.705
336.308
316.93
299.928
288.164
283.419
294.928
325.443
354.432
381.972
404.853
413.121
407.222
388.919
366.696
345.585
325.529
306.882
291.689
282.438
283.166
302.651
336.859
369.356
400.229
416.695
418.74
407.156
385.7
363.842
343.076
323.349
305.471
292.367
285.469
292.973
319.896
348.359
375.399
401.087
412.177
409.078
393.009
370.688
349.451
329.277
310.142
294.081
283.652
281.281
296.77
330.131
361.825
391.934
411.695
416.838
408.069
387.962
366.087
345.306
325.564
307.276
293.187
284.955
288.755
311.891
343.243
373.027
401.322
415.046
414.544
400.758
378.223
356.815
336.477
317.172
300.181
288.167
283.333
294.622
324.834
353.535
380.801
403.935
412.22
406.574
388.374
366.448
345.618
325.83
307.112
291.757
282.352
282.885
302.362
336.601
369.129
400.03
416.941
419.38
408.045
386.422
364.518
343.709
323.941
305.999
292.877
285.896
293.015
319.837
348.538
375.804
401.706
412.948
409.966
393.857
371.399
350.063
329.793
310.66
294.744
284.239
281.77
296.969
330.129
361.632
391.559
411.526
416.89
408.386
388.183
366.078
345.079
325.129
306.9
292.763
284.473
288.34
311.409
342.963
372.939
401.416
415.395
415.348
401.577
379.083
357.496
336.989
317.506
300.631
288.571
283.573
294.695
324.802
353.405
380.577
403.951
412.435
406.851
388.874
366.795
345.82
325.893
307.179
292.222
282.76
283.106
302.253
336.657
369.341
400.39
417.276
419.534
408.379
386.714
364.868
344.115
324.4
306.417
293.006
285.988
293.155
319.781
348.545
375.871
401.831
413.092
410.209
394.001
371.398
349.925
329.525
310.428
294.407
283.754
281.273
296.416
329.483
360.896
390.738
410.738
416.17
407.92
366.088
366.088
345.288
325.528
307.049
292.841
284.531
287.958
310.925
342.826
373.131
401.921
416.146
415.986
402.28
379.842
358.317
337.868
318.441
301.218
289.212
284.206
295.1
325.125
353.649
380.747
404.007
412.53
407.059
389.161
367.108
346.158
326.256
307.484
292.406
282.821
283.002
301.997
336.571
369.417
400.62
417.805
420.444
409.176
387.692
365.723
344.852
325.025
307.072
293.674
286.617
293.529
319.849
348.735
376.176
402.246
413.728
410.982
395.154
372.712
351.391
331.137
311.972
295.787
285.214
282.517
297.366
330.291
361.569
391.284
411.578
417.33
409.18
389.242
367.17
346.202
326.282
307.799
293.336
284.919
288.165
310.78
342.432
372.501
401.066
415.305
415.082
401.425
379.132
357.528
337.005
317.507
300.242
288.113
283.072
293.67
323.447
351.735
378.608
410.729
410.729
405.435
387.688
365.62
344.656
324.74
306.036
290.734
281.057
281.191
299.878
334.547
367.483
398.772
416.066
418.798
407.689
386.392
364.534
343.768
324.041
306.082
292.698
285.491
291.992
318.139
347.398
375.194
401.601
413.387
410.787
395.173
372.699
351.35
331.067
312.029
295.789
285.001
282.151
296.771
329.67
360.924
390.616
410.905
416.709
408.527
388.53
366.451
345.476
325.55
307.1
292.739
284.219
287.324
309.745
341.703
372.063
400.905
415.295
415.582
401.962
379.674
358.062
337.53
318.025
300.7
288.637
283.443
294.046
323.635
351.744
378.448
400.836
410.63
405.814
387.664
365.729
344.891
325.094
307.184
290.77
282.257
281.29
299.66
335.282
369.123
401.272
418.142
420.752
410.508
387.842
365.432
344.142
323.917
306.753
292.658
285.628
291.729
316.928
347.175
375.908
403.205
412.085
409.352
397.369
376.165
355.059
335.009
316.923
301.077
289.531
286.188
301.21
331.886
361.028
388.714
410.984
417.821
408.006
388.638
367.415
346.559
326.745
308.617
294.27
287.041
290.204
313.67
346.659
377.999
407.772
422.463
424.55
410.469
386.833
364.378
343.047
323.724
307.009
294.279
289.856
299.269
328.476
356.997
384.092
409.833
418.949
414.579
397.212
374.918
353.739
333.618
314.604
300.104
289.472
289.776
307.04
341.243
373.735
404.602
424.482
428.209
416.459
395.89
374.219
353.092
333.021
314.494
301.712
294.173
300.788
326.283
355.706
383.657
410.211
423.078
421.254
403.585
380.86
359.272
338.763
320.175
302.655
291.932
289.085
302.74
335.159
365.958
395.216
416.875
423.354
416.294
395.439
373.481
352.621
332.804
314.883
300.088
291.057
294.068
314.741
347.474
378.57
408.111
424.294
424.294
411.557
389.683
368.466
348.309
329.161
311.689
299.709
293.514
304.311
331.616
358.468
383.978
408.212
419.217
413.429
394.85
373.073
352.308
332.582
313.918
297.693
288.997
287.781
306.186
339.872
371.874
402.277
419.908
423.9
412.49
388.89
366.469
345.17
325.242
307.105
292.403
286.389
290.763
317.608
347.979
376.832
404.242
415.782
412.452
398.489
375.564
353.736
333
313.301
298.749
287.45
284.168
299.142
330.376
360.048
388.237
410.5
417.814
408.791
390.312
368.604
347.129
326.728
308.198
294.256
285.946
288.536
310.944
343.836
375.084
404.77
419.835
421.575
407.284
384.464
362.784
342.188
322.822
304.945
291.87
287.105
296.177
326.539
355.383
382.785
408.01
417.152
412.932
394.958
372.651
351.459
331.327
312.293
297.422
286.898
287.232
304.453
339.14
372.093
403.398
422.892
425.617
414.788
394.718
372.314
351.031
330.811
311.969
299.21
290.832
296.964
321.319
350.612
378.439
404.876
418.067
415.61
399.159
377.539
357
337.292
318.57
301.055
290.66
287.195
300.67
332.834
363.39
392.419
413.479
419.464
411.852
390.635
368.114
346.72
326.395
308.577
293.499
284.845
287.551
308.237
341.4
372.904
402.833
418.807
418.82
406.617
384.637
363.404
343.232
324.069
307.153
294.866
288.758
299.32
327.564
355.46
381.961
407.138
418.535
413.412
396.251
374.508
353.461
333.467
314.863
298.691
289.619
288.668
308.467
344.241
378.226
410.512
429.784
435.172
424.235
401.329
378.688
357.179
336.746
318.494
303.474
296.847
302.898
331.38
367.19
401.209
433.527
448.2
446.881
431.366
407.244
383.662
361.26
340.644
323.611
310.749
308.027
324.416
362.069
397.84
431.821
459.045
468.502
460.409
440.792
416.523
369.947
369.947
349.221
334.015
324.314
328.02
355.141
396.755
436.289
473.846
493.487
496.247
480.384
430.818
430.818
407.08
384.528
348.875
348.875
342.769
354.705
391.894
428.293
462.873
495.723
508.346
504.32
483.183
456.682
431.506
407.588
384.943
366.134
353.659
353.938
376.363
422.601
466.527
508.256
534.483
539.238
526.436
501.848
474.514
448.547
423.879
400.542
384.067
373.744
382.576
415.934
457.774
497.522
535.283
554.45
552.573
532.184
504.735
476.933
450.521
425.43
402.651
388.801
383.933
403.464
448.667
491.61
532.406
563.597
574.54
564.996
538.42
508.635
480.339
453.458
429.226
408.287
396.911
400.358
431.532
483.031
531.956
578.433
602.264
603.764
586.447
556.935
527.029
498.618
471.628
447.682
429.478
420.956
435.093
476.262
518.407
558.445
596.48
613.039
606.079
582.474
551.809
522.175
494.023
467.278
444.908
430.846
428.883
456.616
509.462
559.665
607.358
636.207
644.007
627.736
597.911
565.939
535.566
506.712
479.657
458.175
447.75
455.611
495.852
547.207
595.995
642.343
662.702
660.889
638.204
604.799
572.476
541.769
512.597
487.573
468.73
463.33
483.803
535.4
584.416
630.982
668.554
680.446
668.255
640.776
606.386
573.689
542.627
513.144
490.505
475.673
479.098
513.796
571.15
625.637
677.399
704.513
707.122
685.152
651.952
617.134
584.058
552.635
523.829
503.052
493.023
508.334
556.783
605.849
652.462
696.744
714.889
707.363
679.881
644.992
610.241
577.227
545.864
519.642
502.666
500.756
530.896
592.757
651.524
707.353
741.596
749.255
731.348
698.982
662.315
627.481
594.389
563.012
538.807
525.13
534.14
578.767
636.059
690.486
742.193
765.89
763.043
736.898
701.195
663.912
628.494
594.847
565.105
544.594
537.444
560.794
619.495
675.26
728.237
770.165
784.044
770.305
738.825
701.372
664.285
629.053
595.582
568.451
551.717
554.304
592.885
657.755
719.381
777.926
807.442
809.128
784.936
748.771
709.496
672.184
636.737
604.083
579.635
567.57
582.596
634.372
686.903
736.807
784.215
803.027
793.837
763.858
725.997
687.799
651.51
617.036
587.516
568.034
564.207
594.225
658.203
718.982
776.722
811.315
818.031
797.772
762.871
723.563
685.813
649.95
615.881
589.318
573.781
581.111
625.096
683.211
738.42
790.869
814.505
810.279
782.374
744.922
705.821
668.675
633.386
601.716
579.243
570.47
592.478
650.225
705.084
757.201
798.113
811.185
796.68
763.914
725.202
687.06
650.825
616.402
587.973
570.38
572.289
609.63
675.174
737.441
796.594
828.436
827.492
801.356
764.922
726.676
690.342
655.825
623.034
599.304
587.129
601.44
651.482
704.1
754.087
801.575
819.668
810.388
779.946
741.268
701.954
664.606
629.125
599.957
580.794
576.867
606.33
668.55
727.658
783.811
819.332
827.352
808.13
772.614
732.358
694.115
657.784
623.607
597.551
582.07
588.88
631.783
691.391
748.019
801.815
826.008
823.095
795.905
756.776
718.478
682.094
647.529
617.29
594.219
585.55
605.85
661.527
714.419
764.667
808.067
821.758
807.138
775.125
734.737
696.267
659.72
625
598.045
580.127
580.809
616.405
679.538
739.514
796.492
826.777
829.16
803.489
766.89
726.812
688.738
652.568
618.384
594.793
582.679
595.678
645.204
698.348
748.835
796.798
815.665
808.033
777.236
738.374
700.399
664.322
630.05
600.319
580.646
576.275
603.436
665.549
724.555
780.611
815.826
821.613
803.85
769.914
730.334
692.696
656.94
623.009
596.834
579.974
585.233
625.023
684.39
740.789
794.369
821.642
814.999
784.282
747.231
708.708
672.112
637.346
604.805
583.244
573.067
595.115
652.216
706.462
757.996
801.037
816.509
802.845
769.21
731.681
692.895
656.047
621.043
590.764
572.942
572.745
608.532
675.271
738.674
798.906
829.82
831.49
808.121
771.217
732.94
695.898
660.708
627.277
600.601
586.391
599.037
646.816
700.745
751.978
800.649
821.512
811.971
783.012
744.159
705.806
669.37
634.756
603.675
582.475
576.474
605.121
666.627
725.058
780.567
816.313
825.228
804.537
769.137
730.272
691.582
654.826
619.907
592.687
577.606
582.168
625.117
686.014
743.866
798.825
823.115
820.617
793.363
755.666
717.883
681.989
647.889
615.495
591.036
581.366
599.836
655.952
709.261
759.906
803.995
817.765
803.705
772.122
732.753
694.853
658.848
624.643
596.441
576.741
576.985
611.503
676.016
737.303
795.526
826.527
828.637
803.237
767.405
727.37
689.222
618.552
618.552
594.082
580.209
592.389
641.503
694.61
745.061
792.989
812.611
804.951
773.791
736.181
697.96
661.65
627.156
596.449
575.958
570.898
597.289
660.238
720.041
776.852
814.03
821.298
803.243
768.8
730.36
693.842
659.15
626.404
599.082
582.189
588.429
628.734
688.261
744.812
798.536
824.345
819.661
792.088
755.437
715.504
677.567
641.528
609.452
588.061
577.056
596.789
652.154
704.75
754.717
797.719
810.325
793.895
762.237
725.68
686.377
649.04
613.569
584.66
567.863
566.257
601.134
668.748
732.981
794.002
824.689
827.86
805.21
767.709
729.274
692.761
658.073
626.487
601.149
587.731
598.235
646.294
702.053
755.023
805.345
825.529
816.594
787.565
748.911
709.908
672.856
637.656
608.196
586.939
580.69
607.857
668.117
725.364
779.749
816.832
826.385
805.994
771.722
732.315
694.207
658.005
623.613
596.59
580.914
585.175
627.224
687.593
744.943
799.425
823.908
822.045
794.462
756.411
717.561
680.654
645.592
613.312
589.77
580.481
598.015
653.8
706.795
757.141
801.47
815.325
802.18
770.813
731.603
693.994
658.266
624.683
597.009
577.247
576.513
609.44
674.239
735.797
794.277
825.551
827.995
803.9
768.673
728.676
690.678
654.581
620.512
595.869
581.171
592.519
640.483
693.925
744.695
792.926
813.133
805.644
775
737.446
699.202
662.87
628.355
596.937
576.949
570.68
596.626
658.898
718.056
774.257
811.288
819.608
802.248
767.51
728.214
690.825
655.305
621.562
595.056
578.186
582.458
623.151
683.21
740.266
794.469
819.711
816.835
789.651
751.923
712.402
674.858
639.191
607.232
584.129
573.428
592.073
647.315
699.795
749.651
793.214
808.346
795.595
763.991
725.293
687.072
650.761
616.266
587.625
569.471
568.389
602.548
668.629
731.405
791.043
822.098
825.216
801.817
765.473
725.668
687.852
651.928
618.219
592.762
578.659
589.711
637.937
692.236
743.82
792.824
813.27
805.588
776.144
738.037
699.44
662.772
627.937
595.696
574.6
568.621
595.364
657.42
716.373
772.378
809.445
818.641
800.344
766.149
726.45
688.653
652.746
618.634
591.42
574.757
578.894
619.592
679.908
737.208
791.643
817.541
815.271
788.36
751.134
711.995
674.814
639.492
607.517
584.431
573.692
592.253
647.317
699.627
749.322
792.943
808.91
795.409
764.938
726.041
688.193
652.237
618.079
589.972
571.222
569.104
603.154
668.836
731.233
790.511
821.282
825.382
801.238
765.216
688.576
688.576
652.961
619.127
593.435
579.814
589.324
637.69
692.785
745.126
794.85
814.714
808.274
779.017
740.323
702.334
666.245
631.961
601.461
579.721
597.715
597.715
659.177
717.566
773.035
810.427
819.834
801.728
767.367
727.645
689.567
653.392
619.027
591.584
575.012
579.087
619.975
680.387
737.78
792.302
816.479
816.479
789.58
752.024
712.663
639.746
639.746
607.456
573.326
573.326
591.274
646.296
698.567
748.224
792.358
808.244
795.908
764.398
725.808
687.862
651.813
617.567
588.817
570.286
568.52
601.948
668.679
732.073
792.298
823.81
827.378
804.494
768.231
728.375
690.512
654.542
620.84
595.063
580.407
590.401
638.332
693.035
745.002
794.371
815.272
808.172
778.74
740.393
701.572
664.692
629.656
598.864
577.745
570.676
596.23
657.274
715.266
770.359
808.114
817.79
799.936
765.864
726.443
688.527
652.507
618.288
590.818
574.106
577.689
618.243
679.079
736.873
791.777
818.2
816.391
790.047
752.503
713.103
675.674
640.116
608.11
584.672
573.249
590.881
645.669
697.718
747.164
791.495
807.629
795.587
764.084
725.325
687.28
651.137
616.8
587.917
569.162
567.071
599.535
665.895
728.936
788.826
820.882
824.507
801.862
765.523
725.641
687.753
651.76
617.875
592.171
577.645
587.572
635.029
690.433
743.068
793.07
814.182
807.223
777.885
739.852
700.962
664.016
628.918
598.118
577.01
569.668
595.11
655.605
713.076
767.673
805.829
815.8
798.313
764.338
725.001
687.01
650.918
616.631
589.102
572.286
575.664
616.127
677.398
735.605
790.901
817.582
816.233
790.177
752.775
713.459
676.108
640.626
608.594
584.976
573.525
590.733
645.048
696.647
745.666
789.673
807.134
794.881
763.523
725.922
688.411
652.776
618.923
589.233
571.409
568.168
601.915
667.25
729.317
788.281
820.147
825.551
803.546
766.657
728.324
691.428
656.377
623.079
596.039
582.173
590.642
637.849
695.172
749.628
801.362
822.453
815.611
787.562
748.184
709.645
673.032
638.25
608.07
585.728
578.299
602.889
662.259
718.66
772.242
812.086
823.039
804.796
771.534
731.794
693.781
657.668
623.361
596.305
579.342
582.038
622.576
684.229
742.799
798.441
825.163
824.785
797.287
759.813
720.676
683.496
648.175
614.873
590.947
579.875
595.642
649.964
701.571
750.597
796.549
812.299
801.748
770.493
731.417
694.249
658.94
625.397
596.309
576.45
574.335
605.96
671.856
734.457
793.928
827.807
831.64
809.563
774.311
734.791
696.329
659.791
625.997
600.565
584.766
594.736
640.79
696.021
748.491
798.338
821.222
815.01
784.896
747.322
708.28
671.19
635.955
603.756
583.146
574.643
599.425
659.272
716.127
770.138
808.911
819.651
803.422
768.617
729.797
692.562
657.188
623.582
594.749
578.006
580.325
619.348
682.196
741.9
798.62
826.399
824.664
799.778
762.211
723.12
685.984
650.705
618.469
594.164
582.023
599.143
651.266
701.889
749.98
795.667
813.531
801.182
770.192
731.958
694.437
658.792
624.929
595.343
576.862
573.139
606.452
670.213
730.786
788.331
820.981
827.309
805.193
768.641
729.649
692.146
656.518
622.672
595.755
581.739
589.587
636.696
694.955
750.301
802.88
824.286
818.228
790.105
750.599
712.317
675.949
641.399
610.542
587.373
579.58
603.653
662.972
719.325
772.86
813.44
824.209
806.601
773.532
733.417
695.141
658.78
624.402
597.257
579.453
581.971
621.475
683.046
741.538
797.105
825.028
824.73
797.378
760.4
721.105
683.445
647.668
614.009
590.054
578.261
594.307
647.204
698.264
746.77
792.851
809.638
799.794
768.546
730.119
692.837
657.42
623.774
594.026
574.64
571.838
602.884
667.554
728.99
787.354
821.974
826.402
805.207
769.809
730.597
692.66
656.62
623.068
597.316
581.296
591.006
635.665
692.063
745.642
796.541
820.586
814.577
785.314
748.079
709.546
672.94
638.164
605.698
584.971
576.13
600.855
658.543
713.346
765.41
804.991
817.35
801.233
766.817
728.476
691.148
655.686
621.998
592.807
576.432
578.548
617.491
681.141
741.607
799.051
826.127
825.788
801.078
762.624
723.379
686.097
650.679
618.145
593.338
581.303
597.632
648.902
700.532
749.581
796.178
814.928
802.8
772.541
733.501
695.932
660.242
626.337
596.826
577.9
574.833
606.95
669.167
728.273
784.424
818.177
824.828
802.532
766.733
727.795
690.237
654.557
620.661
593.681
579.303
587.516
633.463
691.112
745.879
797.907
819.975
815.19
787.034
748.114
710.09
673.967
639.65
608.341
585.531
578.291
601.053
658.452
712.981
764.783
806.361
817.605
801.301
768.762
729.638
691.655
655.57
622.106
595.072
576.916
580.351
618.193
679.941
738.601
794.328
823.983
824.244
797.326
760.803
721.194
683.443
647.579
613.632
590.133
577.836
594
645.721
696.819
745.362
791.478
809.998
800.538
768.914
730.792
693.156
657.402
623.436
592.862
573.634
570.722
601.227
664.075
723.781
780.501
815.823
820.137
800.276
764.74
726.503
688.827
653.036
620.384
594.13
578.524
588.152
631.382
688.624
743.004
794.665
818.469
812.473
783.979
746.052
707.815
671.49
636.981
605.132
584.109
575.594
600.064
656.404
709.926
760.773
801.353
814.392
798.181
764.962
726.823
688.859
652.794
618.533
589.36
573.018
574.25
612.831
677.121
738.197
796.219
824.397
824.873
800.339
762.152
723.296
686.383
651.316
618.75
593.394
581.375
597.057
646.962
699.907
750.205
797.987
816.51
805.412
775.452
736.679
698.793
662.801
628.609
599.561
579.769
576.714
607.16
668.631
727.029
782.507
817.563
824.684
802.472
767.092
727.71
690.116
654.401
620.472
594.021
579.419
587.4
632.201
690.658
746.193
798.951
821.785
817.944
789.233
750.399
712.195
675.902
641.423
609.271
586.289
578.096
599.98
657.944
713.009
765.322
807.724
819.801
804.454
771.809
732.716
694.51
658.216
624.802
597.371
578.941
581.828
618.293
682.75
743.984
802.156
832.025
831.724
805.418
768.576
729.214
690.86
654.425
620.77
596.893
583.944
600.056
649.537
700.809
749.518
795.79
814.673
805.227
773.414
735.413
697.199
660.895
626.406
595.086
576.071
572.479
602.381
664.301
723.125
779.008
814.762
821.45
801.745
765.844
727.238
689.95
654.526
621.486
594.523
579.019
587.665
630.409
689.728
746.082
799.617
824.654
818.829
790.884
752.738
714.445
678.066
643.506
611.33
589.558
579.905
602.702
658.414
711.341
761.621
802.675
816.823
801.043
767.48
729.106
691.374
655.529
621.476
592.588
575.966
577.072
615.102
680.06
741.77
800.395
828.697
829.887
805.355
767.138
728.389
691.577
656.606
623.506
597.659
585.995
600.391
650.264
704.213
755.464
804.152
822.608
812.284
782.423
742.617
704.693
668.665
634.438
604.584
584.109
580.542
609.945
670.822
728.655
783.597
820.245
828.185
806.535
771.725
731.936
693.491
656.969
622.918
596.803
581.204
588.63
632.642
691.569
747.549
800.73
824.385
820.881
792.008
753.623
715.021
678.348
643.509
611.333
588.496
579.672
600.911
658.246
712.713
764.457
807.103
819.365
805.138
772.531
733.591
695.68
659.664
626.367
598.355
579.747
582.186
617.538
681.43
742.128
799.79
830.361
830.47
805.152
768.641
729.709
691.774
655.735
622.448
598.728
585.429
600.488
649.077
701.706
751.704
799.202
820.158
810.273
778.568
740.711
701.967
665.161
630.195
598.654
579.536
575.313
604.912
668.304
728.526
785.736
821.664
828.514
808.936
771.855
732.822
695.388
659.826
626.041
598.184
582.44
590.039
632.61
692.141
748.695
802.422
827.167
821.817
794.393
755.883
717.528
681.091
646.475
614.8
592.225
583.251
605.806
660.486
712.432
761.78
803.83
818.377
802.435
769.396
730.986
692.861
656.642
622.234
593.403
576.506
576.684
614.505
680.213
742.636
801.938
830.726
832.281
807
769.189
729.704
692.193
656.558
623.73
597.438
584.617
596.685
648.255
702.719
754.459
803.612
821.947
812.599
783.063
743.196
705.003
668.72
634.57
604.829
583.644
579.521
608.051
669.471
727.82
783.251
819.156
827.451
806.352
771.911
731.709
693.508
657.218
622.75
596.483
579.842
587.128
629.631
690.327
747.988
802.766
826.681
822.849
793.386
755.364
716.338
679.263
644.042
611.005
588.336
578.678
599.343
656.073
709.966
761.165
804.141
816.74
803.123
770.039
730.846
693.44
657.905
624.319
595.467
576.966
578.382
614.066
678.889
740.47
798.972
829.54
830.368
806.054
769.621
730.623
692.992
657.242
623.863
599.404
585.188
599.243
647.791
701.014
751.576
799.609
820.083
810.616
779.406
741.474
702.745
665.953
631
600.019
580.776
574.778
603.998
665.647
724.213
779.851
815.072
822.77
803.972
768
729.6
692.158
656.588
622.797
594.671
579.423
585.964
628.693
689.44
747.149
801.972
826.539
822.66
795.967
757.124
718.232
681.284
646.184
614.477
591.365
581.616
602.595
656.885
708.46
757.457
802.334
817.545
801.937
769.428
730.264
692.672
656.96
623.034
594.339
576.609
576.415
613.308
678.055
739.565
797.999
827.757
830.587
805.437
768.122
728.656
691.163
655.545
621.725
595.785
582.81
595.07
644.703
699.319
751.205
800.496
819.073
810.578
780.644
741.612
704.044
668.354
634.936
604.6
583.103
578.829
607.025
668.111
726.144
781.274
818.854
827.398
807.642
773.691
734.087
695.199
658.255
624.424
598.2
581.31
588.295
630.028
690.042
747.056
801.219
826.354
821.959
792.212
754.601
715.111
677.595
641.956
608.517
585.526
575.512
596.303
652.007
704.925
755.197
798.947
813.095
799.849
766.862
728.518
691.065
655.484
621.683
592.384
574.49
575.318
611.366
676.765
738.895
797.919
828.055
829.233
805.906
769.055
730.602
693.187
657.643
624.761
600.008
585.787
599.276
647.472
700.901
751.658
799.877
821.125
811.42
780.859
742.747
704.338
667.849
633.184
601.525
581.992
575.704
604.579
665.029
722.457
777.013
813.61
822.201
803.514
767.72
729.15
691.754
656.229
622.479
594.27
578.906
584.953
627.692
689.252
747.734
803.292
829.307
826.481
799.869
760.71
721.743
684.724
649.557
617.884
593.881
584.49
604.656
658.354
709.367
757.829
802.64
817.718
803.291
771.734
732.172
694.256
658.236
624.017
595.304
576.932
577.063
612.471
676.839
737.989
796.082
828.27
831.231
805.857
769.094
729.299
691.189
654.985
620.591
594.903
581.386
593.461
642.043
697.611
750.401
800.551
819.763
812.063
781.632
742.515
704.972
669.307
635.424
604.891
583.314
578.262
604.784
666.576
725.278
781.046
819.442
827.279
808.179
774.218
734.933
696.168
659.341
625.8
599.436
582.393
589.159
630.07
689.818
746.578
800.5
826.786
823.869
795.416
758.093
718.533
680.952
645.249
611.668
589.451
578.591
599.104
653.022
704.244
752.905
796.48
812.033
798.655
765.319
727.458
689.833
654.089
620.132
590.402
571.894
572.331
606.902
672.367
734.559
793.642
825.734
828.172
805.69
768.354
729.651
692.414
657.04
623.902
598.462
584.053
596.719
643.358
698.222
750.343
799.858
821.603
812.866
782.895
744.225
706.217
670.111
635.809
604.622
584.596
577.668
605.375
663.671
719.053
771.665
809.397
819.814
800.596
765.555
727.277
689.403
653.423
619.242
591.206
575.748
579.848
621.549
683.811
742.959
799.15
824.778
822.774
796.271
757.322
718.844
682.291
647.565
615.751
591.236
581.247
600.29
656.145
709.207
759.615
806.298
821.03
807.161
775.953
735.886
697.777
661.573
627.224
599.051
579.95
579.879
613.943
677.742
738.351
795.93
827.879
831.387
806.521
770.301
730.224
691.843
655.381
621.05
596.015
582.136
593.566
641.973
697.419
750.092
800.131
820.286
813.261
783.12
744.092
706.173
670.15
635.928
604.575
583.117
577.473
603.286
663.394
720.496
774.743
812.899
821.75
803.829
769.411
730.94
692.589
656.156
623.349
596.49
579.271
585.596
625.587
685.448
742.316
796.34
824.213
821.433
794.194
756.95
717.863
680.73
645.454
612.075
589.724
578.27
597.775
651.343
702.232
750.577
794.408
811.01
798.581
765.764
727.707
689.944
654.069
619.989
590.175
572.626
570.718
604.797
670.381
732.686
791.876
823.083
825.515
803.27
766.028
726.671
689.282
653.763
621.075
594.858
580.242
591.269
638.366
694.222
747.285
797.695
818.855
810.053
781.24
742.622
704.679
668.633
634.39
603.887
583.2
576.745
603.545
661.33
716.227
768.378
806.948
818.143
799.091
764.763
725.813
688.064
652.202
618.134
590.224
574.837
578.863
619.913
681.487
739.983
795.553
821.479
819.681
793.4
754.675
716.207
679.663
644.947
612.699
588.542
578.586
596.387
649.42
699.801
747.663
793.032
807.826
795.241
764.315
725.473
687.904
652.214
618.977
590.69
571.166
570.651
603.902
667.609
728.13
785.625
818.595
822.604
798.837
763.235
723.507
685.629
649.645
615.596
590.445
576.323
587.771
634.67
689.878
742.326
792.151
812.541
806.221
775.973
738.417
700.284
664.058
629.643
598.16
577.677
571.299
597.321
657.238
714.159
768.234
807.332
816.777
799.825
765.676
727.392
689.8
654.087
621.383
594.411
576.889
582.593
620.261
681.468
739.615
794.855
822.699
819.852
793.269
756.462
718.639
681.686
646.581
614.252
591.596
580.171
599.171
651.078
700.866
748.165
793.099
809.652
797.406
764.794
726.894
688.646
652.31
617.791
587.999
570.292
568.415
602.619
667.813
729.748
788.587
820.158
824.71
803.125
765.965
726.874
689.737
654.458
621.735
594.825
581.414
592.658
638.972
696.248
750.66
802.352
824.744
817.08
788.533
749.201
710.548
673.828
638.944
608.332
586.761
580.059
605.745
663.277
717.932
769.855
809.389
820.414
801.816
767.921
728.625
691.129
655.509
621.669
594.17
577.828
580.872
621.396
683.977
743.429
799.908
825.858
826.101
799.1
760.986
722.461
685.862
651.093
618.119
593.698
582.938
599.983
652.358
704.795
754.61
801.934
817.083
805.433
774.544
735.363
697.656
661.833
628.288
599.642
579.694
579.266
610.966
674.585
735.024
792.441
826.42
830.24
806.974
771.376
731.818
693.078
656.274
622.472
597.341
582.419
593.23
639.081
695.014
748.15
798.63
820.941
814.684
783.588
745.515
706.728
669.881
634.875
603.132
582.376
574.86
599.997
659.925
716.856
770.941
810.602
820.675
804.484
769.776
730.631
693.272
657.782
624.236
596.039
579.144
583.73
622.357
683.372
741.337
796.403
825.602
823.518
797.997
760.537
721.959
685.308
650.489
617.414
593.983
582.034
600.4
651.329
701.602
749.361
794.733
812.635
800.3
768.519
730.548
692.847
657.032
623.008
592.956
574.999
572.501
605.698
669.561
730.232
787.869
820.254
825.924
804.302
767.139
728.782
691.7
656.473
623.007
596.007
581.995
591.009
637.055
695.111
750.265
802.66
824.112
817.515
789.106
749.651
711.244
674.757
640.094
609.214
586.949
580.14
604.518
662.147
716.895
768.905
808.949
820.24
801.836
768.533
728.722
690.867
654.905
620.776
593.628
576.958
580.53
619.724
682.258
741.665
798.102
824.162
823.864
796.8
759.369
720.755
683.637
648.374
614.875
590.501
580.11
596.709
649.621
699.888
747.641
792.728
808.983
797.919
766.822
728.142
690.781
655.287
622.184
593.035
573.262
572.53
603.761
666.545
726.189
782.851
817.429
822.138
800.151
765.114
726.027
687.813
651.51
618.103
593.165
577.671
588.202
632.94
689.229
742.704
793.505
816.935
810.969
781.308
744.003
705.096
668.134
633.02
600.731
580.074
572.213
597.277
655.789
711.375
764.181
804.878
816.174
800.39
765.798
727.038
689.585
654.005
620.204
591.852
575.068
578.612
616.783
680.1
740.251
797.394
826.095
824.6
799.572
762.081
723.276
686.412
651.391
618.821
594.945
583.011
600.396
650.623
702.232
751.26
797.836
816.229
803.887
772.506
734.065
696.103
660.04
625.78
595.876
577.227
573.83
606.851
669.859
729.717
786.582
819.703
825.666
804.603
767.809
728.796
691.069
655.228
621.18
593.889
579.684
589.436
635.757
693.789
748.92
801.294
823.518
818.435
789.813
750.323
712.24
676.061
641.691
610.661
587.839
581.154
605.389
661.242
714.301
764.708
806.589
818.837
801.386
768.664
729.274
691.267
655.161
621.446
594.549
576.787
579.411
618.759
681.928
741.939
798.95
826.939
826.412
799.454
762.289
722.732
685.154
649.453
615.56
591.543
579.851
595.531
648.852
699.508
747.631
793.089
810.083
801.483
770.252
731.258
693.87
658.351
624.607
594.966
575.226
573.715
603.815
667.468
727.939
785.386
820.606
825.603
804.373
769.218
730.419
692.041
655.582
622.465
597.178
581.803
592.002
635.489
692.728
747.105
798.764
824.121
817.904
787.936
749.864
711.273
674.611
639.783
607.04
586.004
577.49
601.685
658.657
712.782
764.2
804.484
816.936
801.353
766.836
728.494
691.039
655.457
621.654
592.324
575.737
578.218
615.34
679.363
740.185
797.965
826.302
825.449
801.303
763.16
724.156
687.102
651.901
619.305
594.209
582.147
598.714
648.673
700.019
748.797
795.137
813.818
802.406
772.313
733.697
695.976
660.141
626.098
596.512
577.373
573.848
605.406
666.399
724.341
779.387
813.795
821.167
799.253
763.464
724.342
686.886
651.302
617.498
590.948
576.754
585.303
629.932
688.979
745.073
798.363
819.977
814.933
786.281
747.162
709.804
674.314
640.598
608.568
585.599
578.401
600.266
657.696
712.255
764.085
806.431
818.167
801.762
769.373
730.206
692.285
656.26
622.748
595.728
577.349
579.683
617.335
680.228
739.977
796.738
826.705
827.559
800.775
764.12
724.451
686.698
650.834
616.829
593.085
580.555
596.062
647.498
699.237
748.389
795.083
812.857
802.946
771.073
732.519
694.947
659.253
625.344
594.749
574.952
572.49
602.371
665.46
725.394
782.331
817.604
822.361
802.312
766.289
727.975
690.204
654.321
621.605
595.43
579.726
589.274
631.939
688.726
742.674
793.925
819.251
813.425
784.447
746.761
708.18
671.529
636.709
604.464
583.253
574.323
599.063
655.551
709.214
760.194
801.145
814.919
798.865
765.123
726.877
689.302
653.607
619.696
590.408
573.9
575.364
613.92
679.086
740.994
799.806
828.394
828.226
803.987
765.786
726.654
689.479
654.163
621.454
595.99
583.946
598.924
647.795
701.269
752.07
800.33
817.186
805.842
775.888
736.914
698.819
662.629
628.248
599.006
579.17
575.749
606.375
667.681
725.921
781.25
817.257
825.012
803.136
767.666
728.357
690.405
654.35
620.097
593.098
578.32
586.021
631.674
689.464
744.363
796.518
819.085
815.35
787.156
748.282
710.868
675.325
641.558
609.48
586.239
579.126
600.923
658.026
712.275
763.811
806.527
819.067
803.831
771.636
732.69
694.326
657.88
624.623
597.073
578.573
581.079
616.42
680.467
741.312
799.115
829.804
829.721
803.415
766.886
727.034
688.981
652.831
618.682
594.666
581.717
596.694
645.79
697.767
747.146
794.055
811.943
802.637
770.968
733.052
694.794
658.449
623.921
593.387
573.853
570.019
599.94
662.311
721.564
777.854
813.363
819.204
799.957
764.431
725.677
688.593
653.364
620.163
593.787
578.127
586.738
628.115
688.719
746.293
800.989
826.07
820.698
792.86
754.341
715.743
679.076
644.241
612.029
590.333
580.781
603.647
658.405
710.425
759.844
801.575
815.426
799.288
765.843
727.551
689.34
653.04
618.555
589.596
573.074
574.9
612.263
677.917
740.288
799.541
828.187
829.305
804.912
766.618
728.287
691.452
656.459
623.216
597.088
584.672
599.185
648.023
700.804
750.945
798.58
817.879
807.519
778.137
738.701
700.708
664.615
630.327
601.003
580.437
576.291
605.309
665.331
722.351
776.521
813.603
821.534
800.167
765.665
726.082
688.294
618.291
618.291
591.894
576.545
583.582
627.25
686.526
742.838
796.334
820.311
817.073
787.949
749.588
711.095
674.527
639.787
607.797
584.878
576.376
597.825
653.615
706.615
756.965
799.956
813.71
798.573
765.914
727.339
689.663
653.871
619.869
591.597
573.884
575.506
612.017
676.538
737.833
796.063
824.696
825.062
800.404
762.913
723.309
685.685
649.943
616.167
591.476
578.677
592.875
642.273
695.642
746.343
794.509
813.912
804.397
773.855
734.723
696.463
660.115
625.585
595.256
574.806
570.641
600.752
662.357
720.881
776.479
812.854
820.856
801.089
765.624
725.914
688.073
652.124
617.973
591.151
575.519
583.586
626.654
685.803
741.994
795.376
819.648
815.719
788.075
749.825
710.703
673.537
638.23
606.318
583.887
575.168
596.833
652.481
705.347
755.57
798.143
812.103
797.365
764.431
725.242
687.513
651.671
617.62
589.108
571.327
572.697
607.69
672.646
734.354
792.976
823.664
825.875
801.426
764.219
724.6
686.934
651.152
617.159
592.338
579.279
593.32
642.042
695.938
747.138
795.778
815.362
806.297
775.904
737.109
698.579
661.975
627.202
596.919
576.638
572.424
601.088
662.748
721.325
776.974
813.263
820.779
801.148
766.176
726.415
688.487
652.455
618.225
591.424
575.857
583.409
626.07
686.062
743.054
797.197
821.249
817.279
789.597
751.558
712.519
675.433
640.2
607.67
584.898
575.821
597.51
652.967
705.652
755.702
799.409
814.36
799.938
767.221
727.785
689.945
653.996
619.845
591.208
573.236
574.111
609.117
673.407
734.482
792.504
823.254
824.483
800.242
763.203
723.33
685.45
649.464
615.759
590.486
577.766
591.83
641.212
695.761
747.582
796.813
816.452
807.9
777.593
738.714
700.408
664.017
629.446
598.815
578.425
574.003
602.233
662.56
719.871
774.316
811.178
819.307
799.726
764.667
724.967
687.088
651.104
616.919
590.144
574.414
581.534
623.855
682.838
738.871
792.103
818.179
814.515
787.157
748.881
710.101
673.26
638.261
605.795
583.295
574.011
594.708
650.486
703.475
753.814
797.457
810.746
796.831
764.32
725.043
686.944
650.75
616.366
587.75
569.639
570.959
606.945
672.071
792.716
792.716
823.346
825.695
801.463
764.481
724.521
686.558
650.494
616.407
591.423
578.242
592.182
639.254
694.8
747.569
797.7
818.037
809.535
779.085
740.131
701.803
665.392
630.802
599.261
578.616
602.231
602.231
662.615
719.98
774.477
812.027
820.635
766.297
766.297
726.568
688.691
652.708
618.524
591.665
575.551
582.248
624.167
683.996
740.834
794.831
820.653
817.636
790.029
751.971
712.692
675.377
639.927
607.195
584.219
574.628
595.242
650.021
702.06
751.497
794.932
809.707
796.794
764.467
725.333
687.476
651.513
617.347
588.388
570.248
571.102
607.108
671.003
731.703
789.369
821.989
824.7
800.655
764.684
725.267
686.913
650.476
616.769
592.77
578.318
591.656
639.22
693.958
745.96
795.361
815.258
806.965
775.676
736.893
698.365
661.764
626.992
595.643
575.584
569.395
597.722
657.467
714.226
768.146
806.106
813.691
796.064
760.872
721.913
684.901
649.74
616.342
588.735
572.754
579.596
620.32
681.223
739.081
794.046
819.761
815.308
789.296
751.558
713.054
676.476
641.726
609.64
586.994
576.465
596.747
651.298
703.122
752.354
796.073
812.278
797.862
765.381
727.208
689.331
653.347
619.162
590.043
572.692
571.894
607.243
672
733.52
791.964
822.749
826.292
802.974
765.345
727.078
689.981
654.739
621.259
594.69
581.459
593.213
641.094
697.278
750.653
801.359
821.383
813.008
784.373
744.594
706.574
670.455
636.142
604.844
584.237
578.481
605.581
663.621
718.76
771.142
808.7
817.703
798.874
764.339
724.958
687.098
651.132
616.963
590.074
573.855
579.595
620.893
680.983
738.069
792.3
819.582
816.788
789.66
751.703
712.408
675.077
639.613
607.632
584.456
574.419
594.511
648.117
699.043
747.423
791.97
807.838
795.194
763.469
724.592
686.874
651.042
617.001
588.384
570.195
570.091
604.945
669.349
730.533
788.658
819.03
822.152
799.147
762.501
722.699
684.888
648.966
614.902
589.629
575.744
588.47
635.706
690.436
742.429
791.823
812.482
804.503
774.734
736.742
698.649
662.46
628.081
597.069
576.418
570.663
597.388
657.276
714.17
768.218
806.422
815.296
796.888
762.477
723.23
685.755
650.153
616.332
589.166
572.742
578.742
618.534
679.401
737.225
792.158
818.531
816.273
789.452
751.647
712.549
675.406
640.12
607.519
584.415
574.222
593.329
645.445
694.956
741.991
786.29
802.499
789.789
757.965
719.572
682.147
646.593
612.816
584.141
565.964
565.861
599.968
663.864
724.564
782.23
814.627
818.501
795.372
759.02
719.558
682.07
646.456
612.795
587.886
573.936
586.149
632.448
687.585
739.966
789.727
810.613
803.205
773.69
735.006
696.835
660.572
626.123
595.366
574.725
569.228
595.409
654.668
710.965
764.446
802.71
812.388
794.514
760.284
721.075
683.558
647.917
614.058
586.989
570.753
576.125
616.678
678.009
736.272
791.623
818.596
817.109
790.422
752.521
713.755
676.927
641.941
609.285
586.091
575.435
595.148
648.515
699.213
747.377
792.477
808.848
795.877
763.959
724.967
687.26
651.439
617.408
588.285
569.689
569.04
602.97
666.961
727.754
785.507
818.352
822.563
799.59
763.077
723.465
685.834
650.084
616.229
590.721
576.936
588.63
635.584
691.745
745.098
795.783
816.949
809.609
780.085
741.819
703.374
666.85
632.153
600.546
579.547
572.921
599.061
658.209
714.4
767.782
807.097
817.3
799.516
765.133
725.884
688.142
652.287
618.225
590.723
574.279
579.108
619.06
680.723
739.302
794.952
821.647
819.52
793.02
754.9
715.664
678.389
642.979
610.195
586.662
575.585
594.281
646.696
696.49
743.795
788.551
806.006
793.968
762.563
723.684
685.698
649.61
615.327
586.307
567.821
567.302
600.435
662.692
721.835
778.021
811.177
815.567
793.247
757.317
717.984
680.389
644.675
610.746
585.617
571.922
583.555
629.819
686.698
740.732
792.066
813.292
805.935
776.455
738.221
699.808
663.315
628.647
597.215
576.082
569.981
595.79
654.151
709.593
762.263
802.376
812.347
794.404
760.377
721.424
683.898
648.248
614.38
587.358
570.863
575.375
615.007
676.434
734.789
790.227
817.492
815.991
789.159
751.186
712.146
675.058
639.825
606.378
582.775
571.824
589.986
641.284
691.555
739.311
784.68
801.768
789.995
720.449
720.449
682.997
647.417
613.616
584.627
566.129
565.176
598.307
661.575
721.681
778.781
812.171
816.724
794.405
758.426
719.362
681.703
645.927
611.94
586.553
572.451
582.964
628.487
685.276
739.226
790.479
805.605
805.605
776.524
738.183
699.667
663.077
628.315
597.141
575.879
569.01
594.84
652.973
708.198
760.662
799.608
811.093
794.026
760.211
720.911
683.23
647.433
613.426
585.986
569.38
573.943
613.61
675.514
734.323
790.191
816.598
816.683
790.478
752.91
713.724
676.497
641.132
608.272
584.797
574.053
591.949
643.176
693.987
742.258
788.116
805.744
794.108
762.61
724.112
686.697
651.152
617.385
588.353
569.737
568.575
600.933
663.822
723.566
780.323
813.038
818.025
796.39
760.261
720.856
683.217
647.46
613.492
587.757
573.441
583.876
629.597
685.297
738.211
788.48
811.042
805.054
776.301
737.486
699.034
662.505
627.803
596.413
574.994
568.529
592.959
651.254
706.635
759.247
799.37
810.372
793.356
759.781
720.48
682.942
647.281
613.403
585.972
569.348
573.752
612.78
675.607
735.293
791.995
819.242
818.434
792.896
755.374
716.381
679.338
644.147
610.824
587.005
575.983
593.462
644.367
695.903
744.862
791.373
808.613
797.247
765.785
727.106
689.293
653.372
619.246
589.776
570.792
568.718
599.987
664.418
725.628
783.777
817.824
822.675
800.78
764.268
724.849
686.855
650.76
616.471
590.344
575.627
585.738
632.698
689.431
743.328
794.529
816.458
810.849
781.999
743.517
704.99
668.39
633.619
601.938
580.53
573.582
597.486
656.285
712.144
765.21
806.059
817.233
800.307
766.389
726.892
689.219
653.43
619.43
591.684
574.449
577.789
616.772
680.062
740.187
797.306
825.623
824.491
798.33
760.412
721.034
683.626
648.088
614.843
590.902
579.011
595.503
646.432
698.193
747.365
794.078
810.626
799.278
767.792
729.263
691.538
655.699
621.651
592.225
573.068
570.915
602.606
664.421
723.144
778.932
813.553
819.255
797.764
761.961
722.427
684.654
648.768
614.678
588.695
574.211
584.487
628.555
686.378
741.31
793.495
817.851
812.151
783.391
745.016
706.268
669.458
634.488
602.764
580.965
573.766
597.914
653.872
707.032
757.535
799.54
811.266
794.697
761.192
722.194
684.417
648.529
614.436
586.811
569.918
572.975
611.58
675.432
736.092
793.719
822.373
822.044
796.372
758.939
719.483
682
646.391
613.027
588.933
576.978
593.905
645.804
697.306
746.233
792.714
810.359
799.764
768.785
729.746
691.798
655.747
621.499
591.917
572.579
570.402
601.898
664.731
724.422
781.129
816.142
821.909
800.835
765.009
725.393
687.357
651.222
616.895
590.856
575.958
585.562
629.225
687.564
742.986
795.637
819.029
813.31
784.358
746.004
707.515
670.95
636.214
604.617
582.753
574.254
598.198
656.439
711.768
764.33
805.253
817.169
800.628
767.058
727.619
689.754
653.783
619.61
591.51
574.097
577.204
614.837
677.843
737.699
794.562
821.578
821.524
796.148
758.764
719.346
681.899
646.325
588.534
588.534
577.122
593.336
642.743
694.916
744.48
791.566
798.469
798.469
767.588
728.744
690.947
655.039
620.927
591.29
571.928
569.59
599.412
661.896
721.257
777.649
810.977
817.01
796.374
760.715
721.554
683.887
648.104
614.11
588.256
573.59
582.625
626.775
684.78
739.885
792.235
815.676
810.14
781.683
743.312
704.811
668.234
633.487
601.812
579.678
571.912
596.204
652.734
706.438
757.456
798.567
811.069
795.409
762.058
722.713
685.168
649.5
615.615
587.654
570.344
573.656
611.169
673.702
733.109
789.545
819.077
819.961
794.632
757.225
717.62
679.996
644.253
610.557
586.223
574.698
590.712
640.967
692.603
741.657
788.258
806.805
796.533
765.794
727.504
689.853
654.084
620.103
590.409
570.943
568.192
599.777
662.321
721.738
778.184
814.1
820.587
800.145
764.413
724.832
687.092
651.239
617.179
590.603
575.586
584.9
629.488
689.783
747.063
801.479
824.206
817.96
789.455
750.735
711.932
675.07
640.051
607.601
585.23
576.841
600.97
657.517
711.236
762.269
803.286
815.986
800.268
766.987
727.541
689.521
653.402
619.089
590.728
573.167
575.839
612.392
676.292
736.998
794.668
823.553
824.647
799.801
762.317
722.694
685.052
649.292
615.47
590.932
578.886
592.996
643.748
696.186
746.003
793.329
811.663
801.638
770.643
732.11
694.067
657.926
623.593
593.675
573.997
570.584
600.386
662.39
721.293
777.251
812.625
819.23
798.416
762.798
723.09
685.202
615.18
615.18
588.914
573.965
583.169
626.783
685.786
741.839
795.09
819.33
814.811
786.601
748.279
709.252
672.177
636.955
605.107
582.753
574.687
596.429
654.261
709.201
761.394
803.355
815.956
800.319
767.169
727.85
690.082
654.202
620.117
591.932
574.358
576.472
612.804
677.129
738.239
796.292
825.718
825.567
800.443
762.755
723.322
685.86
650.272
616.578
591.828
579.205
594.649
644.508
697.558
747.956
795.834
813.834
803.867
773.22
734.104
695.742
659.297
624.675
594.468
574.587
571.149
600.934
661.691
719.41
774.244
809.727
817.161
796.79
761.2
721.292
683.105
646.828
612.364
585.694
570.198
577.94
620.785
679.965
736.186
789.595
813.306
809.162
781.286
743.175
704.543
667.844
632.979
601.33
579.275
570.771
593.529
649.002
701.7
751.764
794.828
809.468
794.696
761.993
723.033
685.571
649.981
616.172
587.843
570.459
572.565
609.182
673.751
735.091
793.364
822.475
823.797
798.719
761.265
721.94
684.581
649.09
615.515
590.617
578.269
593.421
642.587
695.616
745.992
793.851
813.451
803.49
772.964
733.636
695.467
659.207
624.759
594.425
574.514
570.651
599.812
662.011
721.1
777.235
813.766
820.994
800.583
765.308
725.69
687.613
651.44
617.075
590.465
575.057
582.936
625.799
684.169
739.619
792.298
817.456
813.355
785.485
747.188
708.395
671.541
636.529
604.703
582.257
573.501
595.495
651.575
704.851
755.463
798.164
811.863
797.396
764.676
725.665
688.115
652.443
618.555
590.223
572.278
574.296
610.111
674.49
735.65
793.752
823.234
824.084
799.246
762.062
722.454
684.826
649.08
615.289
590.629
577.987
592.424
641.41
695.363
746.618
795.311
814.469
804.991
774.464
735.741
697.562
661.291
626.834
596.311
576.239
572.328
600.727
662.425
721.038
776.72
813.334
820.853
800.706
765.437
725.704
687.957
652.096
618.03
591.321
575.683
583.044
624.076
683.103
739.178
792.45
818.079
813.989
786.403
748.006
709.173
672.28
637.233
604.771
582.183
573.905
595.606
650.76
703.156
752.932
795.153
808.725
793.557
760.904
721.904
684.624
649.208
615.563
587.247
569.367
570.384
606.602
671.744
733.629
792.42
823.187
824.882
800.439
763.1
723.737
686.227
650.593
616.74
591.87
578.744
592.617
641.217
695.193
746.471
795.185
814.745
805.573
775.223
736.388
698.101
661.728
627.174
596.619
576.416
571.92
600.732
660.961
718.178
772.534
809.115
817.172
797.494
762.562
722.939
685.206
649.359
615.305
588.66
573.088
580.458
622.515
680.993
736.548
789.324
813.425
810.384
783.332
745.04
706.114
669.135
634.005
601.846
579.24
570.472
591.991
646.07
697.445
746.251
789.215
803.542
789.499
757.226
718.602
681.233
645.732
612.007
583.926
566.171
567.205
602.95
667.666
729.146
787.552
818.412
820.554
796.437
759.323
719.858
682.366
646.748
612.929
587.874
574.614
588.211
636.164
690.539
742.195
791.268
811.175
802.27
772.153
733.546
695.529
659.413
625.103
594.588
574.436
569.724
596.936
656.88
713.828
767.928
804.725
812.886
793.809
759.303
720.344
682.997
647.518
613.812
587.242
571.594
578.112
619.95
680.166
737.372
791.717
816.907
813.685
786.389
748.601
709.586
672.521
637.31
604.935
582.374
572.621
592.182
648.618
702.232
753.165
796.412
811.148
797.39
764.976
726.006
688.145
652.178
618.009
589.345
571.134
571.802
606.282
671.625
733.702
792.674
823.147
825.272
801.234
764.053
724.299
686.532
650.653
616.861
591.524
578.355
591.477
639.119
693.501
745.164
794.245
814.024
805.528
775.397
736.627
698.653
662.578
628.306
597.614
577.375
572.36
599.943
659.73
716.527
770.484
807.963
816.245
796.59
761.913
722.773
685.084
649.279
615.265
588.332
572.338
578.633
620.738
681.606
739.43
794.364
819.24
816.612
789.176
750.997
712.049
675.048
639.898
607.486
584.487
574.678
594.908
648.627
699.659
748.139
791.853
807.058
794.097
761.909
723.143
685.569
649.873
615.962
587.26
569.014
569.849
604.84
669.886
731.679
790.383
820.814
823.927
800.18
763.396
724.051
686.35
650.533
616.507
591.129
578
590.87
639.162
694.658
747.379
797.463
816.69
808.201
778.412
739.752
701.359
664.886
630.237
599.317
578.831
573.452
599.829
661.227
719.556
774.967
812.866
821.56
802.307
767.28
727.855
690.058
654.151
620.04
592.673
576.385
582.376
623.384
684.051
741.685
796.437
822.008
819.823
792.485
754.316
715.193
678.027
642.719
609.957
586.871
576.885
596.562
649.956
700.68
748.868
793.413
808.526
795.225
763.268
724.331
686.511
650.581
616.448
587.735
569.548
569.888
603.651
668.747
730.587
789.336
820.187
822.945
799.54
763.025
723.517
685.858
650.082
616.094
590.914
577.128
589.388
636.294
691.368
743.688
793.393
814.071
806.038
776.2
737.39
699.125
662.772
628.237
597.494
576.614
571.172
598.196
657.877
714.574
768.436
807.664
817.049
798.31
763.699
724.196
686.541
650.769
616.786
589.733
573.487
578.989
619.596
680.897
739.132
794.456
820.764
817.163
790.339
752.375
713.339
676.255
641.024
608.506
585.348
575.302
595.042
648.237
698.773
746.782
791.646
807.003
793.732
761.709
723.043
685.178
649.205
615.032
586.413
568.055
567.977
602.072
666.05
726.828
784.568
817.108
820.75
797.687
761.286
721.819
684.076
648.22
614.157
588.903
575.133
587.532
634.797
690.991
744.374
795.089
816.703
808.926
778.968
740.02
701.587
665.076
630.391
599.322
578.525
572.909
600.39
659.459
715.576
768.886
806.112
814.761
797.174
762.871
723.533
685.768
649.891
615.808
588.745
572.498
578.396
619.221
680.907
739.509
795.181
821.714
819.423
792.238
754.144
715.123
678.053
642.836
609.718
586.506
576.021
594.82
647.802
698.134
745.949
790.406
806.09
793.544
761.647
722.898
685.485
649.943
616.177
587.229
568.731
567.727
600.526
665.563
727.349
786.045
818.41
822.3
799.239
762.836
723.048
685.249
649.34
615.292
589.714
576.059
588.007
634.7
690.871
744.234
794.928
816.636
809.048
779.363
740.721
702.2
665.606
630.841
599.884
579.037
573.075
599.051
657.605
713.23
766.075
804.809
813.665
795.796
761.474
722.432
684.922
649.287
615.434
587.988
571.74
577.127
616.929
678.2
736.408
791.706
819.92
817.357
791.439
754.458
716.439
679.778
644.95
612.406
589.85
578.252
597.457
649.234
698.472
745.249
789.688
807.307
794.514
762.397
724.277
686.283
650.189
615.899
586.188
568.736
567.476
599.911
664.685
726.22
784.678
817.075
821.386
799.927
762.904
724.408
687.786
652.996
593.311
593.311
580.443
591.039
636.131
694.028
749.031
801.283
823.251
815.243
786.686
747.378
709
672.542
637.906
607.384
585.736
579.164
604.959
662.33
716.832
768.61
808.61
820.325
801.375
767.788
728.182
690.493
654.689
620.738
593.468
577.024
581.297
622.281
684.344
743.304
799.316
825.939
825.356
798.187
759.986
721.128
684.213
649.144
615.832
591.413
581.378
598.821
651.87
704.375
754.255
801.642
817.002
805.324
773.975
735.276
697.449
661.513
628.437
599.421
579.607
579.146
610.592
673.892
734.027
791.155
824.414
828.09
805.387
769.423
729.861
691.147
654.369
620.56
595.918
580.892
591.932
637.771
693.719
746.869
797.362
819.67
813.064
782.634
744.99
705.951
668.864
633.632
601.249
580.539
573.379
598.576
657.423
713.329
766.439
805.706
815.797
799.347
764.904
726.039
688.74
653.307
619.645
591.4
574.794
579.604
618.095
680.062
738.931
794.856
821.996
819.672
794.666
756.727
718.07
681.346
646.458
613.786
590.28
578.827
596.966
647.99
698.805
747.079
792.939
811.426
798.956
768
729.6
691.971
656.223
622.263
592.391
574.222
571.571
606.156
668.043
726.835
782.688
815.692
821.498
799.677
762.853
724.31
687.055
651.662
618.039
590.993
577.563
587.306
633.026
691.391
746.837
799.512
821.5
815.11
787.14
747.783
709.889
673.89
639.69
609.024
586.699
580.3
604.895
662.223
716.684
768.422
809.583
820.374
802.231
768.827
728.998
690.722
654.36
620.254
593.054
576.248
580.018
620.252
683.011
742.632
799.272
826.913
826.781
799.585
761.872
722.52
684.879
649.119
615.148
590.959
579.808
596.302
649.505
701.657
751.202
798.27
814.16
803.774
772.315
733.699
696.252
660.676
627.642
598.28
578.381
577.169
608.072
671.64
732.03
789.4
824.724
829.185
806.935
771.499
732.924
694.461
657.921
625.025
599.795
584.202
594.791
639.55
695.249
748.163
798.432
821.553
815.006
785.046
747.322
708.189
671.013
635.696
603.271
582.551
574.696
599.534
657.014
711.621
763.497
804.747
816.361
800.541
765.835
727.161
689.609
653.935
620.044
591.319
574.738
578.182
616.909
680.766
741.43
799.061
827.104
825.894
801.151
762.4
722.989
685.548
649.979
617.48
592.855
581.304
598.987
648.871
701.04
750.6
797.683
816.377
804.301
773.354
734.686
696.654
660.524
626.2
596.579
577.899
574.905
607.314
667.452
724.583
778.857
812.662
819.708
797.909
761.66
723.577
686.071
650.44
616.591
589.901
576.177
585.512
631.117
690.477
746.869
800.442
822.385
817.81
789.613
750.132
712.626
676.994
643.145
611.809
588.826
582.179
605.444
661.241
714.248
764.605
806.913
818.564
801.154
768.438
729.043
690.71
654.294
620.606
593.639
575.964
578.848
617.8
680.829
740.706
797.59
827.116
827.391
800.588
763.413
723.786
685.923
649.953
615.782
591.686
580.08
596.248
648.153
699.869
748.999
795.672
812.892
803.143
771.635
733.053
695.831
660.47
626.876
596.794
576.994
575.543
605.548
668.804
728.896
785.984
821.443
826.027
805.162
769.494
730.618
692.519
656.325
623.107
597.297
581.506
591.318
633.717
692.579
748.498
801.621
825.653
818.657
789.232
751.277
712.408
675.483
640.404
607.708
586.84
577.67
602.256
660.233
715.312
767.637
807.751
820.17
804.248
769.466
731.155
693.44
657.611
623.573
594.32
577.902
580.591
618.591
683.129
744.44
802.685
830.291
830.266
805.54
767.131
727.823
690.481
655.006
622.256
597.285
585.401
601.499
650.868
703.394
753.294
800.698
819.277
807.319
776.929
737.904
699.683
663.374
628.88
599.49
579.895
576.626
607.228
669.674
728.998
785.356
819.916
827.072
804.754
768.602
729.282
691.21
655.042
620.681
593.69
579.215
587.266
632.433
692.264
749.103
803.1
825.15
820.466
791.992
752.746
714.666
678.489
644.122
612.595
589.477
582.378
604.47
660.976
714.657
765.654
807.241
818.831
802.873
770.715
731.835
693.483
657.048
623.851
596.905
578.601
581.709
616.991
680.161
740.173
797.184
827.103
827.583
801.06
764.388
724.461
686.423
650.287
616.065
592.482
579.956
595.634
646.721
697.654
746.041
792.008
810.127
801.894
770.006
731.506
693.774
657.929
623.875
593.254
573.915
571.079
601.123
663.581
722.917
779.285
814.763
820.772
801.319
765.868
727.062
689.412
653.644
620.45
594.218
578.706
588.326
630.983
689.101
744.314
796.766
821.489
815.582
787.043
749.28
710.71
674.068
639.258
606.935
585.779
576.899
600.631
655.767
708.146
757.906
798.962
812.976
797.467
763.658
725.314
687.419
651.419
617.219
588.227
572.126
573.888
610.601
675.632
737.413
796.104
825.233
825.602
801.198
762.876
724.187
652.515
652.515
619.889
594.335
582.633
597.581
646.399
700.148
751.211
799.72
817.293
806.4
776.534
737.328
699.316
663.206
628.901
599.441
579.524
576.193
607.188
667.535
724.865
779.329
815.381
822.965
800.894
765.842
726.218
688.479
652.626
618.567
592.314
577.498
585.332
630.226
689.883
746.556
800.396
824.193
820.161
791.473
752.98
715.331
679.565
645.586
613.307
590.175
582.049
604.293
661.365
715.583
767.089
810.278
822.218
807.186
774.334
735.618
697.345
660.986
627.937
600.21
581.509
584.256
619.966
683.922
744.679
802.398
833.598
833.232
807.475
770.581
730.737
692.296
655.776
621.673
597.925
584.68
600.117
649.763
702.562
752.722
800.374
819.494
810.535
778.192
739.932
701.332
664.662
629.826
598.335
579.184
575.258
604.937
666.798
725.565
781.394
816.547
823.841
804.484
768.722
729.501
692.21
656.783
623.159
596.332
580.884
589.321
630.207
689.577
745.978
799.559
824.716
819.191
791.658
753.322
714.856
678.313
643.597
611.417
589.168
579.413
601.369
656.965
709.782
759.957
801.825
816.473
800.916
767.507
729.132
691.086
654.941
620.604
591.33
574.598
575.311
612.703
678.759
741.512
801.128
830.137
831.716
807.265
768.879
730.435
693.482
658.377
625.027
598.946
586.726
600.593
650.394
704.457
755.816
804.607
824.13
813.944
783.649
743.663
705.573
669.388
635.012
605.34
584.159
579.758
609.282
669.779
727.251
781.85
819.147
826.69
805.077
770.23
730.105
691.957
655.716
621.287
595.01
579.192
586.385
629.824
689.76
746.701
800.794
824.912
821.603
792.727
754.474
716.75
680.419
645.906
613.117
590.234
581.579
601.004
657.866
763.203
763.203
819.046
819.046
772.19
772.19
733.31
659.561
659.561
626.312
598.021
579.265
581.289
616.302
681.637
743.705
802.67
832.805
833.221
808.383
771.398
732.189
693.868
657.463
623.951
599.776
585.938
599.784
647.832
700.93
751.372
799.292
819.409
809.986
778.349
740.238
701.153
664.022
628.747
597.31
578.279
573.433
602.756
663.961
722.106
777.344
813.369
821.06
802.224
766.439
727.541
690.222
654.769
621.089
593.663
578.412
585.881
627.546
688.242
745.903
800.681
825.729
820.858
793.934
755.639
716.849
679.999
644.991
613.173
590.44
580.618
602.451
656.451
707.751
756.486
799.53
813.96
798.23
765.875
727.137
689.473
653.693
619.701
590.912
573.637
573.917
610.199
675.474
737.485
796.396
826.764
829.261
804.312
766.338
728.022
691.62
657.039
624.187
598.007
585.562
598.634
648.553
703.672
756.034
805.778
824.392
815.281
785.627
745.874
707.999
672.018
637.945
607.868
586.315
582.498
610.127
670.03
726.937
780.998
819.18
826.965
806.193
771.805
732.196
693.737
657.201
623.322
597.137
581.002
628.968
628.968
688.372
798.418
798.418
824.584
821.533
754.663
754.663
715.544
643.075
643.075
610.141
587.697
578.248
598.972
654.456
707.166
757.24
799.949
813.771
801.163
768.266
729.409
692.021
656.503
623.235
594.656
576.272
577.686
611.948
677.52
739.814
798.992
830.211
831.497
807.746
770.925
731.964
693.92
657.779
624.475
599.76
585.578
599.568
646.959
700.733
751.818
800.348
819.766
810.34
779.07
740.936
702.176
665.353
630.371
598.853
579.278
574.243
602.871
661.7
717.588
770.682
806.721
816.327
797.906
762.354
724.236
687.29
652.191
618.847
591.168
575.955
582.407
623.921
685.534
744.066
799.672
824.297
821.238
795.164
756.389
717.504
680.563
645.469
613.545
590.209
580.394
600.88
654.43
705.303
753.632
797.204
813.011
798.208
766.202
727.309
689.558
653.695
619.625
591.391
573.63
573.751
609.637
673.821
734.796
792.723
823.161
826.626
802.041
764.826
725.879
688.027
652.067
617.906
592.156
579.692
592.049
640.46
696.09
748.938
799.144
818.723
810.887
781.154
742.045
704.861
669.536
635.977
605.809
584.114
579.824
606.757
666.994
724.219
778.583
818.437
826.964
807.315
773.18
733.733
695.168
658.532
624.817
598.685
581.698
588.484
629.911
689.451
746.014
799.749
826.434
823.903
795.26
757.57
718.048
680.503
644.834
611.085
588.884
579.027
599.266
654.904
707.76
757.973
802.075
817.037
804.725
771.612
733.032
695.368
659.587
625.596
596.438
577.759
578.511
612.148
677.394
739.378
798.263
830.359
832.074
808.952
772.056
732.68
695.026
659.255
625.52
600.545
586.159
599.312
645.266
699.888
751.779
801.076
822.859
813.732
783.371
745.219
706.924
670.545
635.984
604.185
584.466
578.254
606.022
665.517
722.037
775.731
812.52
822.056
803.4
767.512
729.136
691.365
655.482
621.393
593.068
578.231
583.686
624.855
687.092
746.217
802.385
826.759
824.062
797.923
758.925
720.369
683.74
648.943
617.338
593.395
583.602
602.743
655.832
706.722
755.068
800.996
816.424
801.964
770.471
731.129
693.324
657.408
623.289
594.657
576.054
575.995
611.043
675.177
736.105
793.986
825.574
829.75
805.045
768.13
728.703
690.585
654.372
619.97
594.464
581.073
593.292
641.737
696.892
749.289
799.067
819.068
812.47
782.615
743.484
706.31
670.995
637.445
606.588
584.899
580.036
605.584
665.646
722.706
776.912
816.288
824.806
806.303
772.37
733.336
694.493
657.593
624.298
597.673
580.382
586.971
627.374
687.984
745.563
800.263
827.074
823.739
795.903
758.573
719.259
681.708
646.035
612.348
590.073
579.266
598.655
652.823
704.283
753.17
798.263
813.998
801.139
768.057
729.654
691.733
655.708
621.485
591.602
573.594
573.377
607.798
672.931
734.807
793.589
825.201
828.418
806.846
769.868
730.618
693.33
657.907
624.259
598.612
584.604
597.043
641.229
696.333
748.682
798.413
819.973
811.338
781.952
743.388
705.198
668.917
634.451
603.198
582.854
576.257
603.676
662.284
717.962
770.855
809.203
820.06
801.088
766.124
727.818
689.855
653.791
619.531
591.705
576.144
580.489
623.391
685.609
744.716
800.868
826.572
825.668
799.684
760.665
722.084
685.432
650.612
618.081
593.608
583.778
601.971
654.12
705.237
753.797
799.93
815.214
801.937
771.02
731.489
693.889
658.169
624.281
596.084
576.744
575.974
609.18
672.716
733.074
790.415
823.053
826.988
802.419
766.416
726.641
688.773
652.798
618.622
593.41
579.444
590.897
638.152
694.257
747.557
798.191
818.474
811.99
781.836
743.209
705.29
669.267
635.046
603.293
581.777
576.161
601.432
661.109
717.801
771.659
811.04
819.706
802.227
768.318
729.902
691.633
655.278
622.514
595.52
578.213
583.818
622.936
683.746
741.516
796.396
824.903
822.211
794.872
757.648
718.623
681.408
646.054
612.608
590.255
578.653
597.68
650.123
699.944
747.274
791.2
808.568
796.62
764.35
726.133
688.312
652.383
618.249
588.234
570.502
569.347
602.92
668.359
730.527
789.586
822.293
826.01
804.387
767.111
727.994
690.833
655.529
622.343
596.123
582.004
593.474
638.673
695.59
749.661
801.028
823.001
814.448
785.683
746.924
708.481
671.959
637.264
606.602
585.493
578.63
604.931
662.377
716.951
768.796
806.847
819.027
800.251
765.811
727.204
689.456
653.595
619.527
591.629
575.881
580.115
620.395
683.167
742.801
799.454
825.956
825.073
798.542
759.777
721.788
685.699
651.414
618.843
594.217
584.227
601.562
654.052
705.937
755.229
802.055
818.111
805.784
774.982
735.862
697.979
661.989
628.519
600.049
580.252
579.666
612.087
675.435
735.616
792.787
826.99
830.832
806.762
770.762
730.327
691.884
655.363
620.699
594.857
581.37
593.171
639.092
695.58
749.244
800.224
822.009
815.458
784.819
746.395
707.923
671.374
636.653
604.449
583.14
576.424
601.805
717.883
717.883
771.607
811.628
820.836
804.198
769.973
731.474
693.763
657.938
625.041
597.077
579.545
584.128
622.29
684.375
743.356
799.388
827.714
826.01
799.698
762.517
723.435
686.153
650.734
617.242
594.142
581.725
600.515
652.048
701.753
748.973
793.833
811.95
800.249
767.638
729.481
691.346
655.119
620.703
590.532
572.899
570.461
604.056
668.188
729.113
786.992
819.499
825.103
803.62
766.176
727.619
690.982
656.177
623.112
596.652
582.608
593.045
637.557
695.405
750.36
802.567
824.859
817.325
789.077
749.942
711.184
674.364
639.384
608.602
586.85
579.689
604.996
662.078
716.305
767.82
808.283
820.09
801.836
768.176
728.701
690.706
654.612
620.321
592.754
576.016
578.934
618.057
681.654
742.071
799.467
826.78
826.911
800.155
761.428
722.853
686.188
651.356
618.266
594.226
583.485
600.354
651.715
703.64
752.968
799.829
816.197
805.49
774.927
735.841
697.9
661.857
628.424
599.45
579.639
578.764
610.03
671.909
730.694
786.54
821.29
825.763
802.96
767.548
728.035
689.546
652.982
619.197
594.462
579.433
589.469
634.729
691.195
744.838
795.798
812.965
812.965
782.882
745.064
706.192
669.264
634.183
601.861
580.917
573.673
597.812
656.356
711.973
764.809
805.847
817.14
801.384
766.935
727.707
690.252
654.67
621.056
592.529
575.486
579.562
617.044
680.041
739.889
796.744
823.278
823.278
797.691
760.249
721.488
684.542
649.443
616.223
592.407
579.79
597.542
648.528
698.586
746.141
791.318
810.473
798.301
766.726
728.711
690.961
655.098
621.028
591.067
572.67
569.856
602.481
664.209
722.851
778.561
811.878
817.832
796.988
760.474
722.231
685.495
650.597
617.443
590.467
576.862
586.194
630.482
689.743
746.041
799.524
821.679
815.097
787.825
748.465
710.087
673.629
638.993
608.319
585.915
578.842
602.789
659.707
713.78
806.633
806.633
818.912
801.268
768.214
728.497
690.549
654.497
620.249
592.999
575.906
578.916
617.299
680.799
741.124
798.433
826.763
827.231
800.575
762.833
723.937
686.476
650.888
617.079
592.527
597.143
597.143
648.715
701.131
750.925
798.23
814.301
804.029
772.728
734.092
696.52
660.827
627.786
598.415
578.305
577.225
606.282
669.224
729.018
785.823
821.549
826.384
804.644
769.427
730.516
691.673
654.772
621.594
596.439
580.485
590.57
634.492
692.309
747.235
799.415
822.897
816.429
748.811
748.811
709.436
672.03
636.494
603.907
582.854
574.756
598.576
656.082
710.713
762.612
802.579
814.528
799.413
765.176
726.917
689.338
653.638
619.723
591
574.184
577.471
614.597
678.905
739.998
798.036
826.963
825.997
801.306
763.614
724.736
687.192
651.526
618.251
594.502
582.838
599.099
649.385
700.936
749.909
796.434
813.73
802.464
771.004
732.453
694.442
658.331
624.025
594.191
574.778
571.774
602.16
664.049
722.844
778.7
814.253
820.325
799.052
763.421
723.789
686.086
650.268
616.24
589.995
575.215
584.73
629.666
687.296
742.045
794.056
818.54
813.212
784.724
746.215
707.471
670.664
635.697
603.912
582.091
574.403
598.288
655.297
709.456
760.907
802.34
814.574
798.438
764.986
688.411
688.411
652.777
618.925
590.967
573.748
576.684
614.551
678.769
739.775
797.731
826.719
826.522
800.785
723.834
723.834
686.499
617.336
617.336
593.161
580.836
596.9
647.737
700.144
749.93
797.226
815.473
805.118
774.064
734.921
696.907
660.794
626.487
596.435
576.772
574.023
604.965
667.496
726.9
783.334
818.617
824.949
803.776
767.802
728.2
690.25
654.197
619.946
593.718
578.798
588.029
632.02
690.394
745.85
798.533
822.054
816.751
788.01
749.648
710.718
673.734
638.6
606.67
584.553
576.817
600.553
657.374
711.354
762.635
804.355
817.696
801.551
767.974
728.669
690.867
654.955
620.839
592.774
575.314
577.324
613.839
676.889
736.787
793.689
822.971
823.104
798.051
760.113
720.592
683.047
647.379
613.711
589.254
577.556
592.582
643.947
695.723
744.909
791.636
811.488
801.046
770.326
731.452
694.266
658.939
625.378
595.547
577.211
574.135
605.34
666.261
724.136
779.118
813.819
822.161
800.864
764.938
726.347
688.343
652.24
617.941
591.099
576.978
584.9
628.009
688.945
746.835
801.831
825.156
820.592
793.079
753.785
716.147
680.391
646.424
615.109
591.665
583.519
603.853
659.854
713.056
763.598
807.794
819.649
803.747
771.86
732.242
693.897
657.469
623.57
596.202
577.637
580.357
617.747
682.092
743.22
801.292
832.341
833.29
806.638
769.732
729.715
691.434
655.067
620.784
596.467
584.268
598.742
648.7
700.231
749.185
795.692
814.244
805.663
774.743
736.005
698.62
663.104
629.364
598.851
578.751
575.619
604.094
666.656
726.09
782.552
818.971
825.259
805.206
770.151
731.643
693.249
656.774
623.935
597.922
581.644
590.168
632.234
690.783
746.405
799.246
824.942
819.744
790.667
752.8
714.173
677.477
642.616
609.683
587.991
578.492
601.843
658.56
712.441
763.629
804.538
819.621
804.777
770.528
732.002
693.908
657.719
623.339
593.735
576.975
578.292
614.491
680.409
743.031
802.521
831.592
832.06
807.91
770.337
731.215
694.049
658.742
625.805
599.835
587.288
601.722
649.603
704.117
755.906
805.105
824.103
812.695
782.614
743.483
705.112
668.659
634.029
603.71
583.648
578.863
609.545
669.367
726.198
780.187
816.759
825.407
804.25
768.499
729.162
690.965
654.678
620.206
592.962
578.388
585.403
629.8
690
747.19
801.521
825.003
821.548
793.71
754.648
716.915
681.07
647.016
615.331
591.778
583.964
604.618
660.392
713.377
763.712
807.237
819.959
805.031
772.903
733.764
695.342
658.841
625.405
597.574
578.905
581.344
616.915
680.224
740.367
797.504
829.082
830.605
804.707
768.233
728.509
690.334
654.069
620.052
595.839
582.918
596.694
646.213
699.911
750.924
799.387
818.702
810.173
778.449
739.527
701.241
664.87
630.318
598.802
578.75
574.964
603.092
664.738
723.302
778.937
816.453
822.137
802.988
767.558
729.18
691.441
655.59
622.81
595.738
579.384
587.419
629.078
687.144
742.307
794.712
819.764
816.508
788.675
751.249
712.909
676.485
641.883
609.174
587.554
578.057
600.129
654.558
706.265
755.387
796.224
811.625
796.914
763.444
725.322
687.354
651.284
617.018
587.773
571.117
571.86
608.718
675.267
738.488
798.549
826.881
830.024
806.448
768.284
729.394
692.449
657.351
624.484
598.353
585.769
599.359
647.284
702.604
755.157
805.082
824.475
814.469
784.826
745.186
706.789
670.312
635.659
605.955
585.258
580.389
609.185
668.842
725.516
779.357
816.651
825.381
803.721
768.948
729.307
691.24
655.076
620.72
594.001
578.581
585.065
627.633
688.337
746.005
800.789
825.347
822.51
794.143
755.148
717.391
681.522
647.445
615.073
591.474
582.337
603.846
658.972
711.341
761.093
805.297
818.22
804.144
772.13
733.523
695.671
659.71
626.725
598.829
579.805
581.251
616.048
679.825
740.414
797.974
829.768
830.792
805.712
769.489
730.021
691.455
654.817
621.082
597.114
583.323
597.362
645.605
698.693
749.126
797.037
817.485
809.055
777.434
739.338
700.823
664.234
629.474
598.001
578.276
573.344
601.76
662.125
719.471
773.95
811.321
819.098
800.973
765.707
726.673
689.443
654.075
620.622
593.376
577.324
584.089
624.447
685.064
742.65
797.357
823.361
818.761
791.888
753.621
714.852
678.02
643.03
610.879
588.292
578.146
599.997
653.21
703.762
751.787
794.486
810.251
796.277
763.695
725.511
687.929
652.226
618.308
589.274
572.299
572.283
608.524
672.956
734.166
792.316
823.308
825.925
802.437
764.658
726.052
689.24
654.269
621.046
594.72
582.143
594.714
643.042
699.224
752.596
803.299
822.635
813.189
784.076
744.59
706.85
670.997
636.937
606.867
585.315
580.472
608.373
667.621
723.907
777.379
815.868
824.646
803.565
769.079
729.063
691.015
654.868
620.563
593.76
577.097
583.423
626.125
685.178
741.278
794.573
819.907
817.992
789.842
751.93
713.438
676.87
642.13
609.216
586.291
577.215
596.67
651.948
704.463
754.352
799.107
813.095
768.563
768.563
729.799
692.238
656.555
623.391
595.228
576.051
577.088
610.589
675.822
737.792
796.665
828.619
830.839
806.619
770.536
731.476
692.987
656.423
623.069
598.794
584.259
597.446
644.379
698.531
749.975
798.846
820.275
812.025
780.962
742.907
703.954
666.948
631.792
600.203
580.556
574.703
602.453
663.135
720.782
775.547
813.241
821.802
803.834
767.814
729.424
691.911
656.275
622.42
594.36
578.432
584.472
624.89
685.176
742.447
796.854
823.493
820.306
794.217
756.1
717.541
680.911
646.111
614.323
591.19
581.339
601.794
653.958
703.514
750.592
794.834
811.98
797.391
764.929
726.439
689.014
653.46
619.684
590.688
573.084
572.38
608.212
672.622
733.81
791.94
822.859
827.137
803.311
765.703
726.876
689.436
653.868
620.078
593.707
580.584
592.319
640.44
696.692
750.132
800.9
820.572
812.528
783.45
743.8
705.912
669.919
635.946
605.803
584.078
579.313
606.082
664.828
720.638
773.656
812.64
822.038
802.354
768.578
729.08
690.764
654.364
620.577
594.328
577.528
583.257
624.146
684.31
741.466
795.765
821.494
819.719
791.579
754.064
715.04
677.887
642.592
609.062
586.127
576.868
595.971
649.667
700.678
749.139
793.728
795.976
795.976
763.855
724.755
687.513
652.133
618.521
571.067
571.067
571.351
603.954
668.965
730.725
789.398
822.395
824.916
802.049
765.722
726.776
688.476
652.091
618.827
594.041
579.204
591.668
637.099
692.232
744.609
794.367
816.932
808.498
778.264
740.716
702.399
665.998
631.417
599.846
579.919
573.371
600.686
659.214
714.815
767.637
804.98
814.473
797.161
761.873
723.779
686.445
650.977
617.283
589.158
573.307
579.144
619.734
682.794
742.702
799.615
825.92
823.484
797.708
759.096
720.18
683.21
648.088
615.919
592.207
581.736
600.504
652.477
704.019
752.983
799.498
815.957
802.143
770.601
731.393
693.621
657.737
623.647
594.954
576.398
575.5
608.83
673.093
734.144
792.142
824.131
828.533
804.613
767.61
728.672
690.987
655.185
621.174
595.033
581.672
592.728
640.068
696.782
750.66
801.844
822.867
815.963
786.553
747.226
709.864
674.371
640.653
609.934
587.826
582.548
607.809
666.91
723.056
776.394
816.099
825.341
807.274
773.656
734.221
695.593
658.895
625.199
598.747
581.17
586.669
626.652
688.24
746.748
802.331
829.609
827.97
799.798
762.393
722.554
684.647
648.635
614.484
591.65
580.729
599.223
652.713
703.528
751.803
796.885
812.837
801.257
768.733
730.296
692.916
657.406
623.671
593.573
574.917
574.611
607.477
672.821
734.898
793.871
826.667
830.025
808.051
732.061
732.061
694.586
658.984
625.556
599.897
585.058
596.648
642.044
697.344
749.879
799.788
822.453
814.206
784.582
746.382
707.988
671.514
636.863
605.02
584.523
577.071
603.779
662.545
718.372
771.409
810.029
821.373
803.732
768.749
729.93
657.055
657.055
623.327
594.354
578.712
582.257
624.31
688.939
750.338
808.666
834.839
833.031
806.809
767.592
728.565
656.267
656.267
623.685
599.041
588.425
605.995
658.017
710.544
760.445
807.85
824.728
811.206
779.955
739.987
701.756
665.437
630.933
602.048
582.907
580.759
613.424
676.849
737.102
794.343
827.61
832.61
808.773
772
732.469
694.327
658.091
623.667
597.584
584.095
595.01
641.024
698.033
752.191
803.641
824.739
818.764
788.929
749.483
712.009
676.408
642.588
611.231
588.923
582.835
607.3
665.888
721.547
774.422
815.492
825.476
808.024
774.471
735.202
696.167
659.083
625.584
598.376
580.566
585.718
625.208
687.365
746.415
802.512
830.341
828.625
801.034
764.053
724.211
686.253
650.192
616.044
592.986
581.212
599.123
652.219
702.849
750.946
796.639
813.797
802.515
770.021
731.952
693.961
657.868
623.581
593.195
574.912
573.424
605.469
670.015
731.333
789.586
823.432
827.201
805.964
769.202
730.189
692.922
657.518
624.09
598.349
583.793
594.86
638.7
696.108
750.647
802.458
825.725
817.941
788.704
750.073
711.792
675.426
640.877
608.833
587.879
580.391
606.087
664.157
719.323
771.732
810.907
823.232
805.706
771.027
732.07
693.842
657.526
623.025
594.18
578.276
581.72
621.982
686.53
747.85
806.104
832.907
833.064
806.819
767.362
728.994
692.544
657.917
625.021
599.865
588.871
605.361
656.403
708.294
757.591
804.423
821.167
809.19
778.686
738.885
700.968
664.947
630.832
601.948
581.662
579.723
611.756
676.131
737.287
795.385
829.26
834.119
810.298
774.225
733.983
695.521
658.983
624.503
598.684
583.883
593.491
639.893
696.619
750.51
801.705
823.529
818.172
788.552
750
711.807
675.523
641.054
609.001
586.633
580.118
603.521
661.684
716.939
769.432
810.378
820.647
804.285
770.922
732.376
694.23
657.991
625.092
597.707
579.794
584.502
621.709
682.781
740.799
795.917
827.024
825.86
799.355
762.435
723.348
685.756
650.045
616.577
593.422
581.276
598.062
649.088
700.934
750.187
796.978
815.245
804.085
771.523
733.32
695.283
659.148
624.82
594.227
575.789
573.097
604.71
668.38
728.866
786.328
820.979
826.16
805.368
768.377
728.958
691.509
655.933
622.242
595.347
580.842
590.722
634.359
692.068
746.891
798.974
821.859
814.733
786.798
748.266
709.962
673.573
639.003
607.861
586.284
578.083
602.762
658.711
711.863
762.358
803.294
815.824
798.203
764.352
725.512
687.54
651.467
617.198
589.241
572.84
575.38
613.673
677.541
738.215
795.856
823.926
824.5
798.63
760.085
721.626
685.09
650.382
617.862
592.643
581.861
597.969
649.302
702.34
752.726
800.593
818.149
807.039
776.767
737.419
699.43
663.339
629.663
600.882
580.567
578.427
609.107
671.732
731.226
787.745
823.882
829.583
806.584
771.109
731.179
692.906
656.547
622.345
596.746
581.563
590.72
634.491
691.925
746.487
798.321
822.157
817.726
787.595
749.02
710.382
673.676
638.805
606.352
584.637
577.313
600.44
659.09
714.808
767.74
810.21
820.745
805.433
771.498
732.253
694.466
658.569
624.97
596.83
578.998
583.014
619.616
682.799
742.824
799.847
829.068
827.616
801.851
764.663
725.831
688.41
652.859
619.618
596.019
583.137
599.822
648.731
700.07
748.841
795.174
813.617
802.567
770.741
732.566
694.245
657.84
623.256
592.802
574.074
570.715
601.958
663.389
721.747
777.188
811.511
817.921
797.692
761.201
723.141
686.433
651.561
618.433
591.548
577.213
586.609
630.109
689.47
745.863
799.436
822.864
816.485
789.052
749.599
710.867
674.072
639.116
607.936
585.576
578.179
601.651
656.551
708.707
758.255
800.02
813.192
796.216
763.145
724.03
686.814
651.459
617.872
589.991
573.221
575.244
613.466
677.531
738.393
796.211
825.164
825.959
799.597
761.691
723.92
686.434
650.823
616.992
592.056
580.4
595.964
646.882
700.325
751.096
799.329
816.573
806.778
776.36
737.542
699.911
664.161
630.953
601.636
580.734
578.826
607.835
668.701
726.525
781.457
818.079
823.819
802.031
767.114
727.732
689.2
652.595
618.938
593.522
577.769
586.044
630.571
688.667
743.859
796.291
820.861
815.919
786.044
748.175
709.068
671.916
636.621
603.853
582.396
574.752
597.835
655.1
709.501
761.182
802.733
814.781
800.137
766.263
727.55
690.591
655.48
622.124
593.611
576.247
579.213
615.162
679.209
740.053
797.856
827.137
826.438
802.075
764.868
726.218
689.116
653.87
620.77
596.682
583.654
599.297
648.248
700.443
750.029
797.136
816.402
805.472
774.085
735.877
697.742
661.513
627.096
596.166
577.402
573.23
604.189
665.861
724.45
780.11
814.788
822.361
801.652
765.147
726.889
689.555
654.087
620.392
592.987
578.497
586.76
630.242
689.611
746.012
799.593
822.994
818.236
790.857
751.691
713.137
676.51
641.715
610.665
587.719
579.991
602.236
657.069
709.16
758.646
801.352
813.688
797.294
764.747
725.373
687.829
652.162
618.279
590.699
573.16
575.307
613.189
675.791
735.263
791.761
820.826
822.502
796.671
759.495
720.621
683.084
647.424
613.548
588.874
576.872
591.057
640.301
694.463
745.917
794.799
812.97
803.721
773.235
734.573
697.412
662.108
629.003
599.205
578.607
575.77
604.935
665.527
723.09
777.774
813.675
819.874
799.436
764.945
726.087
687.457
650.758
617.609
592.187
575.888
584.56
627.275
684.465
738.796
790.41
816.32
812.179
783.116
745.535
706.545
669.504
634.316
601.481
580.286
571.588
593.33
648.696
701.294
751.261
793.535
807.063
792.277
758.653
720.721
683.504
648.147
614.559
585.592
568.706
570.846
608.198
672.475
733.537
791.546
821.909
821.737
798.181
761.022
722.245
685.364
650.327
617.085
592.548
579.82
595.083
643.88
696.847
747.165
794.967
815.537
804.864
774.491
736.046
698.085
662.022
627.762
597.169
577.77
572.834
603.083
664.367
722.586
777.894
812.513
820.403
799.941
763.761
725.187
687.488
617.652
617.652
589.939
574.971
582.686
627.357
687.184
744.02
798.014
821.901
817.992
790.988
752.055
714.044
677.935
612.235
612.235
580.502
580.502
601.542
656.273
708.267
757.662
801.174
814.409
798.602
766.552
727.4
689.383
653.267
619.778
592.01
574.078
575.406
611.748
676.13
737.292
795.396
825.79
827.723
801.688
764.849
725.218
687.394
651.461
617.325
592.771
580.249
593.065
640.933
694.681
745.74
794.247
812.328
804.39
773.671
734.612
697.119
661.501
627.664
597.282
576.294
572.864
601.185
662.981
721.687
777.458
814.894
821.804
802.368
767.747
728.838
690.338
653.763
620.553
594.596
578.176
585.906
627.283
687.012
743.755
797.66
823.646
819.112
790.5
752.935
714.1
677.207
642.158
608.938
587.324
576.904
598.699
653.351
705.27
754.594
796.814
811.372
797.521
763.844
725.652
688.043
652.314
618.372
588.892
571.924
572.593
607.415
674.457
738.148
798.653
829.97
830.774
769.347
769.347
729.569
691.78
655.881
623.087
597.641
584.718
598.604
646.079
700.67
752.532
801.801
821.923
811.186
781.103
742.047
703.873
667.608
633.156
602.778
583.02
577.951
607.219
666.934
723.664
777.557
814.209
823.109
802.675
767.01
727.847
689.829
653.713
619.402
591.762
576.722
582.783
626.367
687.178
744.948
799.83
824.102
820.666
793.426
754.098
716.393
680.573
646.545
614.645
590.794
581.967
602.194
656.454
708
756.969
801.573
814.658
800.108
768.496
729.308
691.048
654.7
621.202
593.172
574.705
576.219
611.69
676.427
737.927
796.352
827.663
829.689
804.07
767.737
727.588
689.395
653.111
618.693
594.262
580.946
594.421
643.228
697.204
748.48
797.193
816.785
808.992
777.887
738.993
701.06
665.023
630.789
599.249
578.671
574.711
601.118
661.888
719.619
774.463
811.876
819.667
800.92
765.847
727.206
689.26
653.211
620.202
593.715
577.286
584.534
625.331
685.317
742.304
796.441
822.778
818.462
790.815
753.4
714.839
678.206
643.405
610.347
588.779
578.096
599.414
652.898
703.707
751.975
794.867
810.169
796.412
763.122
725.823
687.979
652.028
617.874
588.219
571.311
571.472
607.332
672.382
734.18
792.887
822.874
825.812
803.122
765.32
726.489
689.598
654.553
621.825
595.843
582.988
596.164
643.409
699.187
752.175
802.514
822.808
813.292
783.788
744.599
705.966
669.265
634.4
604.122
583.22
577.623
605.395
664.821
721.277
774.91
812.927
822.616
802.23
767.405
727.781
689.919
653.951
619.781
592.539
577.251
583.157
624.522
684.514
741.507
795.649
819.918
817.629
790.567
752.177
713.929
677.594
643.076
610.482
587.138
578.46
598.088
652.874
704.922
754.367
799.93
814.049
800.768
769.382
730.913
692.94
656.866
624.022
596.173
577.132
578.342
612.393
677.109
738.59
796.996
829.855
832.022
807.25
771.12
731.416
692.67
655.861
621.92
597.435
583.25
596.303
644.411
698.951
750.764
799.987
820.968
813.179
782.05
743.416
704.832
668.177
633.355
601.268
581.078
575.359
602.551
664.106
722.582
778.135
815.506
824.214
806.542
771.03
731.965
694.349
658.614
625.169
597.726
581.353
587.638
627.505
688.77
746.972
802.263
829.465
825.662
798.295
760.114
721.088
684.014
648.794
615.909
592.838
581.898
602.367
655.107
705.211
752.809
796.707
813.095
799.274
766.59
728.252
690.382
654.406
620.229
590.448
573.074
572.338
606.88
672.303
734.456
793.5
824.558
827.639
804.627
766.569
727.684
690.743
655.649
622.866
596.179
583.257
595.234
642.461
696.827
748.475
797.541
818.58
810.319
781.57
742.491
704.706
668.811
634.71
604.818
583.611
578.379
604.129
664.118
721.107
775.247
814.17
824.385
803.901
729.734
729.734
691.726
655.619
621.317
594.058
577.945
583.13
624.558
686.316
744.986
800.723
827.025
824.06
796.775
758.953
719.711
682.431
647.016
614.665
591.302
580.335
600.156
654.844
706.798
756.155
800.891
816.705
803.497
770.951
731.629
693.501
657.28
622.87
593.668
575.322
575.288
609.658
674.392
735.889
794.311
826.084
828.938
805.157
768.294
728.604
690.771
654.83
620.685
581.434
581.434
593.717
695.413
695.413
747.223
796.442
817.83
809.571
779.621
741.047
702.597
666.07
631.369
600.361
579.38
573.513
600.144
659.227
715.355
768.677
807.361
816.657
798.68
763.992
724.482
686.793
650.988
616.974
590.027
573.375
579.127
620.471
681.185
738.864
793.658
819.697
817.482
790.693
753.457
714.499
677.489
642.33
609.558
586.487
576.158
595.46
648.698
699.275
747.323
791.715
807.3
794.56
762.506
723.575
685.851
650.013
615.967
587.022
568.59
568.229
602.174
665.917
726.472
784
817.521
820.55
797.38
760.649
721.842
684.938
649.878
616.61
591.386
576.709
588.708
634.795
689.867
742.185
791.887
814.171
806.117
776.808
738.748
701.104
665.343
631.37
600.427
579.937
572.929
599.65
657.188
711.85
763.778
801.406
812.6
794.789
760.006
721.86
683.929
647.893
613.66
585.225
569.563
573.938
613.811
676.002
735.084
791.212
816.824
813.839
787.946
749.377
711.504
675.524
641.344
609.276
585.219
575.66
594.308
647.015
699.171
748.72
795.791
812.683
799.811
769.032
729.959
692.642
657.19
623.71
595.516
576.645
575.656
607.411
672.239
733.827
792.335
825.814
830.58
806.366
769.842
729.818
691.69
655.469
621.059
595.708
581.551
592.5
640.495
696.89
750.465
801.361
822.376
816.414
786.389
747.485
709.258
672.943
638.444
606.522
584.485
578.856
602.861
661.007
716.245
768.722
808.764
818.331
800.887
767.07
728.443
690.048
653.572
620.621
593.517
576.284
581.56
620.402
682.073
740.66
796.318
824.963
822.824
795.428
758.379
719.537
682.125
646.584
613.332
590.988
578.991
597.46
649.904
699.726
747.057
790.914
807.77
796.453
763.687
725.997
688.111
652.12
617.928
587.868
570.095
568.736
601.846
669.449
733.672
794.683
827.226
830.373
808.67
771.482
731.99
694.472
658.83
625.117
598.382
584.199
595.448
639.716
695.866
749.209
799.885
822.954
814.574
785.551
746.665
708.771
672.771
638.571
607.382
586.874
580.002
604.187
662.023
716.967
769.164
808.578
818.561
800.389
765.808
726.799
689.004
653.099
618.989
590.879
574.762
578.543
618.922
682.265
742.441
799.608
825.962
825.459
799.366
760.691
722.657
686.524
652.198
619.588
594.384
584.232
601.349
653.942
706.62
756.663
804.205
820.057
807.785
777.179
737.753
699.505
663.169
629.443
600.23
580.286
579.239
611.06
674.173
734.13
791.089
824.367
830.397
806.458
770.677
730.832
692.688
656.452
622.318
597.499
582.691
592.436
638.845
694.779
747.916
798.397
821.028
815.023
785.156
746.729
708.43
672.047
637.482
605.608
584.165
577.245
602.134
661.272
717.453
770.826
810.969
821.063
804.803
770.73
732.193
694.313
658.326
625.41
597.678
580.221
584.963
622.555
684.15
742.665
798.255
827.499
825.444
799.196
761.91
723.814
686.316
650.692
618.158
595.208
583.295
602.104
653.01
703.408
751.287
796.772
814.636
802.226
769.699
731.855
693.625
657.307
622.805
592.245
574.292
571.636
603.914
667.614
728.128
785.617
818.472
823.809
802.774
765.926
727.289
690.584
655.715
622.929
595.428
581.145
591.493
634.623
692.88
748.225
800.803
823.909
816.326
788.541
749.225
710.608
673.922
639.071
607.821
585.548
578.537
603.482
658.506
710.779
760.439
799.869
811.775
793.748
760.246
721.086
683.648
648.081
614.292
586.364
570.117
573.922
614.243
678.241
739.038
796.796
823.995
823.438
797.083
758.919
720.553
683.836
648.955
615.818
591.002
580.28
595.697
648.13
700.688
750.619
798.053
814.224
803.344
772.723
734.087
696.422
660.64
627.608
598.724
578.518
577.462
607.926
670.667
730.271
786.896
822.418
827.49
804.967
769.465
730.197
691.826
655.373
621.809
596.522
581.177
591.286
636.914
693.503
747.263
798.336
821.624
816.663
786.135
747.916
708.993
672.016
636.887
604.259
583.256
575.895
600.369
658.226
713.19
765.406
805.795
817.18
801.884
728.72
728.72
691.531
656.2
622.692
594.487
577.019
580.82
617.833
680.642
740.31
796.995
825.415
823.997
799.36
762.047
723.12
686.118
650.967
617.594
594.188
581.732
598.726
648.724
700.425
749.542
796.203
815.159
803.078
771.193
732.76
694.583
658.315
623.86
593.536
575.347
571.773
602.624
665.697
725.616
782.54
816.085
822.334
800.816
763.963
726.025
688.968
653.764
620.321
592.996
578.766
587.608
632.411
691.258
800.272
800.272
822.804
816.279
788.29
749.062
710.586
674.033
639.308
608.454
586.241
579.056
602.676
658.731
711.983
762.572
805.14
817.318
799.681
766.683
727.304
689.659
653.897
620.157
592.446
575.367
578.385
617.811
680.799
740.638
797.485
825.889
826.474
799.767
761.959
723.049
685.736
650.289
616.615
591.943
580.316
595.896
648.16
700.92
751.042
798.658
815.616
805.734
775.066
736.313
699.03
663.611
630.43
600.971
580.333
578.362
608.742
671.536
731.191
787.862
823.578
829.444
807.737
772.927
733.64
694.513
657.342
623.835
598.469
582.632
592.39
635.205
692.521
746.971
798.698
822.61
816.913
786.982
749.213
709.873
672.501
636.997
603.865
582.874
574.102
597.406
654.706
709.141
760.854
802.497
814.282
799.241
764.876
726.008
688.476
652.821
618.948
590.197
572.892
575.493
612.614
675.897
736.016
793.129
822.669
822.06
797.73
760.126
721.313
684.44
649.411
616.941
592.365
580.061
596.889
646.128
698.42
748.098
795.292
814.706
803.336
772.272
733.659
695.756
659.748
625.541
595.193
576.674
573.174
604.524
666.305
724.997
780.755
815.22
822.242
801.018
764.522
726.296
688.701
652.987
619.058
591.786
577.617
585.929
630.55
690.069
746.612
800.327
823.203
818.203
790.586
751.433
713.862
678.169
644.26
613.224
589.954
582.122
604.713
660.824
714.131
764.772
807.531
820.036
803.409
770.844
731.071
693.135
657.096
623.01
595.435
577.462
579.838
617.619
682.65
744.43
803.121
830.743
831.458
804.749
767.041
727.226
689.073
652.827
618.393
593.973
581.888
596.542
647.547
700.524
750.852
798.664
816.416
807.369
776.258
737.445
700.573
665.544
632.267
602.201
581.738
578.969
608.151
671.199
731.094
787.994
824.465
830.121
809.453
774.084
735.38
696.784
660.117
627.111
601.03
584.67
593.788
636.621
695.561
751.554
804.748
830.068
824.767
795.145
757.143
717.903
680.625
645.211
611.782
589.753
580.251
603.466
659.75
713.219
764.014
805.819
819.364
804.72
770.303
732.12
694.278
658.327
624.174
594.711
577.663
579.79
615.695
680.184
741.448
799.649
829.023
829.034
804.848
766.914
727.507
690.071
654.506
621.781
596.78
584.071
599.666
648.523
702.818
754.397
803.398
823.178
812.006
781.459
742.349
704.068
667.701
633.152
603.033
583.336
579.063
609.366
670.825
729.21
784.676
820.019
828.15
806.823
770.465
731.439
693.236
656.944
622.466
595.215
580.54
587.705
631.958
692.263
749.552
803.977
826.947
823.047
795.137
755.707
717.921
682.025
647.924
616.255
592.524
584.962
606.449
661.968
714.711
764.817
807.854
820.776
805.128
772.967
733.586
695.324
658.975
625.293
597.831
579.376
581.564
617.841
681.188
741.367
798.537
828.809
830.446
803.598
766.369
726.318
688.01
651.617
617.043
592.621
580.259
594.756
643.822
696.972
747.465
795.433
813.889
805.452
773.807
735.249
697.733
662.092
628.234
597.276
577.081
574.258
603.1
663.038
719.98
774.075
810.443
816.951
797.847
763.067
724.398
686.87
651.218
618.142
592.054
576.084
584.727
626.827
687.019
744.202
798.526
824.972
819.916
791.266
753.555
714.531
677.457
642.237
609.372
587.799
578.286
600.667
655.26
707.124
756.394
797.661
810.846
761.521
761.521
723.29
649.3
649.3
615.056
585.983
569.371
570.531
607.775
674.026
736.965
796.757
826.352
827.609
803.89
765.8
726.889
689.924
654.807
622.066
596.395
583.896
598.666
646.634
699.931
750.564
798.665
818.042
807.655
777.994
739.094
700.873
664.563
630.068
600.375
580.132
575.628
605.148
665.355
722.553
776.89
813.288
821.737
800.677
765.507
726.174
688.319
652.357
618.192
591.562
576.662
583.287
627.054
687.802
745.512
800.336
824.187
820.863
792.999
754.049
716.146
680.137
645.93
613.633
590.128
581.841
601.691
658.102
711.692
762.603
806.337
818.925
804.26
772.024
733.422
695.141
658.773
625.834
598.124
578.818
580.4
615.314
681.227
743.845
803.333
833.979
834.927
809.098
772.578
732.575
693.962
657.28
623.042
598.818
585.108
598.996
647.822
701.343
752.187
800.49
819.768
811.142
779.409
740.954
702.626
666.215
631.624
600.043
580.327
575.962
603.881
665.326
723.699
779.153
816.446
823.22
803.851
768.954
730.506
657.349
657.349
596.973
596.973
580.897
588.279
628.413
687.996
744.599
798.372
823.986
818.72
791.212
753.295
714.673
677.983
643.127
610.572
578.396
578.396
600.091
653.657
704.545
752.889
795.517
810.882
796.506
763.301
725.128
687.287
651.338
617.186
587.875
571.188
571.647
607.195
672.598
734.73
793.756
824.033
826.457
803.028
765.101
726.487
689.805
654.956
596.22
596.22
596.642
596.642
644.584
699.828
752.311
802.169
820.22
811.031
782.008
742.548
704.381
668.123
633.678
603.93
582.973
578.089
606.317
665.871
722.447
776.195
813.106
821.291
800.641
765.812
726.134
688.363
652.481
618.394
591.763
575.893
581.689
626.134
686.376
743.605
797.974
822.743
820.187
791.882
753.339
715.1
678.773
644.262
611.568
587.981
579.759
599.35
654.116
706.143
755.57
800.219
814.24
801.177
769.199
730.739
692.952
657.054
624.202
595.837
576.822
578.564
612.42
674.849
734.157
790.5
824.067
825.484
800.367
764.111
724.971
686.517
649.985
616.551
592.256
578.294
591.759
641.147
695.323
746.79
795.684
816.524
808.016
776.559
738.413
699.99
663.487
628.81
596.934
577.091
571.873
600.674
661.981
720.223
775.553
813.135
821.305
802.885
767.052
727.834
690.501
655.035
621.342
593.391
577.432
584.516
625.731
686.033
743.319
797.74
824.058
819.582
793.01
754.987
716.316
679.579
644.679
612.609
589.782
579.141
599.619
652.59
702.912
750.719
810.882
810.882
796.288
763.907
725.482
688.026
652.444
618.64
589.658
572.026
571.74
608.399
671.996
732.412
789.808
820.395
824.064
800.744
763.298
724.737
687.709
652.533
619.115
593.111
580.492
592.163
640.315
695.33
747.594
797.244
817.511
809.206
780.168
740.598
702.838
666.965
633.055
603.013
581.549
576.714
603.712
663.864
721.008
775.296
813.957
823.243
803.338
769.364
729.404
691.382
655.261
621.007
594.574
578.403
583.98
626.039
686.945
744.805
799.773
825.302
823.067
794.695
756.685
717.705
680.673
645.494
612.151
588.932
579.276
598.647
653.909
706.407
756.281
801.128
814.659
802.344
769.911
730.997
693.545
657.966
624.649
595.863
576.964
578.065
611.244
676.665
738.816
797.858
829.503
831.43
807.386
771.002
731.789
693.276
656.69
623.192
598.66
583.594
596.31
642.786
697.727
749.92
799.504
821.854
814.088
783.161
744.945
705.838
668.687
633.393
601.412
581.558
575.468
602.578
662.567
719.557
773.697
810.94
819.885
802.151
766.405
727.566
690.237
654.775
621.086
593.119
577.183
583.532
685.481
685.481
744.25
800.08
826.676
823.613
797.694
759.286
720.544
683.738
648.773
616.334
592.798
582.47
601.703
655.201
706.025
754.307
797.562
814.815
800.976
769.105
730.228
692.489
656.637
622.578
593.502
575.577
574.892
609.771
673.033
733.132
790.225
822.516
827.745
804.161
766.781
728.071
690.289
620.296
620.296
593.899
580.895
591.836
640.397
697.712
752.161
803.888
824.09
816.739
787.52
748.144
709.941
673.648
639.966
609.362
587.211
581.889
608.262
667.906
724.567
778.396
819.008
828.452
809.228
775.215
735.38
696.486
659.537
599.135
599.135
581.734
586.521
626.762
689.888
749.858
806.83
833.749
831.893
803.385
765.592
725.787
687.972
652.047
617.982
594.738
584.087
602.607
656.5
707.699
756.338
801.205
816.201
804.668
772.218
733.042
695.661
660.15
626.414
596.835
578.043
578.164
610.856
673.764
733.526
790.3
823.548
825.345
803.11
766.817
728.12
690.256
654.285
621.215
596.085
581.927
594.28
640.321
697.359
751.546
803.023
825.266
817.056
786.405
748.407
709.792
673.109
638.259
605.878
585.616
578.438
606.165
663.217
717.417
768.906
808.321
817.845
800.047
764.658
725.818
687.935
651.947
617.758
589.081
573.2
578.028
618.812
681.275
740.614
796.986
825.502
823.326
797.737
759.149
720.272
683.339
648.253
616.313
592.267
581.875
600.091
652.076
702.834
751.054
796.864
814.752
801.107
769.852
730.598
692.838
656.966
622.888
594.234
575.451
573.975
608.179
672.248
733.114
790.936
824.114
829.182
805.585
768.97
729.931
691.865
655.702
621.348
595.041
591.485
591.485
639.35
695.614
749.065
799.843
820.456
814.322
784.892
707.819
707.819
672.048
638.065
607.128
585.024
580.446
605.054
664.244
720.474
773.893
813.46
823.43
805.416
771.97
733.372
694.999
658.546
625.618
599.006
581.235
586.441
626.403
688.071
746.655
802.31
830.324
828.049
799.746
761.879
722.097
684.113
648.029
613.939
591.098
580.089
598.143
652.279
703.708
752.565
797.781
813.6
802.207
769.631
731.176
693.548
657.802
623.843
593.53
574.587
573.718
606.465
671.205
732.707
791.135
824.18
827.502
805.83
769.176
730.282
692.863
657.315
624.013
597.93
583.107
594.593
638.837
695.089
748.527
799.294
822.605
814.575
784.967
746.715
707.57
670.381
635.052
603.665
583.222
575.471
601.448
659.561
714.768
767.214
806.752
818.32
800.621
765.768
727.48
689.271
652.973
618.49
589.816
574.089
577.775
618.301
682.092
742.693
800.265
827.047
826.075
800.569
761.844
723.096
686.286
651.316
618.248
593.633
583.261
600.825
652.37
706.169
757.278
805.832
822.614
809.67
778.915
739.208
701.22
665.131
630.847
602.188
582.645
581.028
613.419
675.94
735.336
791.761
825.276
830.354
806.718
770.529
730.708
692.514
656.23
621.761
595.745
581.397
591.194
638
695.874
750.855
823.21
823.21
817.528
787.908
748.902
710.626
674.264
639.721
608.255
585.78
579.74
603.698
662.209
717.794
770.6
811.272
820.703
803.515
770.205
731.695
693.399
657.019
624.168
597.069
579.041
584.104
620.732
682.397
740.98
796.633
825.807
824.45
797.372
760.469
721.213
683.613
647.894
614.265
591.522
579.234
596.802
648.547
698.621
746.192
791.384
809.106
798.238
765.961
728.025
690.149
654.167
619.985
589.708
571.345
569.257
601.541
665.957
727.152
785.287
818.957
822.594
801.647
764.662
725.653
688.595
653.39
620.203
593.314
578.707
589.39
633.583
690.854
745.26
796.947
821.055
813.707
785.157
746.882
708.726
672.477
638.042
606.656
585.574
577.674
602.631
658.554
711.681
762.152
801.731
813.991
796.598
762.333
724.217
686.221
650.124
615.833
587.632
571.46
574.294
613.875
677.874
738.674
796.433
824.155
823.742
798.458
760.082
721.675
685.188
650.526
618
592.805
582.203
598.369
650.98
704.437
755.221
803.466
821.304
809.413
778.72
738.997
700.989
664.881
630.851
601.894
582.1
580.153
611.514
674.26
733.869
790.497
824.936
830.081
806.687
770.951
730.791
692.611
656.34
621.911
596.475
581.732
591.192
636.924
694.097
748.411
800.009
821
816.091
786.53
747.975
709.658
673.257
638.676
606.637
584.408
577.265
601.047
658.445
712.973
764.775
806.253
816.979
801.226
767.534
729.157
691
654.751
622.014
594.473
576.752
580.903
618.286
681.316
741.194
798.078
827.81
827.101
800.824
763.137
724.473
687.072
651.542
618.457
595.261
582.023
598.988
649.879
700.502
748.595
794.283
813.092
802.74
770.15
732.187
693.734
657.204
622.5
591.375
573.037
569.843
601.709
665.597
726.292
783.951
817.175
823.126
802.653
766.248
727.261
690.224
655.039
622.287
595.258
580.549
589.778
633.535
693.907
751.261
805.747
828.192
821.259
793.109
754.168
715.529
678.822
643.951
612.582
590.571
582.243
606.133
661.686
714.463
764.6
805.429
817.702
800.183
766.148
727.216
689.241
653.165
618.892
590.308
573.799
576.175
615.162
679.242
740.117
797.949
825.389
826.065
800.354
762.128
723.667
687.057
652.278
619.238
594.023
582.406
597.88
649.507
702.68
753.194
801.183
818.847
808.256
777.894
738.665
700.877
664.978
631.395
602.281
581.722
579.713
608.237
670.76
730.158
786.586
822.297
827.454
805.169
769.948
730.173
691.683
655.118
621.084
594.442
579.203
588.592
633.817
691.734
746.756
799.026
822.487
818.038
788.045
749.976
711.003
673.978
638.805
606.158
584.352
576.174
599.488
658.37
714.307
767.448
808.736
820.102
805.207
771.553
732.398
695.003
659.478
625.926
597.568
579.421
582.633
617.829
681.374
741.742
799.092
828.481
827.096
801.912
764.73
725.916
688.409
652.777
619.56
595.779
582.882
599.301
646.911
698.649
747.8
794.493
813.71
802.708
770.841
732.674
694.527
658.288
623.86
593.307
574.625
570.835
601.54
663.938
723.217
779.531
813.85
820.647
800.458
763.773
725.584
688.461
653.194
619.69
592.141
577.693
586.27
629.999
688.538
744.15
796.982
820.254
814.96
787.84
748.78
710.174
673.498
638.656
607.453
584.857
577.12
598.703
653.383
705.329
754.677
797.023
810.353
793.673
761.191
721.867
684.351
648.71
614.852
587.11
570.239
572.538
610.96
673.32
732.562
788.842
818.391
820.471
794.925
757.121
719.265
682.426
647.429
614.181
589.263
578.319
592.472
643.581
697.481
748.685
797.329
814.912
805.712
775.382
736.282
698.921
663.428
629.926
600.406
579.423
576.675
604.887
667.403
726.794
783.215
819.928
826.237
805.158
770.506
731.201
692.301
655.347
621.799
596.166
580.15
588.924
632.166
689.967
744.879
797.044
820.972
816.774
787.804
750.016
710.765
673.477
638.053
604.996
583.831
575.04
596.92
652.873
706.028
756.526
798.143
810.882
796.686
762.631
723.749
686.571
651.252
617.939
589.116
571.768
574.283
610.507
674.642
735.571
793.453
824.797
824.242
799.877
762.518
723.872
687.159
652.282
619.195
594.895
581.817
597.536
645.933
699.073
749.556
797.515
817.474
806.572
775.43
737.016
699.061
663.004
628.749
597.731
578.527
574.43
604.878
666.093
724.247
779.494
814.79
822.322
801.671
765.069
726.63
689.334
653.903
620.243
592.614
577.989
585.277
629.347
689.469
746.584
800.844
824.221
819.445
792.248
752.858
714.344
677.756
642.998
611.883
588.516
580.02
602.496
657.417
709.592
759.158
801.562
814.391
798.181
766.661
727.062
689.267
653.361
619.25
591.656
573.834
575.481
612.472
676.124
736.593
794.039
823.831
826.017
800.063
762.801
723.492
685.534
649.473
615.216
590.647
578.432
592.36
643.117
697.34
748.852
797.789
816.354
807.195
776.758
737.92
701.024
665.973
632.674
602.312
581.974
578.654
607.751
669.437
728.039
783.71
820.999
827.273
806.979
772.188
733.113
694.401
657.625
624.278
598.444
581.873
590.318
632.766
690.435
745.221
797.267
820.91
816.782
788.161
750.712
711.201
673.666
638.007
604.717
583.204
574.426
596.521
652.926
706.512
757.418
799.09
812.995
799.162
765.177
726.918
689.456
653.867
620.057
590.63
573.284
574.235
610.289
676.255
738.922
798.456
828.515
828.686
804.871
767.177
727.992
690.766
655.401
622.631
597.203
584.082
598.668
647.306
701.094
752.192
800.734
821.148
810.96
780.564
741.994
703.713
667.346
632.797
602.152
582.369
577.155
606.883
666.86
723.839
777.969
813.185
822.111
802.241
766.344
727.823
689.578
653.244
618.728
591.181
577.032
583.634
627.018
688.282
746.483
801.774
826.087
822.909
795.497
756.213
718.402
682.482
648.358
616.659
592.885
584.572
605.371
661.191
714.22
764.597
809.456
822.964
807.556
775.527
735.852
697.697
661.449
627.478
599.468
580.716
581.93
617.728
682.685
744.393
803.017
834.422
836.616
810.452
773.38
733.195
694.944
658.606
624.16
599.228
586.094
599.556
648.113
702.111
753.409
802.142
821.343
813.322
782.129
743.022
705.402
669.662
635.71
604.789
584.183
579.926
607.675
669.224
727.695
783.242
820.047
826.345
807.313
772.411
733.342
694.815
658.214
624.855
598.14
581.425
589.227
630.092
689.433
745.807
799.362
825.283
821.06
792.96
755.499
716.556
679.56
644.414
611.148
589.135
579.077
600.28
654.713
706.424
755.55
797.897
812.658
799.436
765.74
727.453
689.384
653.219
618.863
589.326
572.264
572.654
608.002
675.621
739.859
800.886
830.963
832.585
809.404
771.37
731.78
694.17
658.44
625.518
599.615
586.206
599.736
646.893
700.998
752.398
801.228
821.365
811.425
781.869
742.776
704.354
667.852
633.176
602.861
582.402
577.44
606.346
666.017
722.705
776.558
813.762
823.087
802.854
767.383
728.41
690.61
654.7
620.586
593.133
578.017
584.29
627.646
688.056
745.445
799.964
824.55
821.734
794.217
755.09
717.335
681.468
647.395
615.294
591.566
582.294
603.104
657.531
709.237
802.956
802.956
816.906
803.629
771.886
732.478
694.339
658.107
624.388
596.557
577.212
578.539
612.644
676.856
737.857
795.808
827.743
830.235
805.212
769.055
729.28
691.246
655.114
621.037
596.328
582.606
595.585
644.276
697.279
747.632
795.468
815.615
808.277
777.03
738.952
701.059
665.061
630.862
599.656
579.219
574.321
601.302
662.977
721.569
777.231
815.09
822.974
804.555
769.505
730.385
692.413
656.34
622.878
595.845
579.454
587.043
627.562
688.121
745.652
800.306
826.449
822.075
794.532
756.828
718.222
681.148
645.929
612.867
590.276
579.412
600.576
655.352
707.389
756.825
800.337
815.672
802.178
768.776
730.337
692.101
655.777
621.269
591.239
574.252
574.421
610.18
677.949
742.33
803.492
833.172
835.817
813.062
774.76
735.318
697.848
662.251
628.883
602.285
588.909
600.471
647.87
704.306
757.919
808.852
829.018
819.623
790.152
750.644
712.006
675.3
640.429
610.286
589.08
583.23
610.79
669.142
724.576
777.239
814.574
824.402
804.758
768.867
729.388
691.582
655.665
621.545
594.346
577.894
583.946
625.414
686.891
745.294
800.777
826.718
823.585
796.193
757.794
718.456
681.085
645.582
612.916
589.71
579.965
600.521
654.725
706.22
755.14
799.268
813.65
800.562
768.093
729.017
690.948
654.783
620.427
591.763
573.681
574.06
609.455
672.644
732.672
789.7
822.221
825.347
801.679
764.37
724.951
687.379
651.685
592.109
592.109
578.17
590.865
638.669
692.575
743.785
792.435
813.756
806.037
776.087
737.47
699.161
662.768
628.194
597.653
576.915
571.257
598.567
658.715
715.856
770.14
807.778
816.769
798.123
763.553
724.051
686.086
650.019
615.756
588.397
573.113
579.249
619.869
679.11
735.388
788.853
815.762
812.402
785.776
748.07
709.705
673.259
638.636
606.08
583.135
572.367
592.017
646.065
697.41
746.187
791.101
807.661
794.456
762.588
725.569
688.031
652.369
618.491
588.914
571.392
569.863
605.403
671.667
734.619
794.422
826.195
829.62
807.129
768.869
730.039
692.983
657.779
624.336
597.697
583.578
595.283
640.853
697.182
750.695
801.532
822.417
813.964
785.292
746.027
707.769
671.423
636.894
606.441
585.293
579.129
606.189
664.302
719.51
771.957
812.014
822.032
802.345
767.752
728.336
690.49
654.536
620.38
592.889
577.183
582.088
623.71
686.643
746.43
803.227
827.67
827.103
799.894
761.369
723.3
686.771
652.068
619.1
594.717
584.368
602.723
656.714
708.274
757.255
803.788
818.914
806.788
775.525
736.749
698.684
662.523
629.397
601.009
581.386
581.183
614.181
678.453
739.51
797.515
831.128
834.412
810.047
773.936
733.896
695.316
658.665
624.389
599.515
584.776
596.586
642.727
698.103
750.71
800.687
822.52
815.598
784.401
746.233
707.553
670.806
635.897
604.102
583.357
577.418
603.078
663.283
720.478
774.813
814.547
824.526
807.519
772.475
733.265
695.699
660.011
626.424
598.561
581.395
586.939
626.121
687.006
744.847
799.795
827.134
824.042
797.823
760.004
721.689
684.833
649.821
617.015
594.02
582.082
601.164
653.203
702.639
749.604
793.868
812.126
799.15
766.397
728.077
690.209
654.235
620.059
590.093
572.4
570.817
605.708
670.98
732.989
791.897
822.104
826.26
803.866
766.441
728.119
690.868
655.48
621.861
594.662
581.23
592.974
639.56
697.257
752.069
804.14
825.487
817.727
789.058
749.605
711.205
674.725
640.069
609.554
587.714
581.459
607.112
664.722
719.452
771.445
811.59
821.844
802.794
768.621
728.75
690.804
654.754
620.507
593.411
576.519
581.583
622.418
684.542
743.56
799.627
826.513
826.212
798.894
760.725
721.946
685.106
650.108
616.897
592.762
582.243
599.755
653.571
704.696
753.265
799.162
814.84
803.397
772.198
733.231
695.692
660.03
626.672
597.84
578.07
577.655
609.192
672.138
731.937
788.746
823.648
827.194
804.21
768.467
729.563
690.688
653.758
620.589
595.708
580.652
591.832
637.344
692.466
744.833
794.581
817.516
811.446
780.915
742.992
704.221
667.388
632.397
600.123
579.813
572.669
598.435
658.115
714.811
768.672
808.529
818.45
802.099
767.199
728.4
691.181
655.822
622.232
593.85
577.004
581.506
620.041
683.008
742.826
799.653
827.329
824.612
799.077
760.861
721.859
684.808
649.609
617.128
593.338
581.901
600.914
651.382
702.294
750.66
796.608
814.579
801.809
769.858
731.365
693.711
657.94
623.958
593.97
575.795
573.21
606.094
669.378
729.498
786.612
821.297
826.365
803.913
766.661
728.013
690.415
654.696
620.764
593.997
580.155
590.34
636.57
694.468
749.471
801.724
823.889
817.131
788.733
749.296
711.22
675.048
640.685
609.871
587.354
580.814
606.163
661.933
714.916
765.249
807.056
817.756
799.662
766.69
726.984
689.161
653.228
619.196
592.352
575.563
579.748
619.216
681.857
741.366
797.9
826.37
826.221
798.473
760.755
721.716
684.028
648.224
614.211
590.594
579.493
596.337
648.862
700.497
749.551
796.152
812.415
802.763
771.221
732.204
695.064
659.781
626.261
596.818
576.919
575.682
606.938
671.062
731.98
789.853
824.628
827.794
806.268
770.641
732.109
693.509
656.838
623.996
598.403
582.675
594.411
638.652
694.851
748.24
798.96
822.539
816.022
785.732
747.569
708.953
672.268
637.417
604.588
584.095
576.368
601.838
659.524
714.326
766.388
806.143
817.9
801.765
767.056
728.703
691.205
655.583
621.741
592.84
576.393
580.465
619.508
682.958
743.236
800.499
829.698
828.198
803.27
765.039
725.804
688.53
653.12
620.605
595.947
584.372
601.869
652.295
704.581
754.253
801.441
819.849
807.001
775.987
736.939
698.892
662.748
628.411
598.484
579.555
576.619
608.791
672.12
732.283
789.437
823.224
829.443
807
770.272
730.952
692.434
655.841
621.078
594.396
580.306
589.517
634.335
692.981
748.693
801.621
823.568
818.298
789.994
750.494
712.969
677.321
643.455
612.524
589.48
582.704
605.992
663.343
717.826
769.585
811.773
822.876
805.924
773.264
733.58
694.828
658.014
624.092
596.677
578.181
582.258
620.811
683.362
742.786
799.239
827.612
827.579
800.385
763.109
723.343
685.383
649.321
615.244
591.633
579.835
596.322
647.652
699.774
749.29
796.33
814.15
804.361
772.571
733.721
696.189
660.533
626.66
596.398
576.993
574.507
605.443
669.528
730.408
788.244
824.083
828.477
807.261
771.333
732.301
694.095
657.8
624.445
598.255
582.767
593.278
635.983
692.779
746.736
797.994
822.96
816.613
787.457
749.134
710.798
674.38
639.782
606.941
585.869
577.073
601.646
657.936
711.411
762.213
802.495
816.607
800.576
765.563
727.055
689.245
653.326
619.202
590.089
573.759
576.296
615.759
680.47
741.946
800.347
827.611
827.7
803.009
764.628
725.382
688.099
652.679
620.045
595.054
583.192
599.361
649.523
702.674
753.167
801.135
819.418
808.106
777.705
738.417
700.313
664.114
629.725
600.039
580.474
577.587
608.576
669.078
726.554
781.157
816.111
823.417
800.966
764.69
725.899
687.899
651.799
617.504
590.82
576.719
585.447
632.05
691.889
748.736
802.741
825.314
820.788
792.219
753.003
715.029
678.953
644.682
613.015
589.745
582.401
605.115
663.883
719.712
772.75
815.062
826.451
810.254
777.46
738.162
699.374
662.526
628.975
601.737
582.96
586.269
623.284
686.302
746.169
803.043
832.625
832.797
806.094
769.111
729.137
690.788
654.356
620.119
596.313
583.604
599.666
650.567
702.437
751.713
798.526
816.634
806.969
774.768
736.065
698.141
662.112
627.885
597.173
577.638
574.734
604.472
666.3
725.037
780.837
816.316
821.321
801.477
765.964
727.665
690.194
654.595
621.866
595.274
579.634
589.226
631.926
689.297
743.8
795.578
820.577
814.973
786.644
748.691
710.08
673.399
638.552
606.624
585.183
576.219
600.141
655.516
708.121
758.097
799.813
813.78
797.997
763.885
725.691
687.575
651.365
616.966
588.027
571.841
573.265
611.288
677.168
739.754
799.211
827.761
828.269
803.748
765.244
726.982
690.632
656.101
623.296
597.587
585.916
600.668
651.005
705.655
757.572
806.893
824.793
813.196
782.899
742.941
704.518
668.015
633.338
603.629
582.993
578.988
608.72
671.335
730.82
787.33
822.067
829.773
807.648
772.24
732.175
694.106
657.939
623.59
597.076
582.045
590.021
634.628
691.915
746.337
798.038
821.538
817.517
788.744
749.972
711.643
675.23
640.639
608.607
585.778
577.962
599.807
656.605
710.563
761.823
804.394
816.918
801.975
769.218
730.757
692.67
656.488
623.663
595.966
577.4
580.198
616.192
678.75
738.181
794.64
825.972
825.914
800.88
764.447
725.424
687.345
651.171
617.811
594.149
580.53
595.855
644.967
698.08
796.473
796.473
815.277
805.439
773.516
735.697
697.509
661.231
626.767
595.428
576.04
571.931
601.539
663.939
723.218
779.534
814.079
821.494
802.106
765.806
726.687
689.523
654.217
620.832
593.933
578.988
587.014
629.27
688.418
744.608
797.989
822.398
816.704
789.439
751.085
712.657
676.151
641.469
609.396
587.21
577.599
600.049
654.817
706.847
756.275
798.801
813.369
797.67
764.325
725.813
688.066
618.14
618.14
589.297
572.321
572.773
610.015
675.4
737.515
796.525
825.287
827.211
802.536
764.2
725.622
688.832
653.882
620.68
594.852
582.591
596.658
646.381
700.882
752.659
801.846
821.043
810.639
780.759
740.99
703.103
667.111
633.025
603.161
582.21
577.773
607.435
669.56
728.579
784.647
821.553
828.135
807.429
771.62
731.568
693.1
656.557
621.84
595.031
579.357
586.896
629.915
689.106
745.337
798.756
822.744
817.778
789.75
751.151
712.086
674.975
639.72
607.734
585.018
576.151
597.865
654.122
707.565
758.337
801.052
814.447
799.587
766.846
727.27
689.308
653.243
618.982
590.783
573.077
574.829
611.025
675.583
736.912
795.176
823.139
824.292
799.211
761.759
721.994
684.218
648.33
614.663
589.911
577.039
591.334
640.189
693.946
745.015
793.53
812.158
802.643
772.094
733.489
694.895
658.23
623.399
593.23
573.244
569.398
598.849
659.975
718.044
773.21
810.325
818.139
798.336
762.88
723.492
685.955
650.294
616.535
589.895
574.456
582.196
624.923
684.17
740.453
793.923
819.475
815.504
787.605
749.272
710.432
673.535
638.482
606.467
583.905
575.099
596.868
652.296
704.953
754.977
797.856
809.769
795.547
762.766
723.749
686.278
650.681
616.864
588.368
570.195
572.078
607.91
673.34
735.5
794.551
825.406
827.159
802.597
765.21
725.672
688.11
652.427
618.641
593.856
580.634
594.476
643.207
696.992
748.088
796.629
816.624
807.311
776.957
738.109
699.887
663.576
629.081
598.75
577.929
573.423
602.078
663.828
722.491
778.221
815.028
823.157
803.358
768.101
728.401
690.327
654.156
619.794
593.07
577.268
585.132
627.749
685.458
740.282
792.365
818.37
814.565
786.974
748.962
710.37
673.708
638.878
606.566
584.012
574.971
596.431
651.627
704.064
753.878
798.49
812.735
765.334
765.334
726.225
688.409
652.483
618.354
589.668
571.555
572.5
608.369
672.914
734.23
792.481
823.135
825.789
801.183
763.952
724.106
686.251
650.29
616.41
591.288
578.128
592.364
641.275
695.071
746.178
794.729
814.342
805.606
775.515
736.562
698.155
661.669
627.007
596.434
576.32
571.749
599.791
661.048
719.242
774.527
811.792
820.001
800.57
765.629
726.18
688.434
652.575
618.509
591.579
575.665
582.052
624.363
684.071
740.794
794.681
820.217
816.864
789.237
751.057
712.1
675.092
639.933
607.562
584.87
575.293
596.119
650.477
702.117
751.174
794.949
809.864
796.358
763.816
724.558
686.846
651.019
616.984
588.282
570.201
571.63
607.394
672.903
735.136
794.258
824.899
827.131
802.929
765.999
726.323
688.567
652.699
618.625
593.383
580.15
591.982
639.609
694.133
745.93
795.137
815.392
806.752
776.528
737.702
699.277
662.774
628.095
597.296
576.928
571.795
600.551
660.651
717.746
771.986
808.588
818.607
799.674
763.807
725.617
687.951
652.169
618.176
590.208
574.68
580.463
622.404
682.703
739.987
794.406
820.511
817.597
791.52
752.36
713.945
677.45
642.78
611.154
587.221
578.046
598.495
652.196
703.212
751.678
795.618
811.474
797.107
765.602
726.099
688.45
652.684
618.705
590.849
572.702
572.85
607.962
672.214
733.254
791.242
821.902
825.569
801.181
763.552
724.235
686.743
651.125
617.289
592.295
578.772
591.78
639.755
694.422
746.356
795.693
815.799
807.614
777.285
738.369
700.23
663.997
629.576
598.637
578.147
573.083
600.346
658.548
713.84
766.367
804.418
813.511
794.627
760.005
720.705
683.226
647.621
613.797
586.954
571.054
577.503
618.468
679.215
736.924
791.749
817.706
815.093
787.92
749.927
711.158
674.326
639.337
606.906
584.12
574.134
593.994
647.049
697.451
745.333
789.84
805.692
760.086
760.086
721.031
683.758
648.348
614.709
586.083
567.71
568.185
602.854
667.275
728.476
786.616
818.307
821.89
799.219
762.496
723.033
685.505
649.853
615.984
590.553
577.38
589.801
637.468
692.8
745.366
795.304
815.884
807.798
777.883
738.989
700.933
664.781
630.436
599.573
578.886
572.874
599.815
659.799
716.784
770.92
809.251
818.315
799.47
764.589
725.523
687.872
652.103
618.122
591.059
574.833
580.633
621.371
681.56
738.74
793.06
819.497
817.144
790.114
751.88
712.674
675.429
640.046
607.282
584.073
574.106
594.057
647.025
745.149
745.149
789.686
805.467
792.474
760.405
721.751
684.512
649.135
615.527
587.003
568.733
568.88
603.188
668.197
729.956
788.627
820.441
824.443
800.874
764.061
724.673
687.215
651.631
617.826
592.618
578.839
591.13
638.774
694.345
747.138
797.291
818.333
810.355
780.134
740.997
702.138
665.223
630.153
599.224
578.307
572.53
599.016
659.521
717.001
771.607
809.869
819.327
800.728
765.894
726.29
688.397
652.399
618.201
590.967
574.467
580.053
620.324
681.422
739.466
794.607
820.925
818.425
791.793
753.487
714.201
676.88
641.425
608.831
585.504
575.37
595.056
648.238
699.052
747.325
793.185
810.01
797.281
765.299
726.33
688.785
653.118
619.233
590.329
571.816
571.181
605.206
668.177
727.999
784.831
817.568
821.324
798.307
761.843
722.566
684.92
649.156
615.18
589.848
575.948
587.632
635.603
691.092
743.806
793.885
815.917
808.332
778.491
739.566
701.324
664.993
630.479
598.955
577.82
572.182
597.391
657.782
715.152
769.655
808.946
817.986
800.131
765.478
726.099
688.359
652.505
618.444
590.885
574.095
578.906
619.797
682.565
742.195
798.843
825.801
822.734
795.873
757.687
718.587
681.366
646.007
612.415
588.773
577.604
596.349
650.629
702.195
751.183
796.58
811.34
798.862
766.703
727.535
689.968
654.278
620.373
591.162
572.416
571.293
604.941
669.431
730.696
788.897
820.392
824.265
801.552
765.002
725.356
687.652
651.833
617.805
592.259
578.059
588.346
635.322
690.738
743.384
793.397
814.753
807.662
778.311
739.811
665.086
665.086
630.501
599.5
578.635
572.567
598.038
655.597
710.278
762.225
801.896
812.073
794.077
759.528
720.782
683.176
647.45
613.51
586.048
569.601
574.555
614.464
675.983
734.425
789.945
816.849
815.607
789.159
751.534
712.595
675.603
640.46
607.747
584.477
573.802
592.308
644.207
694.351
741.988
787.243
803.846
792.138
760.738
722.19
684.514
648.722
614.72
585.621
567.086
566.812
599.983
664.066
724.945
782.78
815.989
820.251
798.223
762.099
722.631
684.72
648.704
614.489
588.998
574.969
586.295
632.684
688.397
741.325
791.607
814.511
807.755
778.572
739.798
701.79
665.681
631.379
600.107
579.316
572.272
597.923
656.909
712.946
766.182
805
815.288
797.555
763.179
723.866
686.339
650.689
616.821
589.366
572.666
577.816
617.488
678.76
736.968
792.266
821.093
818.965
792.493
754.463
715.23
677.958
609.495
609.495
585.722
575.107
593.21
645.685
696.584
744.938
790.874
807.64
795.909
764.194
725.225
687.38
651.427
617.271
587.883
568.577
567.118
600.429
664.826
726.003
784.122
817.864
822.434
800.102
763.534
723.985
686.291
650.482
616.464
590.338
576.05
586.249
633.04
689.863
743.846
795.129
817.312
810.301
781.096
742.421
703.998
667.496
632.819
601.178
579.638
572.881
597.968
655.637
710.422
762.468
803.17
814.389
797.331
763.701
724.552
686.868
651.069
617.059
589.38
572.625
576.833
616.438
678.109
736.696
792.354
820.656
819.416
793.266
755.461
716.254
679.008
643.624
610.56
586.859
575.645
593.203
644.563
695.948
744.763
791.138
808.059
796.051
764.329
725.621
688.01
652.28
618.336
589.257
569.554
568.316
600.558
662.84
722.007
778.216
811.994
817.379
795.596
759.581
720.232
682.575
646.801
612.815
587.08
572.81
583.622
629.376
686.206
740.194
791.483
813.775
807.976
779.123
740.167
701.667
665.092
630.346
599.178
577.941
571.143
653.354
653.354
707.908
759.734
799.799
811.719
794.78
760.958
721.793
684.19
648.467
614.53
586.768
569.886
573.433
611.83
675.163
735.329
792.487
820.695
819.665
793.901
756.138
716.819
679.466
643.98
610.735
586.751
575.287
592.4
644.031
694.34
742.133
787.536
805.358
793.454
762.149
724.042
686.536
650.906
617.057
587.691
568.528
566.678
597.781
661.534
722.099
779.636
814.148
819.945
798.319
762.263
722.477
684.66
648.734
614.604
589.054
574.7
584.821
629.575
686.941
741.438
793.21
815.415
808.479
779.642
741.353
703.147
666.851
632.371
600.752
579.147
571.953
597.202
654.729
709.38
761.298
802.46
814.057
797.603
763.803
724.328
686.728
617.075
617.075
589.157
571.899
575.51
614.108
677.699
738.11
795.5
823.029
822.497
758.196
758.196
718.343
680.483
644.516
611.203
586.76
575.777
592.784
644.267
695.136
743.46
789.369
807.765
797.01
765.817
727.204
689.598
653.872
619.932
590.404
571.337
569.512
601.088
664.344
724.436
781.524
815.392
820.062
798.534
762.54
722.88
685.192
649.389
615.386
589.056
574.332
585.291
630.426
687.912
742.523
794.404
817.657
812.817
783.917
745.29
706.794
635.479
635.479
603.705
581.945
574.178
598.318
655.139
709.12
760.401
802.012
813.484
797.081
763.041
723.525
685.738
649.84
615.738
587.831
570.581
574.196
612.578
676.308
736.852
794.368
823.125
823.365
797.761
759.896
720.424
682.926
647.302
613.841
589.812
578.122
594.589
645.46
697.929
747.775
795.128
813.142
801.868
770.926
732.38
694.353
658.228
623.909
594.379
574.876
572.294
603.43
666.305
726.036
782.781
817.45
823.327
801.763
765.587
725.886
687.984
651.977
617.771
591.581
575.933
585.469
629.983
687.763
742.655
794.801
818.269
813.388
785.205
746.544
707.855
671.1
636.182
604.373
582.484
574.898
598.795
656.446
711.214
763.244
804.458
816.533
800.097
767.044
727.466
689.509
653.449
619.193
590.973
574.163
577.265
614.26
678.059
738.669
796.248
825.165
799.425
799.425
761.54
721.981
684.4
648.698
615.189
590.904
578.751
594.662
645.218
697.735
747.626
795.022
812.38
801.453
731.968
731.968
693.915
657.766
623.424
593.437
574.193
571.582
602.099
663.578
721.984
777.469
811.86
818.81
797.88
761.527
722.049
684.246
648.333
614.515
588.274
573.231
582.334
626.113
684.593
740.148
792.925
815.997
811.248
782.775
744.274
705.568
668.797
633.865
602.172
580.008
572.052
595.117
650.445
703.006
752.939
794.408
806.622
790.492
757.326
681.081
681.081
645.433
611.566
566.795
566.795
569.578
607.552
672.097
733.415
791.667
821.007
821.521
796.348
758.999
719.565
682.102
646.512
612.905
588.539
576.325
591.588
642.435
693.838
742.67
789.061
807.971
797.921
766.543
727.855
690.055
654.145
620.03
590.242
570.767
568.203
598.569
660.384
719.107
774.895
810.046
816.288
795.857
760.54
721.008
683.352
647.579
613.695
587.462
572.579
581.379
624.731
684.392
741.07
794.914
818.551
813.6
785.08
746.945
708.355
671.694
636.867
605.023
582.784
574.01
596.953
655.738
711.584
764.637
806.552
819.597
803.873
770.167
730.533
692.637
656.635
622.433
594.039
576.274
578.519
616.479
679.341
739.059
795.791
826.165
826.292
801.63
763.977
724.502
687
651.373
617.641
592.938
580.46
596.537
646.276
699.137
749.355
797.062
815.552
805.101
774.569
735.372
697.138
660.816
626.31
596.234
576.567
573.255
603.105
664.47
722.767
778.148
813.611
820.991
800.355
764.688
725.218
687.511
651.689
617.658
590.924
575.426
583.619
627.121
686.458
742.828
796.379
820.628
815.827
787.409
748.898
710.042
673.129
638.062
606.159
583.751
575.375
597.836
653.884
707.129
757.713
800.519
813.788
799.005
765.781
688.792
688.792
653.085
619.164
590.812
573.129
575.325
611.837
675.687
736.344
793.968
824.244
825.244
800.249
762.723
722.971
685.208
649.332
615.498
590.625
577.891
593.303
642.742
696.986
748.518
797.473
816.794
806.979
776.246
737.434
699.344
663.16
628.784
598.281
578.004
574.137
604.223
666.519
725.7
781.923
817.681
824.822
804.073
768.08
728.479
690.282
653.995
620.098
593.61
578.179
586.755
630.318
689.459
745.643
799.017
824.39
820.18
791.245
752.718
713.392
676.032
640.54
608.513
586.207
577.433
599.547
655.418
708.496
758.919
800.851
814.795
800.59
767.011
727.44
689.239
652.948
618.471
589.971
572.236
573.903
610.312
674.542
735.56
793.528
823.404
824.774
799.872
762.677
723.045
685.396
649.629
615.88
591.085
578.127
592.529
641.75
694.992
745.572
793.623
812.927
803.556
773.239
733.968
695.724
659.392
624.877
594.871
574.787
570.799
600.824
662.355
720.809
776.34
811.496
819.873
800.265
764.866
725.354
687.328
651.204
616.885
590.186
575.027
582.648
625.285
685.44
742.587
796.877
821.927
817.675
789.525
751.098
712.179
675.206
640.082
608.078
585.361
576.506
597.949
654.067
707.38
758.027
801.415
814.676
800.182
767.131
727.736
689.629
653.427
619.035
590.263
572.106
573.301
609.361
674.209
735.816
794.342
824.841
825.864
801.273
763.881
724.2
686.503
650.691
616.811
591.721
578.825
593.174
641.052
694.8
745.86
794.367
814.173
805.272
774.99
736.24
698.055
661.778
627.316
597.089
576.889
572.903
601.768
663.082
721.33
776.666
814.194
822.242
802.568
766.581
726.774
688.886
652.892
618.698
591.557
575.924
583.099
625.729
686.906
745.024
800.236
824.953
820.74
792.762
754.18
715.105
677.984
642.719
610.583
587.82
578.282
599.573
654.322
706.335
755.746
799.288
813.016
798.86
765.932
726.604
689.039
653.352
619.45
590.647
572.58
573.946
609.443
674.957
737.196
796.322
826.592
829.014
804.545
767.255
727.447
689.628
653.701
619.747
594.707
581.535
595.233
643.547
698.819
751.327
801.21
820.999
812.064
781.071
742.017
703.342
666.601
631.697
600.891
580.478
575.641
604.309
664.294
721.279
775.416
811.871
819.852
800.395
765.268
725.904
688.295
652.567
618.625
591.622
575.577
582.377
624.435
683.883
740.359
794.011
820.051
816.661
789.235
751.101
712.218
675.28
640.188
607.776
585.055
575.632
596.601
650.245
701.206
749.619
808.31
808.31
794.333
761.743
722.291
684.799
649.182
615.346
586.763
568.86
568.807
604.277
670.545
733.499
793.306
824.124
826.013
801.859
764.73
725.265
687.355
651.341
617.128
591.784
578.353
591.625
639.277
694.335
746.639
796.329
816.155
806.712
776.451
737.69
699.379
662.984
628.408
597.81
577.082
572.003
600.309
661.265
719.174
774.187
811.461
820.069
800.797
765.608
725.818
687.95
651.976
617.801
590.612
574.549
581.139
622.831
683.363
740.869
795.499
820.873
818.039
790.63
752.535
676.27
676.27
640.973
608.925
585.876
575.94
596.389
650.665
702.228
751.212
794.696
809.68
796.125
763.691
724.63
687.046
651.341
617.421
587.727
569.712
570.243
605.159
670.707
732.978
792.135
825.121
827.478
803.266
765.708
725.975
688.229
652.37
618.373
593.052
579.53
592.225
695.388
695.388
747.024
796.078
816.558
808.193
778.002
739.102
700.737
664.291
629.667
599.011
578.415
573.526
600.986
661.105
718.218
772.475
810.558
819.479
800.781
765.774
726.196
688.428
652.548
618.463
591.285
575.06
580.586
621.373
681.338
738.305
792.423
818.759
815.712
788.119
750.038
711.066
674.043
638.871
606.254
583.278
573.619
594.076
647.442
698.14
746.303
790.877
806.304
792.597
760.576
721.842
684.496
649.018
615.313
586.614
568.18
568.467
602.27
666.821
728.145
786.403
818.584
821.4
797.804
761.17
721.553
683.916
648.161
614.416
589.054
575.265
588.067
635.777
690.761
742.996
792.619
813.251
805.184
775.264
736.689
698.528
662.276
627.836
597.082
576.338
571.143
597.852
656.407
712.034
764.88
803.668
813.34
794.975
760.653
721.388
683.775
648.042
614.096
587.064
570.888
576.883
618.021
679.156
737.234
792.409
818.422
816.572
789.632
751.52
712.502
675.435
640.222
607.65
584.401
573.977
592.748
647.031
698.6
747.59
792.002
807.679
794.806
762.917
723.928
686.41
650.768
616.908
588.158
569.665
569.593
603.568
668.247
729.691
788.064
820.096
823.458
800.04
763.309
723.776
686.048
650.206
616.156
590.798
577.196
589.4
636.244
691.427
743.85
793.652
814.753
806.825
777.446
738.884
700.459
663.954
629.275
598.378
577.656
572.031
598.681
657.455
713.291
766.334
804.495
813.745
795.547
761.181
721.867
684.422
648.85
615.153
588.267
571.616
576.187
616.166
678.069
736.876
792.744
819.103
816.959
790.241
752.25
713.254
676.207
641.012
608.309
585.064
574.811
594.175
647.181
697.537
745.375
789.911
806.799
794.26
762.652
723.561
686.11
650.531
616.732
587.683
569.398
568.863
603.657
666.409
726.022
782.655
815.237
818.368
795.214
758.643
719.115
681.42
645.61
611.59
586.273
572.309
584.195
631.315
686.751
739.415
789.447
811.417
804.348
774.802
736.062
697.857
661.561
627.081
596.266
575.429
569.545
595.995
653.848
708.809
761.022
799.36
809.597
791.935
757.84
718.797
681.309
645.696
611.863
584.923
568.737
574.185
613.911
675.446
733.904
789.44
816.192
814.588
788.145
750.346
711.373
674.348
639.175
606.458
583.336
572.984
591.173
645.041
696.216
744.832
806.148
806.148
794.233
762.454
723.868
686.492
650.984
617.252
588.223
569.591
568.594
666.602
666.602
727.838
786.013
819.295
824.112
801.029
764.176
724.593
686.832
650.96
617.037
591.217
576.877
588.297
634.71
690.152
742.823
792.86
814.312
806.981
777.978
739.079
700.805
664.445
629.903
598.408
577.316
571.261
597.178
655.801
711.494
764.401
803.587
813.803
796.139
762.134
722.99
685.547
649.976
616.183
588.869
572.307
577.044
616.566
678.464
737.266
793.129
820.218
818.636
791.897
754.066
715.045
677.974
642.758
586.334
586.334
575.147
593.147
645.024
695.535
743.521
789.108
805.994
794.027
762.448
723.693
685.999
650.19
616.171
586.949
568.082
600.264
600.264
664.064
724.675
782.255
815.141
819.127
796.747
760.552
720.854
683.03
647.096
612.959
587.421
573.142
584.881
630.229
687.276
741.47
792.954
814.877
807.21
777.985
739.26
700.716
664.099
629.314
597.848
577.034
570.599
595.847
654.174
709.585
762.225
802.198
812.925
795.816
761.595
722.591
685.095
649.474
615.635
588.054
571.084
575.533
615.064
675.591
733.091
787.717
815.698
815.449
789.174
751.503
712.167
674.798
639.298
606.378
583.141
572.602
590.663
642.634
694.504
743.779
790.591
808.064
795.792
765.475
726.536
689.465
654.247
620.79
591.835
573.406
571.612
604.704
667.104
726.384
782.701
814.707
820.447
797.385
761.141
723.084
685.349
649.5
615.444
589.965
576.225
585.76
632.708
690.507
745.416
797.579
819.068
813.236
784.394
745.46
708.187
672.778
639.139
608.167
585.478
578.989
603.272
662.433
718.635
772.028
813.159
824.513
806.674
773.674
734.463
695.644
658.767
625.301
598.232
580.452
584.253
622.269
683.924
742.496
798.14
826.505
825.75
798.327
761.117
721.344
683.406
647.365
613.28
590.275
578.857
596.143
648.25
697.751
744.778
789.39
807.416
796.756
764.879
726.921
689.703
654.346
620.757
590.888
571.938
570.491
602.001
666.807
728.373
786.86
821.653
825.73
804.764
768.604
729.884
691.929
655.871
622.788
596.74
581.261
592.099
636.912
693.633
747.517
798.707
821.945
814.894
785.688
747.562
709.6
673.537
639.277
586.45
586.45
577.901
603.756
661.75
716.845
769.184
807.923
820.144
803.15
768.488
729.946
691.937
655.829
621.526
592.573
576.397
579.271
618.813
683.659
745.263
803.787
831.232
830.601
805.277
766.619
727.594
690.52
655.3
622.535
597.072
585.736
602.491
653.056
706.672
757.607
805.996
823.751
811.308
780.857
740.962
702.728
666.406
631.901
602.669
583.046
580.203
611.606
673.575
732.444
788.371
823.013
829.365
806.067
769.768
729.98
691.805
655.539
621.086
595.153
580.677
589.413
635.502
693.62
748.832
801.284
823.189
818.204
789.141
750.137
712.194
676.147
641.903
610.558
588.002
580.866
604.013
662.109
717.3
769.732
811.301
821.921
805.567
772.619
733.603
695.047
658.418
625.112
597.759
579.652
583.826
620.959
683.316
742.555
798.832
829.204
828.591
801.838
764.563
725.327
686.997
650.584
617.048
593.728
581.249
597.332
648.151
698.898
747.108
792.908
810.83
801.165
768.814
730.374
692.099
655.738
621.196
590.484
571.632
568.981
600.3
664.495
783.416
783.416
816.898
822.8
802.551
766.399
727.395
690.341
655.14
621.823
595.074
579.304
588.849
632.706
690.986
746.351
798.948
822.911
815.668
787.241
748.792
710.581
674.282
639.797
607.807
586.138
577.773
602.273
658.27
711.468
762.005
802.237
814.847
797.911
763.793
725.244
687.38
651.41
617.238
588.685
572.772
574.517
613.729
678.244
739.533
797.758
826.204
827.077
802.208
763.656
725.473
689.2
654.74
622.003
596.466
584.768
600.097
651.039
705.973
758.161
807.74
824.794
813.215
782.707
742.723
704.648
668.478
634.115
604.436
584.057
580.649
611.282
671.919
729.525
784.25
819.79
826.526
804.047
768.849
729.141
690.951
654.67
620.671
594.785
579.968
632.878
632.878
690.753
745.734
797.965
821.19
816.127
786.67
747.781
709.589
673.305
638.836
606.895
584.595
576.603
658.588
658.588
714.038
766.716
809.228
820.367
805.49
772.079
733.193
694.974
658.666
625.451
597.713
579.023
581.911
618.637
680.749
739.755
795.811
827.382
826.273
799.85
763.827
724.846
687.133
651.305
617.95
594.495
581.569
597.404
647.037
698.608
747.601
794.144
813.573
803.414
771.45
733.38
694.942
658.426
623.735
592.835
574.475
570.256
600.74
721.947
721.947
778.044
813.592
819.552
800.089
763.677
725.132
688.217
653.147
619.831
593.016
577.891
586.695
629.433
687.547
742.756
795.204
819.662
813.833
786.093
747.563
708.695
671.77
636.691
604.857
582.65
573.994
598.518
653.911
706.535
756.527
798.653
812.76
796.453
763.467
724.721
687.451
652.044
618.407
589.928
573.467
575.53
613.386
678.606
740.565
799.426
829.13
830.747
805.205
767.059
728.706
691.489
656.132
622.544
597.079
585.03
599.301
650.546
704.502
755.761
804.457
822.189
811.747
781.596
742.516
704.647
668.672
635.238
605.763
584.562
581.392
610.792
671.987
730.123
785.352
821.635
826.959
805.05
770.111
730.112
691.574
654.963
620.721
594.48
578.517
586.662
631.294
689.547
744.888
797.461
820.478
816.797
787.462
749.193
710.255
673.263
638.121
605.375
583.382
575.167
597.133
655.032
710.036
762.29
804.845
816.432
801.739
768.011
729.61
692.428
657.104
624.249
595.609
576.95
580.072
615.021
678.389
738.589
795.779
827.106
827.087
802.175
765.406
726.74
689.141
653.422
620.355
596.543
583.037
597.977
646.245
698.306
747.763
794.748
815.569
805.897
774.318
736.08
697.85
661.532
627.029
595.678
576.781
572.023
602.268
663.203
721.092
776.086
811.309
818.855
799.639
763.228
724.426
687.225
651.883
618.309
590.651
575.632
583.406
626.671
686.804
743.931
798.202
823.007
818.443
791.586
752.802
713.968
677.075
642.027
611.173
588.094
578.586
601.078
656.217
708.6
758.364
801.471
815.861
799.708
767.209
727.914
690.157
654.287
620.211
592.094
574.848
575.752
612.559
676.626
795.309
795.309
824.179
827.21
801.841
763.976
725.777
688.579
653.24
619.668
594.31
581.952
595.331
646.258
700.385
751.806
800.655
818.444
810.04
779.794
740.805
703.102
667.284
633.92
604.116
582.661
579.646
604.67
664.53
721.398
775.422
813.156
820.418
800.011
765.612
726.48
688.037
651.517
618.089
592.427
576.39
584.173
626.95
685.962
742.023
795.282
820.687
817.251
788
750.649
711.395
674.104
638.678
605.391
583.506
574.319
596.335
651.147
703.219
752.687
795.747
809.026
795.595
762.188
724.078
687.874
653.481
620.807
591.581
573.524
575.583
610.602
676.659
739.413
799.029
830.03
830.5
806.604
769.181
729.823
692.274
656.603
622.874
597.757
584.092
598.641
647.109
699.551
749.37
796.698
817.111
807.357
776.57
738.329
700.066
663.717
598.093
598.093
578.835
573.846
602.963
663.748
721.493
776.351
813.302
821.795
802.149
766.185
727.876
690.134
654.279
620.216
592.482
577.877
583.915
627.419
688.433
746.397
801.463
825.555
821.588
794.724
756.13
718.323
682.407
648.287
616.558
592.956
583.807
604.804
659.782
712.012
761.631
806.239
821.019
805.475
773.198
733.45
695.3
659.058
624.627
596.502
578.287
578.807
614.901
679.487
740.844
799.133
829.372
832.103
806.477
769.333
729.819
691.685
655.459
621.043
595.733
583.129
596.379
644.868
698.631
749.706
798.227
818.107
810.219
779.461
739.984
702.428
666.75
632.908
602.277
580.996
576.909
604.159
665.228
723.244
778.359
816.808
824.193
804.714
770.302
731.787
693.023
656.198
623.388
597.452
580.267
587.519
628.713
690.398
748.998
804.668
831.152
827.737
798.832
761.255
721.728
684.177
648.504
614.662
592.61
582.341
603.339
658.585
711.068
760.927
803.581
817.835
804.382
770.74
732.01
694.154
658.19
624.025
594.213
576.495
577.2
612.108
678.762
742.083
802.239
833.158
834.307
811.111
773.663
734.193
696.695
661.073
628.019
602.445
588.731
602.221
648.91
703.355
755.079
804.216
825.693
815.64
785.19
746.324
707.974
671.541
636.929
605.757
585.668
579.596
608.312
667.664
724.049
777.614
813.268
823.1
804.411
768.563
729.894
691.612
655.244
620.694
592.661
577.605
583.802
626.638
687.802
745.908
801.108
825.95
823.087
796.425
757.306
718.927
682.468
647.831
616.164
592.128
583.049
603.153
657.448
709.029
758.03
803.251
817.713
803.206
771.687
732.184
694.252
658.216
624.387
596.64
578.066
578.066
612.182
676.426
737.458
795.438
827.278
830.11
804.343
767.693
727.595
689.424
653.16
618.79
593.681
580.326
592.902
642.021
697.881
750.949
801.363
820.503
813.073
782.484
743.359
705.432
669.401
635.172
604.073
583.013
578.185
604.728
664.776
721.822
776.015
814.362
822.351
803.827
769.488
731.013
692.52
655.951
623.153
596.591
579.655
586.645
626.968
687.827
745.643
800.568
827.531
823.785
795.724
758.25
719.264
681.88
646.366
612.974
590.962
580.394
600.519
654.828
706.423
755.437
800.367
802.095
802.095
768.466
730.042
692.066
655.988
621.714
591.578
573.818
573.154
608.388
674.031
736.393
795.637
825.721
827.793
805.545
767.792
728.345
690.87
655.269
622.506
596.436
582.769
595.433
642.079
695.537
746.322
794.567
815.994
807.007
777.747
738.985
700.947
664.811
630.482
600.175
579.901
573.693
601.308
659.412
714.61
767.048
805.108
816.308
797.046
762.124
723.457
685.508
649.456
615.206
587.909
572.484
577.285
619.175
680.206
738.185
793.266
818.703
817.06
789.665
751.094
713.539
677.862
643.969
611.771
587.738
578.513
597.219
651.867
703.783
753.104
798.963
814.085
800.779
769.591
731.112
693.078
656.946
624.099
596.001
576.916
577.26
611.088
675.818
737.311
795.729
828.282
831.665
806.769
770.664
730.41
692.03
655.569
621.07
596.062
581.925
594.224
641.911
697.072
749.475
799.258
819.987
812.936
782.157
743.707
705.36
668.93
634.322
602.606
581.161
575.61
601.552
661.98
719.386
773.922
812.438
821.098
803.657
769.294
730.83
693.184
657.421
624.55
597.41
580.385
586.089
625.414
685.943
743.447
798.075
824.837
821.69
794.437
756.767
717.843
680.837
645.681
612.312
590.001
578.887
598.596
651.59
701.935
749.763
793.82
810.716
797.686
765.039
727.04
688.885
652.638
618.203
588.307
570.653
569.618
604.125
668.107
728.888
786.631
818.33
821.547
799.426
762.282
723.512
686.68
651.69
618.601
592.46
578.962
590.245
636.31
692.637
746.148
796.984
818.737
810.282
781.761
742.673
703.984
667.23
632.314
602.105
581.039
574.97
601.615
659.675
714.832
767.231
806.07
816.949
797.957
764.193
724.87
687.14
651.298
617.247
589.78
573.493
577.343
618.908
680.855
739.704
795.612
822.525
821.716
794.789
756.318
717.918
681.439
646.783
614.444
590.181
580.244
597.689
651.574
702.765
751.396
797.475
812.838
800.853
769.896
731.401
693.573
657.636
624.754
596.255
576.649
576.497
608.518
672.857
733.978
792.043
826.237
829.582
805.635
769.826
730.268
691.458
654.589
620.793
596.388
581.471
592.626
638.778
694.142
746.738
796.704
819.063
812.567
782
743.962
705.272
668.516
633.598
601.414
580.661
574.094
599.482
660.037
717.563
772.214
811.116
820.069
803.6
768.891
729.559
692.183
656.676
622.945
594.861
577.669
583.314
623.05
684.854
743.568
799.346
826.344
824
798.171
760.211
721.637
684.992
650.18
617.242
594.166
582.692
601.75
652.869
702.799
750.233
795.295
812.76
799.203
766.919
728.573
690.529
654.388
620.054
590.084
572.26
570.308
605.064
669.439
730.595
788.693
821.035
825.976
803.783
766.375
727.577
690.304
654.896
621.257
594.233
580.746
591.19
637.185
694.375
748.705
800.318
821.298
814.155
785.787
746.229
707.937
671.56
637.001
606.477
584.585
578.351
603.678
661.092
715.635
767.451
807.225
818.085
799.186
765.447
725.611
687.535
651.362
616.998
590.122
573.904
577.88
618.158
680.204
739.148
795.144
822.135
821.704
794.38
756.587
718.126
681.383
646.478
613.318
589.444
578.924
595.975
649.153
700.768
749.802
796.384
812.332
801.491
770.269
731.756
693.874
657.887
624.992
596.054
576.381
575.659
607.154
671.287
732.213
790.093
824.205
827.768
805.218
769.565
730.506
691.762
654.956
621.628
596.849
581.177
592.512
638.214
694.174
747.337
797.841
820.615
814.491
784.009
746.221
707.05
669.838
634.487
602.003
581.36
574.389
600.081
658.628
714.247
767.085
807.337
818.413
801.978
767.173
728.295
690.827
655.231
621.416
592.902
576.147
580.859
619.336
681.459
740.475
796.541
824.936
823.387
798.045
759.978
721.501
684.947
650.222
617.711
593.98
582.237
600.664
651.599
702.428
750.715
796.588
815.218
802.862
770.227
731.715
693.649
657.486
623.132
593.155
574.752
572.086
606.415
669.11
728.67
785.251
818.364
825.187
802.85
766.023
727.348
689.899
654.322
620.524
593.521
579.73
589.578
635.921
694.184
749.535
802.118
824.062
817.632
789.441
749.736
711.465
675.107
640.568
609.674
587.327
580.797
606.179
663.134
717.241
768.643
809.812
821.122
803.274
769.663
729.88
691.858
655.737
621.65
594.887
577.399
580.651
620.38
682.834
742.165
798.529
825.95
826.382
799.323
761.685
722.156
684.501
648.729
614.746
590.789
579.31
596.053
649.477
701.306
750.543
797.319
813.398
802.931
771.494
732.279
694.821
659.236
625.634
595.969
575.924
574.702
605.434
668.506
728.424
785.347
819.842
823.058
801.572
766.272
727.413
689.201
652.9
619.709
594.363
579.023
589.776
632.819
689.082
742.531
793.307
816.634
810.478
780.901
743.428
704.78
668.065
633.185
600.898
580.628
572.126
596.989
655.11
710.326
762.78
801.464
813.435
797.741
763.117
724.716
687.144
651.451
617.542
588.821
572.48
575.522
613.669
679.224
741.5
800.663
828.636
827.635
802.638
764.364
725.205
688.005
652.664
620.031
595.633
584.043
601.01
650.723
701.962
750.638
796.881
815.684
804.039
773.165
734.507
696.646
660.678
626.509
596.598
577.725
574.846
607.565
669.256
727.862
783.537
817.844
824.852
802.376
766.527
727.582
689.748
653.806
619.661
592.762
578.852
587.603
633.243
691.115
746.093
798.323
819.759
815.027
786.781
747.766
709.756
673.646
639.341
608.507
585.757
578.643
601.69
659.035
713.513
765.267
807.174
818.702
802.042
769.427
730.322
691.958
655.511
622.102
595.11
577.215
580.898
619.443
683.872
745.08
803.227
831.989
832.398
804.74
767.412
727.367
688.944
652.443
617.766
594.765
582.364
597.434
648.501
700.538
749.972
796.935
814.538
805
773.415
734.744
697.316
661.76
627.981
597.834
578.307
575.732
606.502
669.454
729.258
786.072
820.461
825.631
804.472
769.03
729.864
692.029
656.085
622.566
596.176
580.68
590.76
634.705
691.847
746.133
797.704
822.674
816.252
787.009
749.17
710.757
674.264
639.596
606.965
585.83
576.792
600.846
655.929
708.257
757.968
797.194
810.145
794.611
760.3
722.285
684.659
648.915
614.957
586.235
569.962
572.197
610.59
674.969
736.129
794.231
822.279
822.648
798.44
760.139
721.298
684.4
649.346
616.879
591.487
579.551
645.464
645.464
698.577
749.034
796.968
815.124
803.656
773.597
734.354
696.347
660.24
625.938
596.676
576.969
573.865
604.97
666.92
725.773
816.254
816.254
823.297
801.233
765.388
726.049
688.216
652.275
618.131
591.809
577.234
585.274
630.076
688.799
744.587
797.585
819.757
815.471
787.059
748.132
710.725
641.429
641.429
609.92
587.02
579.432
601.192
658.472
712.889
806.389
806.389
817.946
802.117
769.215
730.204
691.837
655.388
622.069
594.647
576.208
579.21
615.822
678.654
738.344
795.05
825.289
825.73
799.247
762.366
722.999
684.958
648.82
615.131
591.405
578.434
593.759
644.636
696.45
745.673
792.434
810.403
800.783
768.794
730.923
693.122
657.21
623.094
592.349
573.03
569.488
599.002
661.452
720.78
777.141
810.436
817.014
797.521
761.928
723.132
685.995
650.715
617.479
590.93
575.199
584.243
625.87
683.436
738.124
790.077
814.94
809.133
781.423
743.918
705.79
669.568
635.157
603.399
581.857
572.489
595.733
651.299
704.087
754.236
794.875
808
792.159
757.981
719.628
681.487
645.252
610.83
582.47
566.292
567.539
605.614
669.62
730.425
788.191
816.636
818.386
794.821
756.604
718.3
681.911
647.341
614.974
589.629
578.212
593.021
643.256
696.349
746.787
794.704
813.863
803.107
733.949
733.949
659.871
659.871
625.586
596.351
576.206
573.257
603.383
663.745
721.089
775.566
812.288
819.923
798.165
763.004
723.446
685.812
650.06
616.149
589.906
574.658
582.292
626.84
686.522
743.219
797.081
820.836
817.53
788.84
750.143
711.995
675.755
641.327
609.26
586.541
578.158
599.226
654.766
707.53
757.656
800.308
813.039
798.672
766.16
727.852
689.924
653.891
621.197
593.519
574.94
577.789
613.467
676.731
736.831
793.926
825.379
825.759
800.375
763.868
724.699
686.342
649.903
616.433
592.665
579.275
594.474
643.774
695.701
745.032
791.897
811.435
802.632
770.689
732.706
694.242
657.701
622.987
591.838
572.632
567.744
597.281
660.316
720.199
777.088
813.364
820.808
801.726
765.708
689.054
689.054
653.577
620.073
593.008
577.553
585.71
627.577
687.019
743.489
797.136
822.943
817.509
790.072
751.781
713.315
676.772
642.056
609.953
587.927
578.583
653.926
653.926
706.183
755.827
799.029
813.679
798.147
764.886
726.316
688.49
652.556
618.418
589.844
572.79
573.484
611.243
676.352
738.206
796.966
825.088
826.994
802.389
764.043
725.364
688.442
653.366
620.044
594.263
582.381
595.584
646.306
701.461
753.859
803.637
822.404
812.697
782.429
742.609
704.581
668.454
634.334
604.777
583.414
579.383
607.215
668.157
726.053
781.053
817.595
825.254
803.606
768.95
728.995
690.766
654.449
620.219
593.947
577.939
585.078
628.142
686.062
741.087
793.36
818.477
815.598
787.167
748.708
710.006
673.24
638.311
605.38
582.934
574.391
594.111
650.009
703.111
753.559
796.476
809.409
796.04
763.507
725.331
688.105
652.74
620.103
591.991
573.409
575.232
610.061
673.689
734.136
791.56
822.963
823.294
798.633
762.01
723.326
685.578
649.719
616.649
592.449
578.72
593.47
641.586
694.809
745.371
793.405
813.784
805.244
774.031
736.187
697.866
661.461
626.876
595.532
576.108
571.042
599.225
659.982
717.702
772.535
808.635
816.52
797.685
761.818
723.21
650.881
650.881
617.406
589.783
574.168
581.385
623.245
682.98
739.729
793.64
818.576
813.865
787.258
748.96
710.506
673.975
639.27
607.899
585.161
575.629
597.102
650.347
700.929
792.089
792.089
807.162
791.91
759.635
720.964
683.826
648.544
615.027
586.668
569.224
569.186
605.974
670.809
732.403
790.916
820.618
822.98
798.27
721.947
721.947
685.062
650.022
616.734
591.13
578.638
590.476
639.554
694.801
747.286
797.146
816.055
807.18
777.694
738.81
700.822
664.734
601.682
601.682
580.104
576.021
604.021
664.513
721.98
776.573
822.604
822.604
802.416
768.08
728.652
690.366
653.994
620.271
594.408
577.886
584.357
626.647
685.915
742.219
795.708
821.418
818.806
790.184
752.581
713.312
676.007
640.567
607.241
584.784
575.101
595.291
651.253
704.418
754.925
797.435
812.955
800.34
767.364
728.471
691.358
656.1
622.77
593.812
575.289
576.163
609.485
674.375
736.021
794.584
825.983
827.287
803.834
767.048
727.694
690.252
654.682
620.946
596.135
581.779
595.386
642.425
696.13
747.15
795.618
816.871
807.685
776.81
738.712
700.396
663.997
629.417
597.946
578.433
572.41
601.388
661.433
718.476
772.666
809.334
819.019
800.189
764.36
725.051
687.324
651.483
617.434
589.088
574.2
580.34
620.165
680.912
738.622
793.447
818.865
815.607
789.398
750.71
712.826
676.837
642.648
611.117
588.121
578.557
598.633
652.654
703.973
752.727
796.591
811.726
796.43
764.756
725.705
687.654
651.506
617.165
588.844
570.556
570.657
606.717
670.559
731.21
788.828
819.675
823.589
799.163
762.157
723.002
685.273
649.43
615.38
589.725
576.893
589.719
638.135
692.433
744.015
793.019
812.078
805.258
775.71
736.925
699.657
664.252
631.039
600.754
579.48
575.062
601.497
659.68
714.954
767.464
806.985
815.66
796.953
763.365
724.659
686.395
650.043
617.004
591.192
574.116
580.109
621.43
681.413
738.396
792.53
819.419
816.412
788.295
750.994
711.542
674.063
638.457
605.25
583.204
573.046
592.782
647.386
699.26
748.54
793.177
808.802
796.516
763.707
725.521
688.137
652.622
618.883
589.314
571.198
571.486
605.304
671.272
733.942
793.478
825.144
826.978
804.794
767.654
728.407
690.884
655.237
621.61
596.134
581.479
595.161
642.606
698.591
751.777
802.304
824.092
815.057
785.086
746.62
708.206
671.714
637.045
605.385
585.348
579.037
606.665
665.703
721.788
775.07
812.055
822.117
803.426
767.74
728.868
690.87
654.772
620.479
592.001
576.906
582.175
623.688
684.543
742.354
797.275
822.94
821.079
795.132
756.135
718.328
682.412
648.291
616.315
592.266
582.538
601.741
654.923
705.446
753.443
798.238
813.801
800.429
769.091
729.447
691.755
655.948
621.931
593.889
575.102
575.084
609.368
672.75
732.964
790.167
822.6
826.003
801.536
765.324
725.653
687.603
651.456
617.478
591.825
578.444
590.128
638.749
694.712
747.877
798.384
819.937
813.447
783.318
743.982
706.313
670.526
636.529
605.245
583.639
578.451
604.16
664.205
721.248
775.438
814.883
823.125
805.178
770.786
732.247
693.595
656.876
624.032
597.633
580.059
586.055
625.61
686.813
744.956
800.192
827.416
824.784
797.031
759.912
720.585
683.224
647.731
614.013
591.398
580.165
599.34
652.049
702.123
749.694
793.984
810.467
798.161
765.466
727.193
689.277
653.257
619.038
588.776
571.247
570.099
604.101
670.525
733.628
793.575
824.668
827.813
806.068
768.723
729.487
692.212
656.801
623.23
597.403
583.317
595.077
640.363
695.623
748.12
797.993
819.944
811.313
782.14
743.554
705.379
669.113
634.661
603.857
582.962
575.99
603.031
660.263
714.635
766.288
804.93
815.872
797.293
762.711
724.172
686.385
650.487
616.384
588.453
572.927
577.005
617.446
679.39
738.236
794.14
819.403
818.653
792.67
753.869
715.909
679.846
645.587
613.308
589.058
578.934
596.876
650.448
702.771
752.477
799.699
815.216
802.648
771.584
732.374
694.746
658.999
625.418
597.106
577.39
576.847
609.761
673.658
734.36
792.027
824.977
828.694
804.455
768.63
728.416
690.106
653.711
619.242
594.15
579.632
591.558
638.333
694.305
747.477
797.991
819.566
813.196
783.017
744.471
706.258
669.956
635.468
603.695
582.129
575.89
601.366
660.863
717.384
771.08
810.759
820.418
803.764
769.284
730.819
692.701
656.488
623.664
596.328
578.795
583.672
622.11
682.653
740.17
794.81
823.212
821.497
794.487
757.126
718.57
681.425
646.138
613.131
590.351
578.349
597.513
649.524
698.934
745.873
790.281
807.77
795.854
762.865
724.594
686.143
649.614
614.912
584.166
566.343
564.6
598.365
663.109
724.615
783.046
816.264
820.747
799.484
762.628
723.81
686.933
651.901
618.772
592.607
578.668
589.636
634.382
690.615
744.037
794.787
816.939
809.753
781.48
742.762
704.672
668.486
634.109
603.688
582.419
575.258
601.129
658.836
713.658
765.738
803.842
816.151
798.178
764.317
725.414
687.651
651.776
617.696
590.111
574.001
577.723
618.41
681.045
740.548
797.076
822.245
822.37
796.147
757.63
719.203
682.698
648.018
615.617
590.524
580.199
595.875
649.354
701.68
751.39
798.614
814.792
803.367
772.604
733.974
695.817
659.568
626.59
597.897
578.065
577.187
608.479
672.075
732.491
789.887
823.903
828.54
805.225
769.181
729.578
691.058
654.465
620.598
595.788
579.935
590.313
637.464
693.093
745.94
796.146
818.704
813.015
782.879
744.791
706.135
669.413
634.526
602.342
581.195
574.182
598.901
659.645
717.353
772.175
812.945
822.878
806.763
772.345
733.248
695.528
659.695
626.23
598.183
580.911
585.368
623.009
685.435
744.74
801.08
829.815
827.289
801.138
763.673
724.875
687.464
651.923
618.712
595.521
583.187
600.952
651.263
702.126
750.446
796.35
813.666
801.593
769.497
731.294
693.155
656.923
622.502
592.362
574.463
571.984
605.127
668.361
728.434
785.504
818.466
824.37
803.216
766.054
727.147
690.15
655.002
621.613
594.286
580.434
590.332
635.712
693.823
749.028
801.473
822.861
816.567
788.476
749.052
710.397
673.675
638.789
607.766
578.25
578.25
602.476
660.304
715.24
767.43
807.353
818.615
801.73
767.737
728.279
690.295
654.211
619.931
592.197
575.031
578.44
617.237
678.744
737.176
792.685
820.646
820.297
794.418
756.346
716.906
679.438
643.843
610.912
587.12
575.487
591.79
645.292
697.193
746.5
793.341
810.363
799.312
768.005
728.84
691.001
655.054
620.905
591.173
572.478
570.83
602.825
666.908
727.788
785.624
819.462
823.5
801.077
764.846
724.899
686.938
650.875
616.615
590.615
575.758
585.552
631.84
689.799
744.859
797.167
820.123
813.196
784.266
745.501
706.916
670.26
635.438
603.666
581.914
574.399
598.794
656.582
711.48
763.634
804.013
814.874
798.184
763.906
725.209
688.084
652.815
619.309
591.355
573.774
577.33
615.922
680.179
741.222
799.214
827.002
826.169
800.102
762.094
722.389
684.669
648.836
615.256
590.919
579.394
596.426
648.118
699.898
795.82
795.82
813.273
802.135
732.099
732.099
694.223
658.241
624.058
594.461
575.276
573.029
604.297
667.403
727.354
784.307
818.547
824.159
802.367
766.214
726.574
688.704
652.727
618.549
592.396
577.451
586.991
632.338
689.829
744.446
796.332
818.395
812.74
784.023
745.358
706.57
669.721
634.715
602.979
580.923
573.335
597.026
654.707
709.504
761.562
801.502
814.179
797.84
764.425
725.073
687.634
652.068
618.28
590.414
573.069
576.573
615.158
677.515
736.754
793.031
821.043
821.439
795.815
758.476
719.05
681.596
646.015
612.743
588.855
576.972
593.28
643.94
696.707
746.835
794.457
811.928
801.044
769.945
731.448
693.469
657.388
623.112
593.437
574.053
570.713
602.533
662.628
719.718
773.953
807.98
815.425
794.965
758.781
720.363
683.609
648.693
615.523
588.573
574.568
583.359
628.726
687.889
744.094
797.489
819.475
814.012
786.64
747.352
709.33
673.209
638.894
608.146
585.351
578.113
601.237
657.499
710.949
761.726
803.201
816.396
799.566
767.065
727.484
689.523
653.459
619.559
592.498
574.724
577.524
615.232
678.792
739.173
796.536
826.12
827.188
800.5
763.276
724.042
686.193
650.237
616.078
591.776
579.612
594.456
646.554
698.841
748.513
795.701
813.378
804.049
772.84
734.198
697.153
661.961
628.863
598.982
578.712
576.086
605.538
668.694
728.693
785.692
821.799
827.854
807.065
771.941
732.791
694.152
657.444
624.019
598.378
581.984
591.42
634.584
692.394
747.313
799.487
824.765
819.421
789.749
752.004
712.99
675.927
640.717
607.721
586.443
577.472
601.231
657.112
710.2
760.633
800.994
813.951
799.062
764.838
726.488
688.592
652.591
618.39
589.426
572.639
574.703
612.286
676.916
738.314
796.642
825.902
825.929
802.334
764.036
724.802
687.53
652.121
618.99
594.387
581.631
597.25
645.677
698.511
748.703
796.386
815.847
804.618
773.936
734.968
697.323
661.56
627.585
597.587
578.066
574.186
604.062
665.678
724.214
779.822
813.538
821.155
799.573
763.643
725.461
687.833
652.086
618.127
591.189
576.652
584.544
629.282
689.429
746.569
800.853
824.058
818.826
790.761
751.535
713.491
677.349
643.013
611.535
588.249
580.18
603.167
659.838
713.674
764.819
807.199
819.748
803.589
771.195
731.987
693.536
657.008
623.51
595.969
577.502
579.244
616.608
681.114
742.395
800.611
830.256
831.038
804.648
767.598
727.79
689.602
653.323
619.229
594.978
582.403
647.94
647.94
700.089
749.631
796.696
813.5
804.559
773.642
734.96
697.181
661.291
627.196
596.822
576.723
572.49
601.33
664.292
724.106
780.929
818.008
824.598
805.219
769.975
731.477
693.068
656.579
623.75
597.53
581.287
589.634
631.108
689.652
745.269
798.105
823.635
818.652
789.917
752.152
713.913
677.586
643.076
610.378
588.996
579.075
601.534
657.607
710.876
761.482
803.292
817.345
802.606
768.495
730.07
691.951
655.739
621.337
591.744
574.774
575.881
613.277
678.479
740.422
799.267
828.828
829.941
806.331
768.183
728.903
691.588
656.138
623.157
597.664
585.298
599.757
649.057
702.299
752.878
800.929
820.168
809.518
779.633
740.652
702.385
666.032
631.497
601.59
581.457
576.827
605.786
667.028
725.208
780.479
816.754
824.882
803.657
768.008
728.581
690.533
654.387
620.048
592.882
577.286
584.386
629.043
688.887
745.738
799.746
822.498
819.313
791.551
752.727
714.6
678.378
643.968
612.179
588.813
580.564
601.411
657.802
711.374
762.267
806.384
819.638
804.381
772.25
732.9
694.402
657.829
624.2
596.654
578.028
580.033
615.966
681.03
742.841
801.562
831.806
833.671
807.291
770.507
730.571
691.927
655.216
621.044
596.17
583.041
595.872
646.799
700.542
751.598
800.101
819.508
811.049
779.263
740.694
702.119
665.472
630.658
599.125
579.087
574.177
602.69
665.126
724.441
780.79
817.562
825.795
807.302
771.734
732.481
694.668
658.746
625.142
598.032
581.566
589.324
630.693
690.115
746.565
800.193
825.898
821.09
793.391
755.408
716.968
680.45
645.758
613.47
591.454
581.3
602.981
657.274
708.853
757.852
800.291
815.215
800.553
766.975
728.626
690.32
653.929
619.358
589.934
572.996
572.611
608.468
673.61
735.495
794.286
824.576
826.811
803.138
765.05
726.343
689.571
654.637
621.605
595.513
582.712
596.125
644.692
699.14
750.865
800.004
819.91
809.865
780.319
740.689
702.346
665.921
631.317
601.279
580.346
576.251
605.061
664.586
721.135
774.857
811.854
820.987
800.396
765.527
725.906
688.086
652.157
618.025
591.084
575.603
581.593
625.226
685.631
743.015
797.53
821.835
819.449
791.428
752.967
714.602
678.154
643.53
611.353
588.14
579.286
599.574
654.301
706.291
755.682
800.034
813.27
799.988
768.048
729.646
691.846
655.936
623.139
595.206
576.064
577.597
611.86
676.949
738.783
797.526
829.414
831.143
806.444
769.95
730.758
692.062
655.3
621.84
597.9
583.724
597.381
645.724
699.329
750.253
798.631
818.859
810.974
779.581
741.218
702.437
665.594
630.594
599.064
579.279
573.986
602.447
663.826
722.137
777.531
814.59
822.525
804.515
768.902
729.457
691.984
656.385
622.602
594.973
578.712
585.973
626.839
687.525
745.177
799.946
826.737
822.428
795.603
757.58
718.938
682.227
647.352
614.984
592.529
582.004
602.802
656.082
706.699
754.784
798.643
814.513
800.288
767.279
728.599
690.776
654.844
620.709
591.426
573.948
573.536
609.593
674.532
736.225
794.833
824.783
828.153
804.257
766.024
727.041
689.753
654.329
620.677
594.062
581.551
593.907
641.496
697.734
751.159
801.913
821.348
812.942
783.823
744.117
706.163
670.107
635.854
606.044
579.758
579.758
607.215
666.552
722.922
776.473
814.978
824.271
804.184
770.13
730.173
692.048
655.829
621.587
595.162
578.89
584.904
627.036
686.181
742.368
795.746
821.475
819.823
791.774
753.614
714.854
678.032
643.051
609.843
586.782
577.095
596.42
651.972
704.747
754.883
799.686
814.343
801.933
769.699
731.214
693.384
657.446
624.574
595.993
576.877
577.783
611.556
675.498
736.242
793.95
826.404
828.825
804.856
768.382
729.269
690.98
654.606
621.182
596.713
582.143
594.981
694.924
694.924
745.24
793.041
815.083
807.02
776.118
738.125
699.264
662.346
627.274
595.91
576.226
570.104
597.991
658.485
715.955
770.551
808.079
817.508
799.793
764.324
725.689
688.327
652.834
619.115
591.083
575.363
581.227
622.054
684.278
743.391
799.548
824.982
821.813
795.766
757.073
717.748
680.389
644.899
613.157
589.81
579.406
599.488
652.425
702.715
750.491
794.464
811.347
796.529
764.367
725.737
688.063
652.273
618.273
589.135
571.658
570.969
607.111
671.974
733.595
792.135
823.099
827.658
803.934
766.479
727.753
690.267
654.654
620.823
594.63
581.698
593.02
640.907
697.617
751.491
802.671
822.625
815.606
786.452
747.129
709.416
673.588
639.909
609.838
587.693
582.474
608.18
667.816
724.47
778.291
818.622
828.283
809.071
775.143
735.482
696.845
660.14
626.23
599.635
582.393
587.598
628.187
688.159
745.133
799.259
826.05
824.115
795.916
758.134
718.511
680.869
645.11
611.495
588.283
578.675
597.679
652.2
703.996
753.202
796.863
811.705
800.018
767.685
729.3
692.02
656.603
622.958
593.705
574.65
575.573
607.645
671.919
732.979
790.986
824.388
826.83
804.155
767.914
729.021
691.308
655.482
622.21
597.337
582.31
594.637
640.615
694.706
746.093
794.911
817.403
809.69
779.564
741.553
703.518
667.384
633.057
601.404
581.588
574.651
601.019
660.941
717.867
771.947
809.365
819.339
801.837
766.41
727.459
689.648
653.727
619.603
590.961
575.404
579.561
619.894
681.304
739.644
795.067
822.679
820.624
795.14
756.756
717.847
680.884
645.769
614.026
590.157
579.773
598.612
650.919
702.389
751.286
797.737
815.723
801.716
770.599
731.306
692.903
656.419
621.76
592.702
574.318
572.812
606.751
670.35
730.77
788.168
820.252
825.085
801.546
764.708
725.588
687.701
651.708
617.515
591.544
578.055
588.617
636.4
693.475
747.697
799.207
819.308
813.64
784.562
745.039
707.25
671.35
637.245
606.335
584.232
578.466
603.265
661.765
717.34
770.136
809.958
819.391
801.487
768.106
729.051
690.608
654.087
620.733
594.38
576.915
582.319
621.165
682.044
739.879
794.822
821.994
820.321
792.373
755.311
677.962
677.962
642.081
608.162
585.768
574.954
593.025
644.908
694.339
741.298
785.91
801.807
792.053
759.668
721.569
684.488
649.26
615.794
586.153
568.045
567.224
600.069
665.911
728.462
787.884
820.581
824.425
803.022
766.483
726.792
688.805
652.716
618.714
592.673
578.393
589.23
635.435
690.823
743.441
793.428
815.239
808.412
779.005
740.176
701.531
664.818
629.941
598.969
578.064
571.579
596.882
654.295
708.838
760.653
800.272
811.066
793.582
759.322
720.062
682.625
647.06
613.413
586.262
569.711
574.55
614.665
676.024
734.314
789.69
816.472
789.518
789.518
751.459
712.49
675.469
640.299
607.467
583.804
572.832
591.015
644.036
694.824
743.073
788.909
805.845
794.058
762.868
724.073
686.318
